policy,mesh,trial,selected_windows,budget_cap_cells,local_cell_count,local_budget_fraction,unused_budget_cells,tomo_best_vss,local_best_yaw,local_best_pitch,local_best_vss,local_best_ratio,first_seed_yaw,first_seed_pitch
Uniform matched local,Group_C1_Bunny_69k.ply,0,10,4078,4078,0.031291963689658614,0,4440.337173209703,273.00001101201167,51.999999170302104,5194.7477435277515,1.1698993884675477,0.0,356.0000053531431
Random matched local,Group_C1_Bunny_69k.ply,0,10,4078,4018,0.03083156206597555,60,4440.337173209703,273.00001101201167,51.999999170302104,5194.7477435277515,1.1698993884675477,300.99998902388546,166.99999667864435
Random matched local,Group_C1_Bunny_69k.ply,1,11,4078,4060,0.031153843202553693,18,4440.337173209703,299.99999468788224,42.00000116875648,4463.789876827524,1.0052817393596414,142.00000167478026,18.000000500895634
Random matched local,Group_C1_Bunny_69k.ply,2,10,4078,4058,0.03113849648176426,20,4440.337173209703,299.99999468788224,42.00000116875648,4463.789876827524,1.0052817393596414,232.9999916850725,264.0000073464693
Random matched local,Group_C1_Bunny_69k.ply,3,10,4078,4074,0.031261270248079745,4,4440.337173209703,302.00001068064535,31.999999752116263,5546.727456337164,1.2491680789023742,326.0000113485062,164.99999434625954
Random matched local,Group_C1_Bunny_69k.ply,4,12,4078,4068,0.031215230085711435,10,4440.337173209703,130.00000134084985,147.00000067555308,6144.694060333504,1.3838350153692958,51.999999170302104,319.99999069097345
Random matched local,Group_C1_Bunny_69k.ply,5,10,4078,4055,0.031115476400580107,23,4440.337173209703,261.99999135370615,195.00000201127477,6695.3523099915055,1.5078477261562915,236.9999963498421,202.9999976804356
Random matched local,Group_C1_Bunny_69k.ply,6,10,4078,4046,0.031046416157027648,32,4440.337173209703,212.99999568198123,158.00000667348027,6353.3546510806755,1.4308270753430523,232.9999916850725,264.0000073464693
Random matched local,Group_C1_Bunny_69k.ply,7,11,4078,4073,0.031253596887685024,5,4440.337173209703,212.99999568198123,159.99999534548672,6601.909960597015,1.4868037500460392,205.0000000128204,169.99999334703236
Random matched local,Group_C1_Bunny_69k.ply,8,12,4078,4063,0.03117686328373785,15,4440.337173209703,226.00000401229323,245.00000567938125,5569.34865053035,1.2542625555852867,62.99999833804013,51.999999170302104
Random matched local,Group_C1_Bunny_69k.ply,9,12,4078,4053,0.031100129679790672,25,4440.337173209703,302.00001068064535,31.999999752116263,5546.727456337164,1.2491680789023742,307.0000096814182,7.000000052497138
Random matched local,Group_C1_Bunny_69k.ply,10,11,4078,4061,0.03116151656294841,17,4440.337173209703,54.0000015026869,127.00000467246183,4527.99146825617,1.0197404592550583,176.99999468018999,178.99999701257477
Random matched local,Group_C1_Bunny_69k.ply,11,10,4078,4040,0.03100037599465934,38,4440.337173209703,229.00000068068124,54.0000015026869,4568.393565406484,1.028839339717127,224.99999601591168,176.00000034418676
Random matched local,Group_C1_Bunny_69k.ply,12,11,4078,4064,0.031184536644132566,14,4440.337173209703,71.00000083739013,130.00000134084985,5216.898504367545,1.1748879197379742,92.99999917286618,24.000000667860846
Random matched local,Group_C1_Bunny_69k.ply,13,11,4078,4049,0.0310694362382118,29,4440.337173209703,303.0000050166486,34.99999983559887,5008.655146133801,1.1279898239153963,176.99999468018999,334.9999876932919
Random matched local,Group_C1_Bunny_69k.ply,14,10,4078,4069,0.031222903446106152,9,4440.337173209703,221.00000501152041,190.00000301050196,7868.192412636497,1.7719808441819216,171.99999567941717,180.99999934495955
Random matched local,Group_C1_Bunny_69k.ply,15,10,4078,4076,0.03127661696886918,2,4440.337173209703,59.00000050345972,127.99999900846505,4631.5493662495255,1.043062539077771,152.99999401232913,159.99999534548672
Random matched local,Group_C1_Bunny_69k.ply,16,10,4078,4051,0.031084782959001234,27,4440.337173209703,261.99999135370615,195.00000201127477,6695.3523099915055,1.5078477261562915,314.99999169020066,168.99999901102913
Random matched local,Group_C1_Bunny_69k.ply,17,11,4078,4068,0.031215230085711435,10,4440.337173209703,37.999999919081475,27.00000075134345,6597.555373325821,1.4858230616205144,47.000000169529294,36.99999875288908
Random matched local,Group_C1_Bunny_69k.ply,18,10,4078,3986,0.03058601453334459,92,4440.337173209703,0.9999999922536332,39.00000108527387,7344.68136937165,1.6540819047897974,334.9999876932919,294.9999956871094
Random matched local,Group_C1_Bunny_69k.ply,19,10,4078,4040,0.03100037599465934,38,4440.337173209703,299.99999468788224,42.00000116875648,4463.789876827524,1.0052817393596414,299.000000351879,48.9999990868195
Random matched local,Group_C1_Bunny_69k.ply,20,11,4078,4078,0.031291963689658614,0,4440.337173209703,307.0000096814182,37.999999919081475,5292.14468869296,1.1918339716683106,118.00000100691943,176.00000034418676
Random matched local,Group_C1_Bunny_69k.ply,21,13,4078,4055,0.031115476400580107,23,4440.337173209703,299.000000351879,36.99999875288908,4440.337173209703,1.0,357.99999402514953,152.99999401232913
Random matched local,Group_C1_Bunny_69k.ply,22,10,4078,4066,0.031199883364922,12,4440.337173209703,239.00001234260523,51.000001419204295,4706.666489277989,1.059979525355677,205.0000000128204,251.99999335216052
Random matched local,Group_C1_Bunny_69k.ply,23,10,4078,4006,0.03073948174123894,72,4440.337173209703,115.99999867453464,142.00000167478026,4545.096523505597,1.0235926566405698,108.0000030053738,137.99999701001067
Random matched local,Group_C1_Bunny_69k.ply,24,10,4078,4072,0.031245923527290307,6,4440.337173209703,118.99999534292266,140.9999936783987,4489.1804703011,1.0109999072561624,185.99999834573237,125.99999667608026
Random matched local,Group_C1_Bunny_69k.ply,25,12,4078,4030,0.030923642390712165,48,4440.337173209703,294.9999956871094,41.00000000256408,4480.7028179326335,1.0090906710793208,104.99999950679661,204.00000567681718
Random matched local,Group_C1_Bunny_69k.ply,26,12,4078,4069,0.031222903446106152,9,4440.337173209703,210.99999334959645,151.9999996763259,5973.558780575587,1.3452939602461749,312.000008682191,318.000002018967
Random matched local,Group_C1_Bunny_69k.ply,27,10,4078,3961,0.030394180523476647,117,4440.337173209703,79.00000333674014,332.9999990212855,6494.370373812589,1.4625849615645574,115.00000433853141,6.000000166965211
Random matched local,Group_C1_Bunny_69k.ply,28,10,4078,4035,0.03096200919268575,43,4440.337173209703,59.00000050345972,127.99999900846505,4631.5493662495255,1.043062539077771,313.99999735419743,308.0000040174214
Random matched local,Group_C1_Bunny_69k.ply,29,12,4078,4061,0.03116151656294841,17,4440.337173209703,226.00000401229323,245.00000567938125,5569.34865053035,1.2542625555852867,51.999999170302104,319.99999069097345
Random matched local,Group_C1_Bunny_69k.ply,30,12,4078,4061,0.03116151656294841,17,4440.337173209703,289.0000023503334,45.00000125223908,4819.586257304042,1.0854099743556633,85.99999783970858,14.000000104994276
Random matched local,Group_C1_Bunny_69k.ply,31,11,4078,4069,0.031222903446106152,9,4440.337173209703,222.99999368352687,245.00000567938125,5631.465557192968,1.2682517875376245,199.00000667604436,217.00000034675082
Random matched local,Group_C1_Bunny_69k.ply,32,11,4078,4046,0.031046416157027648,32,4440.337173209703,212.99999568198123,159.99999534548672,6601.909960597015,1.4868037500460392,147.00000067555308,33.99999866940647
Random matched local,Group_C1_Bunny_69k.ply,33,10,4078,4054,0.03110780304018539,24,4440.337173209703,98.9999993398314,139.00000500639226,5970.324859146244,1.3445656548713367,149.0000030079379,305.99998802465825
Random matched local,Group_C1_Bunny_69k.ply,34,11,4078,4066,0.031199883364922,12,4440.337173209703,299.000000351879,36.99999875288908,4440.337173209703,1.0,19.99999941818584,352.0000006883735
Random matched local,Group_C1_Bunny_69k.ply,35,10,4078,4077,0.03128429032926389,1,4440.337173209703,207.0000023452052,151.00000534032267,5797.278782552924,1.3055942727795948,205.0000000128204,169.99999334703236
Random matched local,Group_C1_Bunny_69k.ply,36,12,4078,4054,0.03110780304018539,24,4440.337173209703,299.99999468788224,42.00000116875648,4463.789876827524,1.0052817393596414,264.0000073464693,185.99999834573237
Random matched local,Group_C1_Bunny_69k.ply,37,11,4078,4068,0.031215230085711435,10,4440.337173209703,303.0000050166486,34.99999983559887,5008.655146133801,1.1279898239153963,279.99999868479097,34.99999983559887
Random matched local,Group_C1_Bunny_69k.ply,38,11,4078,4069,0.031222903446106152,9,4440.337173209703,39.99999883637168,123.99999434369548,4663.1560837926945,1.0501806286079682,286.9999863575702,358.99998836115276
Random matched local,Group_C1_Bunny_69k.ply,39,10,4078,4072,0.031245923527290307,6,4440.337173209703,39.99999883637168,7.000000052497138,7066.792693019898,1.5914991176022921,33.99999866940647,1.9999999845072665
Random matched local,Group_C1_Bunny_69k.ply,40,11,4078,4053,0.031100129679790672,25,4440.337173209703,118.99999534292266,140.9999936783987,4489.1804703011,1.0109999072561624,115.99999867453464,144.00000400716507
Random matched local,Group_C1_Bunny_69k.ply,41,10,4078,4027,0.03090062230952801,51,4440.337173209703,59.00000050345972,127.99999900846505,4631.5493662495255,1.043062539077771,176.00000034418676,18.000000500895634
Random matched local,Group_C1_Bunny_69k.ply,42,11,4078,3977,0.03051695428979213,101,4440.337173209703,281.9999873567974,48.00000133572169,4985.384704652896,1.1227491314694926,7.000000052497138,158.00000667348027
Random matched local,Group_C1_Bunny_69k.ply,43,12,4078,4011,0.03077784854321253,67,4440.337173209703,298.0000060158758,36.00000100179127,4490.535121318722,1.0113049856690801,156.0000043410955,4.99999985454646
Random matched local,Group_C1_Bunny_69k.ply,44,10,4078,4004,0.030724135020449506,74,4440.337173209703,102.99999717441182,135.9999946776259,4958.901523558561,1.116784903965753,357.99999402514953,152.99999401232913
Random matched local,Group_C1_Bunny_69k.ply,45,12,4078,4077,0.03128429032926389,1,4440.337173209703,15.999999876058132,36.00000100179127,5718.402133500281,1.287830610702639,7.999999938029066,42.00000116875648
Random matched local,Group_C1_Bunny_69k.ply,46,10,4078,4053,0.031100129679790672,25,4440.337173209703,118.99999534292266,140.9999936783987,4489.1804703011,1.0109999072561624,341.00000835082466,128.9999933444683
Random matched local,Group_C1_Bunny_69k.ply,47,10,4078,4063,0.03117686328373785,15,4440.337173209703,59.00000050345972,127.99999900846505,4631.5493662495255,1.043062539077771,236.00000201383887,246.0000000153845
Random matched local,Group_C1_Bunny_69k.ply,48,10,4078,4065,0.031192210004527283,13,4440.337173209703,307.0000096814182,37.999999919081475,5292.14468869296,1.1918339716683106,300.99998902388546,166.99999667864435
Random matched local,Group_C1_Bunny_69k.ply,49,11,4078,4046,0.031046416157027648,32,4440.337173209703,249.00001034415084,45.999999003336896,5502.3761820202035,1.2391798116634472,255.00000368092688,36.99999875288908
Random matched local,Group_C1_Bunny_69k.ply,50,10,4078,4053,0.031100129679790672,25,4440.337173209703,6.000000166965211,39.00000108527387,6725.522604855624,1.514642321631191,73.00000316977493,45.999999003336896
Random matched local,Group_C1_Bunny_69k.ply,51,11,4078,3986,0.03058601453334459,92,4440.337173209703,289.0000023503334,45.00000125223908,4819.586257304042,1.0854099743556633,68.99999850500534,3.999999969014533
Random matched local,Group_C1_Bunny_69k.ply,52,11,4078,4042,0.031015722715448776,36,4440.337173209703,299.99999468788224,42.00000116875648,4463.789876827524,1.0052817393596414,68.99999850500534,22.000000043023345
Random matched local,Group_C1_Bunny_69k.ply,53,12,4078,4075,0.03126894360847446,3,4440.337173209703,299.000000351879,36.99999875288908,4440.337173209703,1.0,33.99999866940647,1.9999999845072665
Random matched local,Group_C1_Bunny_69k.ply,54,11,4078,4067,0.031207556725316717,11,4440.337173209703,230.00000867706282,54.0000015026869,4505.873711641169,1.0147593608041465,234.0000133418324,48.9999990868195
Random matched local,Group_C1_Bunny_69k.ply,55,10,4078,4071,0.03123825016689559,7,4440.337173209703,200.0000010120476,151.00000534032267,6316.549521832427,1.422538261270484,307.0000096814182,7.000000052497138
Random matched local,Group_C1_Bunny_69k.ply,56,10,4078,4066,0.031199883364922,12,4440.337173209703,39.00000108527387,14.000000104994276,6825.309647016289,1.5371151740899456,236.9999963498421,147.00000067555308
Random matched local,Group_C1_Bunny_69k.ply,57,11,4078,4064,0.031184536644132566,14,4440.337173209703,298.0000060158758,31.999999752116263,5299.805609647893,1.193559273296564,7.000000052497138,158.00000667348027
Random matched local,Group_C1_Bunny_69k.ply,58,10,4078,4061,0.03116151656294841,17,4440.337173209703,294.00000135110616,36.99999875288908,4873.571317057964,1.0975678483296567,217.99999468275405,293.00000701510294
Random matched local,Group_C1_Bunny_69k.ply,59,10,4078,4074,0.031261270248079745,4,4440.337173209703,217.00000034675082,152.99999401232913,6333.159021109589,1.4262788554256698,236.00000201383887,158.00000667348027
Random matched local,Group_C1_Bunny_69k.ply,60,11,4078,4069,0.031222903446106152,9,4440.337173209703,67.99999733881295,127.99999900846505,5006.1024910162305,1.1274149452478546,115.99999867453464,123.00000000769225
Random matched local,Group_C1_Bunny_69k.ply,61,11,4078,4024,0.030877602228343858,54,4440.337173209703,289.0000023503334,45.00000125223908,4819.586257304042,1.0854099743556633,36.99999875288908,329.9999886925191
Random matched local,Group_C1_Bunny_69k.ply,62,11,4078,4069,0.031222903446106152,9,4440.337173209703,294.9999956871094,41.00000000256408,4480.7028179326335,1.0090906710793208,139.00000500639226,250.9999990161573
Random matched local,Group_C1_Bunny_69k.ply,63,11,4078,4064,0.031184536644132566,14,4440.337173209703,51.000001419204295,125.00000234007703,4509.153444904927,1.0154979833762219,54.999999253784715,123.99999434369548
Random matched local,Group_C1_Bunny_69k.ply,64,10,4078,4078,0.031291963689658614,0,4440.337173209703,299.000000351879,36.99999875288908,4440.337173209703,1.0,112.00000083995421,212.000001345978
Random matched local,Group_C1_Bunny_69k.ply,65,11,4078,4013,0.030793195264001965,65,4440.337173209703,222.99999368352687,245.00000567938125,5631.465557192968,1.2682517875376245,309.99999268942787,357.99999402514953
Random matched local,Group_C1_Bunny_69k.ply,66,11,4078,4071,0.03123825016689559,7,4440.337173209703,294.00000135110616,36.99999875288908,4873.571317057964,1.0975678483296567,161.99999767787153,345.0000130155942
Random matched local,Group_C1_Bunny_69k.ply,67,10,4078,4062,0.03116918992334313,16,4440.337173209703,229.00000068068124,54.0000015026869,4568.393565406484,1.028839339717127,261.99999135370615,205.99999434882363
Random matched local,Group_C1_Bunny_69k.ply,68,11,4078,4071,0.03123825016689559,7,4440.337173209703,226.00000401229323,245.00000567938125,5569.34865053035,1.2542625555852867,348.9999903596071,288.00000801433015
Random matched local,Group_C1_Bunny_69k.ply,69,14,4078,4075,0.03126894360847446,3,4440.337173209703,299.000000351879,36.99999875288908,4440.337173209703,1.0,222.99999368352687,209.00000467759
Random matched local,Group_C1_Bunny_69k.ply,70,10,4078,4066,0.031199883364922,12,4440.337173209703,12.999999792575526,39.99999883637168,5961.962475264368,1.342682378093994,110.99999967376182,210.99999334959645
Random matched local,Group_C1_Bunny_69k.ply,71,11,4078,4070,0.031230576806500873,8,4440.337173209703,299.000000351879,36.99999875288908,4440.337173209703,1.0,125.99999667608026,240.00000667860846
Random matched local,Group_C1_Bunny_69k.ply,72,11,4078,4072,0.031245923527290307,6,4440.337173209703,289.0000023503334,45.00000125223908,4819.586257304042,1.0854099743556633,338.9999923580615,39.99999883637168
Random matched local,Group_C1_Bunny_69k.ply,73,11,4078,4067,0.031207556725316717,11,4440.337173209703,15.999999876058132,36.00000100179127,5718.402133500281,1.287830610702639,188.00000067811717,169.99999334703236
Random matched local,Group_C1_Bunny_69k.ply,74,10,4078,4077,0.03128429032926389,1,4440.337173209703,33.99999866940647,123.00000000769225,5512.63064392342,1.2414891997804323,41.00000000256408,350.00001201636707
Random matched local,Group_C1_Bunny_69k.ply,75,11,4078,4054,0.03110780304018539,24,4440.337173209703,199.00000667604436,147.00000067555308,5664.360424703803,1.275659978904105,209.00000467759,142.9999960107835
Random matched local,Group_C1_Bunny_69k.ply,76,10,4078,4065,0.031192210004527283,13,4440.337173209703,200.0000010120476,142.9999960107835,5738.762784595332,1.292415994717595,30.000000834826057,48.00000133572169
Random matched local,Group_C1_Bunny_69k.ply,77,11,4078,4069,0.031222903446106152,9,4440.337173209703,224.99999601591168,245.00000567938125,5551.786954737891,1.2503075190402209,264.0000073464693,185.99999834573237
Random matched local,Group_C1_Bunny_69k.ply,78,11,4078,4070,0.031230576806500873,8,4440.337173209703,33.99999866940647,123.00000000769225,5512.63064392342,1.2414891997804323,168.0000046750259,181.99999368096277
Random matched local,Group_C1_Bunny_69k.ply,79,10,4078,4065,0.031192210004527283,13,4440.337173209703,39.99999883637168,123.99999434369548,4663.1560837926945,1.0501806286079682,37.999999919081475,123.99999434369548
Random matched local,Group_C1_Bunny_69k.ply,80,11,4078,4046,0.031046416157027648,32,4440.337173209703,299.000000351879,36.99999875288908,4440.337173209703,1.0,130.99999567685308,231.00000301306605
Random matched local,Group_C1_Bunny_69k.ply,81,11,4078,4076,0.03127661696886918,2,4440.337173209703,200.0000010120476,151.00000534032267,6316.549521832427,1.422538261270484,342.0000026868279,118.99999534292266
Random matched local,Group_C1_Bunny_69k.ply,82,10,4078,4052,0.03109245631939595,26,4440.337173209703,39.99999883637168,123.99999434369548,4663.1560837926945,1.0501806286079682,33.99999866940647,1.9999999845072665
Random matched local,Group_C1_Bunny_69k.ply,83,12,4078,4078,0.031291963689658614,0,4440.337173209703,118.99999534292266,140.9999936783987,4489.1804703011,1.0109999072561624,31.999999752116263,16.999999334703237
Random matched local,Group_C1_Bunny_69k.ply,84,11,4078,4035,0.03096200919268575,43,4440.337173209703,108.0000030053738,132.99999800923788,5007.024146308584,1.1276225095062433,326.0000113485062,164.99999434625954
Random matched local,Group_C1_Bunny_69k.ply,85,10,4078,4076,0.03127661696886918,2,4440.337173209703,299.000000351879,36.99999875288908,4440.337173209703,1.0,284.99999768556376,7.000000052497138
Random matched local,Group_C1_Bunny_69k.ply,86,10,4078,4073,0.031253596887685024,5,4440.337173209703,199.00000667604436,147.00000067555308,5664.360424703803,1.275659978904105,139.99999934239548,156.0000043410955
Random matched local,Group_C1_Bunny_69k.ply,87,10,4078,4064,0.031184536644132566,14,4440.337173209703,294.00000135110616,36.99999875288908,4873.571317057964,1.0975678483296567,246.99999435138773,139.00000500639226
Random matched local,Group_C1_Bunny_69k.ply,88,11,4078,4031,0.030931315751106882,47,4440.337173209703,39.99999883637168,123.99999434369548,4663.1560837926945,1.0501806286079682,39.99999883637168,132.99999800923788
Random matched local,Group_C1_Bunny_69k.ply,89,11,4078,4047,0.031054089517422365,31,4440.337173209703,79.00000333674014,332.9999990212855,6494.370373812589,1.4625849615645574,337.00000368605504,147.00000067555308
Random matched local,Group_C1_Bunny_69k.ply,90,13,4078,4036,0.030969682553080472,42,4440.337173209703,273.00001101201167,51.999999170302104,5194.7477435277515,1.1698993884675477,239.00001234260523,154.99999634471394
Random matched local,Group_C1_Bunny_69k.ply,91,10,4078,4040,0.03100037599465934,38,4440.337173209703,48.9999990868195,0.0,7458.508014678955,1.6797165899200317,90.99999684048139,22.000000043023345
Random matched local,Group_C1_Bunny_69k.ply,92,11,4078,4059,0.031146169842158976,19,4440.337173209703,118.99999534292266,140.9999936783987,4489.1804703011,1.0109999072561624,228.000006344678,154.0000020087107
Random matched local,Group_C1_Bunny_69k.ply,93,10,4078,4040,0.03100037599465934,38,4440.337173209703,59.00000050345972,127.99999900846505,4631.5493662495255,1.043062539077771,77.00000100435535,135.00000034162267
Random matched local,Group_C1_Bunny_69k.ply,94,11,4078,4070,0.031230576806500873,8,4440.337173209703,299.99999468788224,42.00000116875648,4463.789876827524,1.0052817393596414,308.99999835342464,51.999999170302104
Random matched local,Group_C1_Bunny_69k.ply,95,10,4078,4043,0.031023396075843493,35,4440.337173209703,249.00001034415084,45.999999003336896,5502.3761820202035,1.2391798116634472,144.9999983431683,39.99999883637168
Random matched local,Group_C1_Bunny_69k.ply,96,10,4078,4071,0.03123825016689559,7,4440.337173209703,207.0000023452052,151.00000534032267,5797.278782552924,1.3055942727795948,3.0000000834826057,156.99999867709872
Random matched local,Group_C1_Bunny_69k.ply,97,12,4078,4045,0.03103874279663293,33,4440.337173209703,207.0000023452052,151.00000534032267,5797.278782552924,1.3055942727795948,147.00000067555308,33.99999866940647
Random matched local,Group_C1_Bunny_69k.ply,98,13,4078,4078,0.031291963689658614,0,4440.337173209703,229.00000068068124,54.0000015026869,4568.393565406484,1.028839339717127,151.9999996763259,42.99999891985429
Random matched local,Group_C1_Bunny_69k.ply,99,11,4078,3998,0.0306780948580812,80,4440.337173209703,229.00000068068124,54.0000015026869,4568.393565406484,1.028839339717127,214.00000367836282,244.00001134337802
Random matched local,Group_C1_Bunny_69k.ply,100,11,4078,4068,0.031215230085711435,10,4440.337173209703,307.0000096814182,37.999999919081475,5292.14468869296,1.1918339716683106,65.00000067042492,15.000000417413029
Random matched local,Group_C1_Bunny_69k.ply,101,10,4078,4078,0.031291963689658614,0,4440.337173209703,39.99999883637168,123.99999434369548,4663.1560837926945,1.0501806286079682,39.99999883637168,132.99999800923788
Random matched local,Group_C1_Bunny_69k.ply,102,12,4078,4075,0.03126894360847446,3,4440.337173209703,222.99999368352687,245.00000567938125,5631.465557192968,1.2682517875376245,293.00000701510294,11.000000021511672
Random matched local,Group_C1_Bunny_69k.ply,103,11,4078,4065,0.031192210004527283,13,4440.337173209703,102.99999717441182,132.99999800923788,4962.904394165544,1.1176863829415238,250.9999990161573,188.9999950141204
Random matched local,Group_C1_Bunny_69k.ply,104,10,4078,4066,0.031199883364922,12,4440.337173209703,118.99999534292266,140.9999936783987,4489.1804703011,1.0109999072561624,327.0000056845094,45.00000125223908
Random matched local,Group_C1_Bunny_69k.ply,105,11,4078,4073,0.031253596887685024,5,4440.337173209703,39.99999883637168,123.99999434369548,4663.1560837926945,1.0501806286079682,92.99999917286618,24.000000667860846
Random matched local,Group_C1_Bunny_69k.ply,106,11,4078,4028,0.03090829566992273,50,4440.337173209703,261.99999135370615,195.00000201127477,6695.3523099915055,1.5078477261562915,178.00000267657154,168.99999901102913
Random matched local,Group_C1_Bunny_69k.ply,107,11,4078,4061,0.03116151656294841,17,4440.337173209703,294.00000135110616,36.99999875288908,4873.571317057964,1.0975678483296567,147.00000067555308,30.99999858592387
Random matched local,Group_C1_Bunny_69k.ply,108,13,4078,4078,0.031291963689658614,0,4440.337173209703,112.00000083995421,147.00000067555308,6108.436702696745,1.3756695639131509,51.999999170302104,0.9999999922536332
Random matched local,Group_C1_Bunny_69k.ply,109,10,4078,4077,0.03128429032926389,1,4440.337173209703,79.00000333674014,332.9999990212855,6494.370373812589,1.4625849615645574,86.99999900590097,342.0000026868279
Random matched local,Group_C1_Bunny_69k.ply,110,11,4078,4067,0.031207556725316717,11,4440.337173209703,51.000001419204295,125.00000234007703,4509.153444904927,1.0154979833762219,161.99999767787153,176.00000034418676
Random matched local,Group_C1_Bunny_69k.ply,111,10,4078,4056,0.031123149760974824,22,4440.337173209703,294.9999956871094,41.00000000256408,4480.7028179326335,1.0090906710793208,240.00000667860846,212.000001345978
Random matched local,Group_C1_Bunny_69k.ply,112,10,4078,4034,0.030954335832291034,44,4440.337173209703,33.99999866940647,123.00000000769225,5512.63064392342,1.2414891997804323,146.00000633954986,48.00000133572169
Random matched local,Group_C1_Bunny_69k.ply,113,13,4078,4020,0.03084690878676499,58,4440.337173209703,118.99999534292266,140.9999936783987,4489.1804703011,1.0109999072561624,31.999999752116263,6.000000166965211
Random matched local,Group_C1_Bunny_69k.ply,114,12,4078,4063,0.03117686328373785,15,4440.337173209703,299.000000351879,36.99999875288908,4440.337173209703,1.0,61.000002835844505,328.99999435651586
Random matched local,Group_C1_Bunny_69k.ply,115,10,4078,4063,0.03117686328373785,15,4440.337173209703,118.99999534292266,140.9999936783987,4489.1804703011,1.0109999072561624,190.00000301050196,212.000001345978
Random matched local,Group_C1_Bunny_69k.ply,116,10,4078,4038,0.030985029273869907,40,4440.337173209703,230.00000867706282,54.0000015026869,4505.873711641169,1.0147593608041465,263.0000130104661,313.0000030181942
Random matched local,Group_C1_Bunny_69k.ply,117,10,4078,4007,0.030747155101633658,71,4440.337173209703,118.99999534292266,151.00000534032267,6058.559437428624,1.3644367986247286,159.0000010094835,7.999999938029066
Random matched local,Group_C1_Bunny_69k.ply,118,11,4078,4021,0.030854582147159706,57,4440.337173209703,139.99999934239548,288.00000801433015,7214.096952075801,1.6246732332853637,142.00000167478026,164.00000001025631
Random matched local,Group_C1_Bunny_69k.ply,119,11,4078,4078,0.031291963689658614,0,4440.337173209703,299.000000351879,36.99999875288908,4440.337173209703,1.0,324.9999896917463,3.999999969014533
Random matched local,Group_C1_Bunny_69k.ply,120,12,4078,4051,0.031084782959001234,27,4440.337173209703,298.0000060158758,36.00000100179127,4490.535121318722,1.0113049856690801,284.00000334956053,11.000000021511672
Random matched local,Group_C1_Bunny_69k.ply,121,10,4078,4060,0.031153843202553693,18,4440.337173209703,224.99999601591168,245.00000567938125,5551.786954737891,1.2503075190402209,7.999999938029066,207.99999668120842
Random matched local,Group_C1_Bunny_69k.ply,122,11,4078,4064,0.031184536644132566,14,4440.337173209703,286.9999863575702,44.00000008604669,5027.3010553407275,1.1321890341284009,62.99999833804013,51.999999170302104
Random matched local,Group_C1_Bunny_69k.ply,123,10,4078,4043,0.031023396075843493,35,4440.337173209703,57.0000015861695,300.99998902388546,5861.628154092584,1.320086273956421,180.99999934495955,338.9999923580615
Random matched local,Group_C1_Bunny_69k.ply,124,10,4078,4060,0.031153843202553693,18,4440.337173209703,94.00000033905859,137.00000267400745,5861.6468729066455,1.3200904895853995,168.0000046750259,24.000000667860846
Random matched local,Group_C1_Bunny_69k.ply,125,11,4078,4072,0.031245923527290307,6,4440.337173209703,118.99999534292266,140.9999936783987,4489.1804703011,1.0109999072561624,247.99998868739095,48.00000133572169
Random matched local,Group_C1_Bunny_69k.ply,126,11,4078,4054,0.03110780304018539,24,4440.337173209703,61.000002835844505,309.99999268942787,6812.50203739513,1.534230796367814,337.00000368605504,146.00000633954986
Random matched local,Group_C1_Bunny_69k.ply,127,10,4078,4030,0.030923642390712165,48,4440.337173209703,276.9999883560246,53.0000003364945,5412.387453820094,1.2189136190997278,6.000000166965211,294.00000135110616
Random matched local,Group_C1_Bunny_69k.ply,128,10,4078,4053,0.031100129679790672,25,4440.337173209703,21.00000058437824,37.999999919081475,5816.9227001095605,1.3100182425797162,15.999999876058132,324.9999896917463
Random matched local,Group_C1_Bunny_69k.ply,129,10,4078,4026,0.030892948949133293,52,4440.337173209703,118.99999534292266,140.9999936783987,4489.1804703011,1.0109999072561624,65.00000067042492,264.0000073464693
Random matched local,Group_C1_Bunny_69k.ply,130,11,4078,4073,0.031253596887685024,5,4440.337173209703,299.000000351879,36.99999875288908,4440.337173209703,1.0,199.00000667604436,217.00000034675082
Random matched local,Group_C1_Bunny_69k.ply,131,11,4078,4073,0.031253596887685024,5,4440.337173209703,103.99999834060421,142.00000167478026,5949.16028424728,1.3397992206855145,31.999999752116263,16.999999334703237
Random matched local,Group_C1_Bunny_69k.ply,132,11,4078,4010,0.03077017518281781,68,4440.337173209703,260.0000026816997,202.9999976804356,6530.243995761083,1.470663992626643,337.00000368605504,146.00000633954986
Random matched local,Group_C1_Bunny_69k.ply,133,10,4078,4059,0.031146169842158976,19,4440.337173209703,62.99999833804013,127.00000467246183,4887.027188766101,1.1005982199395699,72.00000200358254,123.99999434369548
Random matched local,Group_C1_Bunny_69k.ply,134,10,4078,4055,0.031115476400580107,23,4440.337173209703,298.0000060158758,33.99999866940647,4815.090786327015,1.084397557775195,7.999999938029066,42.00000116875648
Random matched local,Group_C1_Bunny_69k.ply,135,11,4078,4076,0.03127661696886918,2,4440.337173209703,118.99999534292266,151.00000534032267,6058.559437428624,1.3644367986247286,108.99999734137702,161.0000033418683
Random matched local,Group_C1_Bunny_69k.ply,136,11,4078,4057,0.03113082312136954,21,4440.337173209703,98.9999993398314,139.00000500639226,5970.324859146244,1.3445656548713367,88.00000017209338,33.99999866940647
Random matched local,Group_C1_Bunny_69k.ply,137,11,4078,4060,0.031153843202553693,18,4440.337173209703,217.00000034675082,229.00000068068124,7524.631240151145,1.694608077411373,62.99999833804013,15.999999876058132
Random matched local,Group_C1_Bunny_69k.ply,138,11,4078,4021,0.030854582147159706,57,4440.337173209703,120.00000333930423,146.00000633954986,4866.133051470291,1.0958926904987265,334.9999876932919,294.9999956871094
Random matched local,Group_C1_Bunny_69k.ply,139,11,4078,4063,0.03117686328373785,15,4440.337173209703,39.99999883637168,123.99999434369548,4663.1560837926945,1.0501806286079682,289.9999966863366,18.000000500895634
Random matched local,Group_C1_Bunny_69k.ply,140,10,4078,4075,0.03126894360847446,3,4440.337173209703,303.9999993526518,39.00000108527387,5309.583234392907,1.195761273812202,313.0000030181942,48.00000133572169
Random matched local,Group_C1_Bunny_69k.ply,141,11,4078,4049,0.0310694362382118,29,4440.337173209703,102.99999717441182,135.9999946776259,4958.901523558561,1.116784903965753,100.0000005060238,144.9999983431683
Random matched local,Group_C1_Bunny_69k.ply,142,10,4078,4059,0.031146169842158976,19,4440.337173209703,298.0000060158758,31.999999752116263,5299.805609647893,1.193559273296564,250.9999990161573,188.9999950141204
Random matched local,Group_C1_Bunny_69k.ply,143,12,4078,4073,0.031253596887685024,5,4440.337173209703,15.999999876058132,36.00000100179127,5718.402133500281,1.287830610702639,168.0000046750259,24.000000667860846
Random matched local,Group_C1_Bunny_69k.ply,144,11,4078,4072,0.031245923527290307,6,4440.337173209703,59.00000050345972,127.99999900846505,4631.5493662495255,1.043062539077771,348.9999903596071,30.000000834826057
Random matched local,Group_C1_Bunny_69k.ply,145,10,4078,4039,0.030992702634264624,39,4440.337173209703,33.99999866940647,123.00000000769225,5512.63064392342,1.2414891997804323,188.00000067811717,169.99999334703236
Random matched local,Group_C1_Bunny_69k.ply,146,10,4078,4061,0.03116151656294841,17,4440.337173209703,298.0000060158758,33.99999866940647,4815.090786327015,1.084397557775195,118.00000100691943,176.00000034418676
Random matched local,Group_C1_Bunny_69k.ply,147,11,4078,4061,0.03116151656294841,17,4440.337173209703,303.9999993526518,39.00000108527387,5309.583234392907,1.195761273812202,149.0000030079379,305.99998802465825
Random matched local,Group_C1_Bunny_69k.ply,148,12,4078,4054,0.03110780304018539,24,4440.337173209703,299.000000351879,36.99999875288908,4440.337173209703,1.0,147.00000067555308,30.99999858592387
Random matched local,Group_C1_Bunny_69k.ply,149,11,4078,4047,0.031054089517422365,31,4440.337173209703,59.00000050345972,127.99999900846505,4631.5493662495255,1.043062539077771,7.000000052497138,128.9999933444683
Random matched local,Group_C1_Bunny_69k.ply,150,10,4078,4068,0.031215230085711435,10,4440.337173209703,98.9999993398314,139.00000500639226,5970.324859146244,1.3445656548713367,22.999999501668448,255.00000368092688
Random matched local,Group_C1_Bunny_69k.ply,151,10,4078,4069,0.031222903446106152,9,4440.337173209703,299.000000351879,36.99999875288908,4440.337173209703,1.0,318.000002018967,9.99999970909292
Random matched local,Group_C1_Bunny_69k.ply,152,10,4078,4064,0.031184536644132566,14,4440.337173209703,299.000000351879,36.99999875288908,4440.337173209703,1.0,289.9999966863366,37.999999919081475
Random matched local,Group_C1_Bunny_69k.ply,153,11,4078,4075,0.03126894360847446,3,4440.337173209703,51.000001419204295,125.00000234007703,4509.153444904927,1.0154979833762219,316.00001334696054,44.00000008604669
Random matched local,Group_C1_Bunny_69k.ply,154,12,4078,4047,0.031054089517422365,31,4440.337173209703,226.00000401229323,245.00000567938125,5569.34865053035,1.2542625555852867,176.00000034418676,18.000000500895634
Random matched local,Group_C1_Bunny_69k.ply,155,11,4078,4063,0.03117686328373785,15,4440.337173209703,299.000000351879,36.99999875288908,4440.337173209703,1.0,205.0000000128204,251.99999335216052
Random matched local,Group_C1_Bunny_69k.ply,156,10,4078,4057,0.03113082312136954,21,4440.337173209703,15.999999876058132,36.00000100179127,5718.402133500281,1.287830610702639,357.99999402514953,130.99999567685308
Random matched local,Group_C1_Bunny_69k.ply,157,10,4078,4065,0.031192210004527283,13,4440.337173209703,199.00000667604436,147.00000067555308,5664.360424703803,1.275659978904105,31.999999752116263,16.999999334703237
Random matched local,Group_C1_Bunny_69k.ply,158,10,4078,4048,0.031061762877817083,30,4440.337173209703,127.99999900846505,142.00000167478026,5281.345903380843,1.189401997498135,30.000000834826057,48.00000133572169
Random matched local,Group_C1_Bunny_69k.ply,159,11,4078,4050,0.031077109598606517,28,4440.337173209703,36.99999875288908,127.00000467246183,5701.15619454502,1.283946685162184,309.99999268942787,171.99999567941717
Random matched local,Group_C1_Bunny_69k.ply,160,10,4078,4047,0.031054089517422365,31,4440.337173209703,102.99999717441182,135.9999946776259,4958.901523558561,1.116784903965753,292.0000126790997,6.000000166965211
Random matched local,Group_C1_Bunny_69k.ply,161,10,4078,4075,0.03126894360847446,3,4440.337173209703,118.99999534292266,140.9999936783987,4489.1804703011,1.0109999072561624,166.00000234264112,250.00000468015406
Random matched local,Group_C1_Bunny_69k.ply,162,10,4078,4072,0.031245923527290307,6,4440.337173209703,298.0000060158758,36.00000100179127,4490.535121318722,1.0113049856690801,228.000006344678,154.0000020087107
Random matched local,Group_C1_Bunny_69k.ply,163,11,4078,4040,0.03100037599465934,38,4440.337173209703,7.999999938029066,34.99999983559887,6551.717431092065,1.4754999846906105,120.99999767530745,228.000006344678
Random matched local,Group_C1_Bunny_69k.ply,164,10,4078,4048,0.031061762877817083,30,4440.337173209703,22.000000043023345,28.99999966863366,6095.835000030265,1.3728315581097827,96.00000267144338,254.00000934492365
Random matched local,Group_C1_Bunny_69k.ply,165,11,4078,4065,0.031192210004527283,13,4440.337173209703,51.000001419204295,125.00000234007703,4509.153444904927,1.0154979833762219,212.99999568198123,192.00000534288677
Random matched local,Group_C1_Bunny_69k.ply,166,10,4078,4057,0.03113082312136954,21,4440.337173209703,260.0000026816997,202.9999976804356,6530.243995761083,1.470663992626643,261.99999135370615,173.00000367579872
Random matched local,Group_C1_Bunny_69k.ply,167,12,4078,4071,0.03123825016689559,7,4440.337173209703,118.99999534292266,140.9999936783987,4489.1804703011,1.0109999072561624,15.999999876058132,39.00000108527387
Random matched local,Group_C1_Bunny_69k.ply,168,10,4078,3998,0.0306780948580812,80,4440.337173209703,118.99999534292266,140.9999936783987,4489.1804703011,1.0109999072561624,14.000000104994276,19.99999941818584
Random matched local,Group_C1_Bunny_69k.ply,169,11,4078,4063,0.03117686328373785,15,4440.337173209703,62.99999833804013,127.00000467246183,4887.027188766101,1.1005982199395699,36.99999875288908,25.00000012650595
Random matched local,Group_C1_Bunny_69k.ply,170,10,4078,4076,0.03127661696886918,2,4440.337173209703,79.99999767274336,337.99999802205826,6543.883607407247,1.4737357439631082,7.000000052497138,158.00000667348027
Random matched local,Group_C1_Bunny_69k.ply,171,11,4078,4031,0.030931315751106882,47,4440.337173209703,299.000000351879,36.99999875288908,4440.337173209703,1.0,1.9999999845072665,322.0000066837366
Random matched local,Group_C1_Bunny_69k.ply,172,11,4078,4054,0.03110780304018539,24,4440.337173209703,120.00000333930423,146.00000633954986,4866.133051470291,1.0958926904987265,31.999999752116263,16.999999334703237
Random matched local,Group_C1_Bunny_69k.ply,173,11,4078,4046,0.031046416157027648,32,4440.337173209703,71.00000083739013,130.00000134084985,5216.898504367545,1.1748879197379742,102.99999717441182,228.000006344678
Random matched local,Group_C1_Bunny_69k.ply,174,10,4078,4078,0.031291963689658614,0,4440.337173209703,67.99999733881295,127.99999900846505,5006.1024910162305,1.1274149452478546,266.999990354479,180.00000500895632
Random matched local,Group_C1_Bunny_69k.ply,175,10,4078,4020,0.03084690878676499,58,4440.337173209703,261.99999135370615,195.00000201127477,6695.3523099915055,1.5078477261562915,107.00000183918141,284.99999768556376
Random matched local,Group_C1_Bunny_69k.ply,176,10,4078,4077,0.03128429032926389,1,4440.337173209703,298.0000060158758,36.00000100179127,4490.535121318722,1.0113049856690801,309.99999268942787,357.99999402514953
Random matched local,Group_C1_Bunny_69k.ply,177,10,4078,4066,0.031199883364922,12,4440.337173209703,289.0000023503334,45.00000125223908,4819.586257304042,1.0854099743556633,168.0000046750259,24.000000667860846
Random matched local,Group_C1_Bunny_69k.ply,178,11,4078,4066,0.031199883364922,12,4440.337173209703,299.99999468788224,42.00000116875648,4463.789876827524,1.0052817393596414,200.0000010120476,161.99999767787153
Random matched local,Group_C1_Bunny_69k.ply,179,11,4078,4054,0.03110780304018539,24,4440.337173209703,276.9999883560246,53.0000003364945,5412.387453820094,1.2189136190997278,39.99999883637168,59.00000050345972
Random matched local,Group_C1_Bunny_69k.ply,180,11,4078,4037,0.03097735591347519,41,4440.337173209703,118.99999534292266,140.9999936783987,4489.1804703011,1.0109999072561624,173.99999801180195,18.999999959540737
Random matched local,Group_C1_Bunny_69k.ply,181,11,4078,4058,0.03113849648176426,20,4440.337173209703,214.00000367836282,168.0000046750259,6836.8680220990145,1.5397182140465644,289.9999966863366,0.0
Random matched local,Group_C1_Bunny_69k.ply,182,12,4078,4075,0.03126894360847446,3,4440.337173209703,22.000000043023345,31.999999752116263,5757.041706526575,1.2965325564151,327.0000056845094,36.99999875288908
Random matched local,Group_C1_Bunny_69k.ply,183,10,4078,4065,0.031192210004527283,13,4440.337173209703,307.0000096814182,37.999999919081475,5292.14468869296,1.1918339716683106,334.9999876932919,241.9999953506149
Random matched local,Group_C1_Bunny_69k.ply,184,13,4078,4063,0.03117686328373785,15,4440.337173209703,261.99999135370615,195.00000201127477,6695.3523099915055,1.5078477261562915,269.0000063472421,178.00000267657154
Random matched local,Group_C1_Bunny_69k.ply,185,11,4078,4077,0.03128429032926389,1,4440.337173209703,51.000001419204295,125.00000234007703,4509.153444904927,1.0154979833762219,135.00000034162267,294.00000135110616
Random matched local,Group_C1_Bunny_69k.ply,186,11,4078,4033,0.030946662471896317,45,4440.337173209703,9.99999970909292,256.99999235293336,8066.166530955921,1.8165662237593734,279.99999868479097,298.0000060158758
Random matched local,Group_C1_Bunny_69k.ply,187,10,4078,4076,0.03127661696886918,2,4440.337173209703,118.99999534292266,140.9999936783987,4489.1804703011,1.0109999072561624,261.99999135370615,173.00000367579872
Random matched local,Group_C1_Bunny_69k.ply,188,11,4078,4008,0.030754828462028375,70,4440.337173209703,28.000000209988553,25.999999585151052,6158.234659305289,1.3868844682472168,221.99999934752364,197.00000434365958
Random matched local,Group_C1_Bunny_69k.ply,189,12,4078,4047,0.031054089517422365,31,4440.337173209703,39.99999883637168,123.99999434369548,4663.1560837926945,1.0501806286079682,24.000000667860846,339.9999866940647
Random matched local,Group_C1_Bunny_69k.ply,190,10,4078,4055,0.031115476400580107,23,4440.337173209703,102.99999717441182,135.9999946776259,4958.901523558561,1.116784903965753,0.9999999922536332,318.9999963549702
Random matched local,Group_C1_Bunny_69k.ply,191,10,4078,4027,0.03090062230952801,51,4440.337173209703,289.0000023503334,45.00000125223908,4819.586257304042,1.0854099743556633,257.9999866889366,245.00000567938125
Random matched local,Group_C1_Bunny_69k.ply,192,11,4078,4064,0.031184536644132566,14,4440.337173209703,102.99999717441182,132.99999800923788,4962.904394165544,1.1176863829415238,107.00000183918141,125.00000234007703
Random matched local,Group_C1_Bunny_69k.ply,193,10,4078,4041,0.03100804935505406,37,4440.337173209703,230.00000867706282,54.0000015026869,4505.873711641169,1.0147593608041465,84.99999667351618,19.99999941818584
Random matched local,Group_C1_Bunny_69k.ply,194,12,4078,4056,0.031123149760974824,22,4440.337173209703,226.00000401229323,245.00000567938125,5569.34865053035,1.2542625555852867,331.000010349279,16.999999334703237
Random matched local,Group_C1_Bunny_69k.ply,195,10,4078,4034,0.030954335832291034,44,4440.337173209703,57.0000015861695,300.99998902388546,5861.628154092584,1.320086273956421,252.99998768816374,146.00000633954986
Random matched local,Group_C1_Bunny_69k.ply,196,10,4078,4049,0.0310694362382118,29,4440.337173209703,303.0000050166486,34.99999983559887,5008.655146133801,1.1279898239153963,102.00000283840859,156.99999867709872
Random matched local,Group_C1_Bunny_69k.ply,197,10,4078,4050,0.031077109598606517,28,4440.337173209703,239.00001234260523,51.000001419204295,4706.666489277989,1.059979525355677,250.9999990161573,188.9999950141204
Random matched local,Group_C1_Bunny_69k.ply,198,11,4078,4070,0.031230576806500873,8,4440.337173209703,33.000000918308665,22.000000043023345,6344.273070658534,1.4287818296628516,28.000000209988553,12.000000333930423
Random matched local,Group_C1_Bunny_69k.ply,199,11,4078,4077,0.03128429032926389,1,4440.337173209703,299.000000351879,36.99999875288908,4440.337173209703,1.0,232.9999916850725,195.999996347278
Random matched local,Group_C1_Bunny_69k.ply,200,10,4078,4043,0.031023396075843493,35,4440.337173209703,299.000000351879,36.99999875288908,4440.337173209703,1.0,0.9999999922536332,346.00000735159745
Random matched local,Group_C1_Bunny_69k.ply,201,11,4078,4053,0.031100129679790672,25,4440.337173209703,108.0000030053738,132.99999800923788,5007.024146308584,1.1276225095062433,115.99999867453464,123.00000000769225
Random matched local,Group_C1_Bunny_69k.ply,202,11,4078,4066,0.031199883364922,12,4440.337173209703,54.0000015026869,127.00000467246183,4527.99146825617,1.0197404592550583,274.9999996840181,176.00000034418676
Random matched local,Group_C1_Bunny_69k.ply,203,12,4078,4056,0.031123149760974824,22,4440.337173209703,22.000000043023345,31.999999752116263,5757.041706526575,1.2965325564151,246.99999435138773,200.99999534805082
Random matched local,Group_C1_Bunny_69k.ply,204,12,4078,4070,0.031230576806500873,8,4440.337173209703,303.0000050166486,48.00000133572169,5684.192515601797,1.280126326869221,338.9999923580615,334.9999876932919
Random matched local,Group_C1_Bunny_69k.ply,205,13,4078,4023,0.03086992886794914,55,4440.337173209703,30.99999858592387,292.0000126790997,6572.33718998176,1.4801437218856375,22.000000043023345,292.0000126790997
Random matched local,Group_C1_Bunny_69k.ply,206,11,4078,4075,0.03126894360847446,3,4440.337173209703,59.00000050345972,127.99999900846505,4631.5493662495255,1.043062539077771,106.000000672989,200.99999534805082
Random matched local,Group_C1_Bunny_69k.ply,207,10,4078,4051,0.031084782959001234,27,4440.337173209703,102.99999717441182,132.99999800923788,4962.904394165544,1.1176863829415238,342.9999970228311,139.00000500639226
Random matched local,Group_C1_Bunny_69k.ply,208,10,4078,4072,0.031245923527290307,6,4440.337173209703,299.000000351879,36.99999875288908,4440.337173209703,1.0,303.0000050166486,356.9999996891463
Random matched local,Group_C1_Bunny_69k.ply,209,11,4078,4065,0.031192210004527283,13,4440.337173209703,261.99999135370615,195.00000201127477,6695.3523099915055,1.5078477261562915,299.99999468788224,318.000002018967
Random matched local,Group_C1_Bunny_69k.ply,210,11,4078,4078,0.031291963689658614,0,4440.337173209703,199.00000667604436,147.00000067555308,5664.360424703803,1.275659978904105,260.0000026816997,205.0000000128204
Random matched local,Group_C1_Bunny_69k.ply,211,11,4078,4067,0.031207556725316717,11,4440.337173209703,59.00000050345972,127.99999900846505,4631.5493662495255,1.043062539077771,104.99999950679661,204.00000567681718
Random matched local,Group_C1_Bunny_69k.ply,212,11,4078,4078,0.031291963689658614,0,4440.337173209703,118.99999534292266,140.9999936783987,4489.1804703011,1.0109999072561624,159.0000010094835,7.999999938029066
Random matched local,Group_C1_Bunny_69k.ply,213,12,4078,4068,0.031215230085711435,10,4440.337173209703,298.0000060158758,31.999999752116263,5299.805609647893,1.193559273296564,308.0000040174214,161.0000033418683
Random matched local,Group_C1_Bunny_69k.ply,214,11,4078,4054,0.03110780304018539,24,4440.337173209703,102.99999717441182,135.9999946776259,4958.901523558561,1.116784903965753,257.9999866889366,161.0000033418683
Random matched local,Group_C1_Bunny_69k.ply,215,10,4078,4074,0.031261270248079745,4,4440.337173209703,219.00000267913563,154.99999634471394,6357.835344046601,1.4318361637953796,286.9999863575702,168.0000046750259
Random matched local,Group_C1_Bunny_69k.ply,216,10,4078,4060,0.031153843202553693,18,4440.337173209703,307.0000096814182,37.999999919081475,5292.14468869296,1.1918339716683106,88.00000017209338,31.999999752116263
Random matched local,Group_C1_Bunny_69k.ply,217,10,4078,4042,0.031015722715448776,36,4440.337173209703,299.000000351879,36.99999875288908,4440.337173209703,1.0,154.0000020087107,351.0000063523703
Random matched local,Group_C1_Bunny_69k.ply,218,12,4078,4022,0.030862255507554424,56,4440.337173209703,115.99999867453464,142.00000167478026,4545.096523505597,1.0235926566405698,28.000000209988553,12.000000333930423
Random matched local,Group_C1_Bunny_69k.ply,219,12,4078,4025,0.030885275588738575,53,4440.337173209703,294.00000135110616,36.99999875288908,4873.571317057964,1.0975678483296567,39.99999883637168,59.00000050345972
Random matched local,Group_C1_Bunny_69k.ply,220,10,4078,4047,0.031054089517422365,31,4440.337173209703,289.0000023503334,45.00000125223908,4819.586257304042,1.0854099743556633,132.99999800923788,247.99998868739095
Random matched local,Group_C1_Bunny_69k.ply,221,12,4078,4017,0.030823888705580834,61,4440.337173209703,33.99999866940647,123.00000000769225,5512.63064392342,1.2414891997804323,24.000000667860846,128.9999933444683
Random matched local,Group_C1_Bunny_69k.ply,222,11,4078,4061,0.03116151656294841,17,4440.337173209703,62.99999833804013,127.00000467246183,4887.027188766101,1.1005982199395699,102.00000283840859,9.000000250447817
Random matched local,Group_C1_Bunny_69k.ply,223,11,4078,4053,0.031100129679790672,25,4440.337173209703,299.000000351879,36.99999875288908,4440.337173209703,1.0,221.99999934752364,183.00000167734436
Random matched local,Group_C1_Bunny_69k.ply,224,11,4078,4069,0.031222903446106152,9,4440.337173209703,118.99999534292266,140.9999936783987,4489.1804703011,1.0109999072561624,108.0000030053738,137.99999701001067
Random matched local,Group_C1_Bunny_69k.ply,225,12,4078,4059,0.031146169842158976,19,4440.337173209703,303.0000050166486,48.00000133572169,5684.192515601797,1.280126326869221,118.00000100691943,176.00000034418676
Random matched local,Group_C1_Bunny_69k.ply,226,11,4078,4063,0.03117686328373785,15,4440.337173209703,239.00001234260523,51.000001419204295,4706.666489277989,1.059979525355677,185.99999834573237,125.99999667608026
Random matched local,Group_C1_Bunny_69k.ply,227,10,4078,4075,0.03126894360847446,3,4440.337173209703,294.9999956871094,41.00000000256408,4480.7028179326335,1.0090906710793208,102.99999717441182,228.000006344678
Random matched local,Group_C1_Bunny_69k.ply,228,11,4078,4051,0.031084782959001234,27,4440.337173209703,299.000000351879,36.99999875288908,4440.337173209703,1.0,205.0000000128204,169.99999334703236
Random matched local,Group_C1_Bunny_69k.ply,229,12,4078,4028,0.03090829566992273,50,4440.337173209703,307.0000096814182,37.999999919081475,5292.14468869296,1.1918339716683106,161.99999767787153,51.000001419204295
Random matched local,Group_C1_Bunny_69k.ply,230,11,4078,4029,0.030915969030317448,49,4440.337173209703,62.99999833804013,127.00000467246183,4887.027188766101,1.1005982199395699,342.9999970228311,139.00000500639226
Random matched local,Group_C1_Bunny_69k.ply,231,10,4078,4060,0.031153843202553693,18,4440.337173209703,39.99999883637168,123.99999434369548,4663.1560837926945,1.0501806286079682,279.99999868479097,34.99999983559887
Random matched local,Group_C1_Bunny_69k.ply,232,12,4078,4046,0.031046416157027648,32,4440.337173209703,299.000000351879,36.99999875288908,4440.337173209703,1.0,232.9999916850725,195.999996347278
Random matched local,Group_C1_Bunny_69k.ply,233,11,4078,4058,0.03113849648176426,20,4440.337173209703,226.00000401229323,245.00000567938125,5569.34865053035,1.2542625555852867,36.00000100179127,350.00001201636707
Random matched local,Group_C1_Bunny_69k.ply,234,12,4078,4058,0.03113849648176426,20,4440.337173209703,100.0000005060238,134.00000600561944,5234.021293230293,1.1787441108772545,205.99999434882363,142.00000167478026
Random matched local,Group_C1_Bunny_69k.ply,235,10,4078,4075,0.03126894360847446,3,4440.337173209703,212.000001345978,56.000000419977106,5666.511117919417,1.2761443324862136,232.9999916850725,195.999996347278
Random matched local,Group_C1_Bunny_69k.ply,236,11,4078,4064,0.031184536644132566,14,4440.337173209703,102.99999717441182,132.99999800923788,4962.904394165544,1.1176863829415238,45.999999003336896,336.0000093500518
Random matched local,Group_C1_Bunny_69k.ply,237,10,4078,4032,0.0309389891115016,46,4440.337173209703,118.99999534292266,140.9999936783987,4489.1804703011,1.0109999072561624,342.9999970228311,139.00000500639226
Random matched local,Group_C1_Bunny_69k.ply,238,12,4078,4072,0.031245923527290307,6,4440.337173209703,51.000001419204295,125.00000234007703,4509.153444904927,1.0154979833762219,59.00000050345972,244.00001134337802
Random matched local,Group_C1_Bunny_69k.ply,239,11,4078,4059,0.031146169842158976,19,4440.337173209703,51.000001419204295,125.00000234007703,4509.153444904927,1.0154979833762219,333.9999933572887,178.99999701257477
Random matched local,Group_C1_Bunny_69k.ply,240,11,4078,4064,0.031184536644132566,14,4440.337173209703,273.00001101201167,51.999999170302104,5194.7477435277515,1.1698993884675477,274.9999996840181,61.000002835844505
Random matched local,Group_C1_Bunny_69k.ply,241,10,4078,4062,0.03116918992334313,16,4440.337173209703,51.000001419204295,125.00000234007703,4509.153444904927,1.0154979833762219,112.00000083995421,235.00000767783564
Random matched local,Group_C1_Bunny_69k.ply,242,12,4078,4068,0.031215230085711435,10,4440.337173209703,297.00001167987256,28.000000209988553,6115.439509557298,1.3772466529015286,289.9999966863366,18.000000500895634
Random matched local,Group_C1_Bunny_69k.ply,243,11,4078,4075,0.03126894360847446,3,4440.337173209703,199.00000667604436,147.00000067555308,5664.360424703803,1.275659978904105,75.99999983816295,327.0000056845094
Random matched local,Group_C1_Bunny_69k.ply,244,11,4078,4078,0.031291963689658614,0,4440.337173209703,61.000002835844505,309.99999268942787,6812.50203739513,1.534230796367814,51.000001419204295,323.00000101973984
Random matched local,Group_C1_Bunny_69k.ply,245,12,4078,4062,0.03116918992334313,16,4440.337173209703,307.0000096814182,37.999999919081475,5292.14468869296,1.1918339716683106,39.00000108527387,321.0000123477334
Random matched local,Group_C1_Bunny_69k.ply,246,11,4078,4076,0.03127661696886918,2,4440.337173209703,79.00000333674014,332.9999990212855,6494.370373812589,1.4625849615645574,71.00000083739013,331.000010349279
Random matched local,Group_C1_Bunny_69k.ply,247,11,4078,4068,0.031215230085711435,10,4440.337173209703,200.0000010120476,142.9999960107835,5738.762784595332,1.292415994717595,207.99999668120842,134.00000600561944
Random matched local,Group_C1_Bunny_69k.ply,248,11,4078,4029,0.030915969030317448,49,4440.337173209703,15.999999876058132,36.00000100179127,5718.402133500281,1.287830610702639,33.99999866940647,338.9999923580615
Random matched local,Group_C1_Bunny_69k.ply,249,10,4078,4078,0.031291963689658614,0,4440.337173209703,15.999999876058132,36.00000100179127,5718.402133500281,1.287830610702639,7.999999938029066,207.99999668120842
Random matched local,Group_C1_Bunny_69k.ply,250,11,4078,4075,0.03126894360847446,3,4440.337173209703,348.9999903596071,278.0000100127845,7923.078931067601,1.7843417339725114,337.00000368605504,146.00000633954986
Random matched local,Group_C1_Bunny_69k.ply,251,11,4078,4031,0.030931315751106882,47,4440.337173209703,51.000001419204295,125.00000234007703,4509.153444904927,1.0154979833762219,132.99999800923788,164.00000001025631
Random matched local,Group_C1_Bunny_69k.ply,252,12,4078,4069,0.031222903446106152,9,4440.337173209703,118.99999534292266,140.9999936783987,4489.1804703011,1.0109999072561624,204.00000567681718,125.99999667608026
Random matched local,Group_C1_Bunny_69k.ply,253,11,4078,4057,0.03113082312136954,21,4440.337173209703,294.9999956871094,41.00000000256408,4480.7028179326335,1.0090906710793208,78.00000217054775,39.00000108527387
Random matched local,Group_C1_Bunny_69k.ply,254,11,4078,4053,0.031100129679790672,25,4440.337173209703,102.99999717441182,132.99999800923788,4962.904394165544,1.1176863829415238,84.99999667351618,147.00000067555308
Random matched local,Group_C1_Bunny_69k.ply,255,10,4078,4068,0.031215230085711435,10,4440.337173209703,273.00001101201167,51.999999170302104,5194.7477435277515,1.1698993884675477,224.00000167990842,161.0000033418683
Random matched local,Group_C1_Bunny_69k.ply,256,11,4078,4077,0.03128429032926389,1,4440.337173209703,312.000008682191,34.99999983559887,6180.339608310668,1.3918626823204063,356.0000053531431,352.99999502437674
Random matched local,Group_C1_Bunny_69k.ply,257,11,4078,4074,0.031261270248079745,4,4440.337173209703,249.00001034415084,45.999999003336896,5502.3761820202035,1.2391798116634472,255.00000368092688,36.99999875288908
Random matched local,Group_C1_Bunny_69k.ply,258,10,4078,4064,0.031184536644132566,14,4440.337173209703,299.000000351879,36.99999875288908,4440.337173209703,1.0,51.999999170302104,0.9999999922536332
Random matched local,Group_C1_Bunny_69k.ply,259,11,4078,4064,0.031184536644132566,14,4440.337173209703,102.99999717441182,135.9999946776259,4958.901523558561,1.116784903965753,259.0000083456965,152.99999401232913
Random matched local,Group_C1_Bunny_69k.ply,260,11,4078,4055,0.031115476400580107,23,4440.337173209703,298.0000060158758,33.99999866940647,4815.090786327015,1.084397557775195,33.000000918308665,329.9999886925191
Random matched local,Group_C1_Bunny_69k.ply,261,11,4078,4076,0.03127661696886918,2,4440.337173209703,118.99999534292266,140.9999936783987,4489.1804703011,1.0109999072561624,113.00000200614662,294.00000135110616
Random matched local,Group_C1_Bunny_69k.ply,262,10,4078,4052,0.03109245631939595,26,4440.337173209703,307.0000096814182,37.999999919081475,5292.14468869296,1.1918339716683106,281.9999873567974,331.000010349279
Random matched local,Group_C1_Bunny_69k.ply,263,10,4078,4024,0.030877602228343858,54,4440.337173209703,303.0000050166486,48.00000133572169,5684.192515601797,1.280126326869221,222.99999368352687,209.00000467759
Random matched local,Group_C1_Bunny_69k.ply,264,10,4078,4068,0.031215230085711435,10,4440.337173209703,51.000001419204295,125.00000234007703,4509.153444904927,1.0154979833762219,54.999999253784715,122.00000567168901
Random matched local,Group_C1_Bunny_69k.ply,265,11,4078,4070,0.031230576806500873,8,4440.337173209703,297.00001167987256,28.000000209988553,6115.439509557298,1.3772466529015286,130.99999567685308,240.00000667860846
Random matched local,Group_C1_Bunny_69k.ply,266,12,4078,4064,0.031184536644132566,14,4440.337173209703,102.99999717441182,135.9999946776259,4958.901523558561,1.116784903965753,217.99999468275405,169.99999334703236
Random matched local,Group_C1_Bunny_69k.ply,267,10,4078,4002,0.030708788299660072,76,4440.337173209703,303.0000050166486,48.00000133572169,5684.192515601797,1.280126326869221,313.0000030181942,57.0000015861695
Random matched local,Group_C1_Bunny_69k.ply,268,12,4078,4067,0.031207556725316717,11,4440.337173209703,226.99999834829646,246.0000000153845,5893.98510199933,1.3273733214585721,221.00000501152041,130.00000134084985
Random matched local,Group_C1_Bunny_69k.ply,269,12,4078,4060,0.031153843202553693,18,4440.337173209703,249.00001034415084,45.999999003336896,5502.3761820202035,1.2391798116634472,144.00000400716507,173.00000367579872
Random matched local,Group_C1_Bunny_69k.ply,270,11,4078,4077,0.03128429032926389,1,4440.337173209703,328.99999435651586,251.99999335216052,7110.177978011202,1.6012698361984077,114.000003172339,279.99999868479097
Random matched local,Group_C1_Bunny_69k.ply,271,11,4078,4072,0.031245923527290307,6,4440.337173209703,115.99999867453464,142.00000167478026,4545.096523505597,1.0235926566405698,88.00000017209338,33.99999866940647
Random matched local,Group_C1_Bunny_69k.ply,272,11,4078,4067,0.031207556725316717,11,4440.337173209703,212.99999568198123,57.0000015861695,5593.588529539502,1.2597215732372347,352.0000006883735,274.9999996840181
Random matched local,Group_C1_Bunny_69k.ply,273,11,4078,4046,0.031046416157027648,32,4440.337173209703,108.0000030053738,132.99999800923788,5007.024146308584,1.1276225095062433,45.999999003336896,336.0000093500518
Random matched local,Group_C1_Bunny_69k.ply,274,10,4078,4067,0.031207556725316717,11,4440.337173209703,118.99999534292266,140.9999936783987,4489.1804703011,1.0109999072561624,337.99999802205826,232.9999916850725
Random matched local,Group_C1_Bunny_69k.ply,275,10,4078,4028,0.03090829566992273,50,4440.337173209703,115.99999867453464,142.00000167478026,4545.096523505597,1.0235926566405698,19.99999941818584,352.0000006883735
Random matched local,Group_C1_Bunny_69k.ply,276,11,4078,4053,0.031100129679790672,25,4440.337173209703,118.99999534292266,140.9999936783987,4489.1804703011,1.0109999072561624,261.99999135370615,205.99999434882363
Random matched local,Group_C1_Bunny_69k.ply,277,10,4078,4029,0.030915969030317448,49,4440.337173209703,118.99999534292266,140.9999936783987,4489.1804703011,1.0109999072561624,318.000002018967,9.99999970909292
Random matched local,Group_C1_Bunny_69k.ply,278,10,4078,4078,0.031291963689658614,0,4440.337173209703,328.99999435651586,251.99999335216052,7110.177978011202,1.6012698361984077,337.00000368605504,242.99998968661814
Random matched local,Group_C1_Bunny_69k.ply,279,10,4078,4042,0.031015722715448776,36,4440.337173209703,219.00000267913563,154.99999634471394,6357.835344046601,1.4318361637953796,331.000010349279,16.999999334703237
Random matched local,Group_C1_Bunny_69k.ply,280,10,4078,4076,0.03127661696886918,2,4440.337173209703,299.000000351879,36.99999875288908,4440.337173209703,1.0,284.00000334956053,27.00000075134345
Random matched local,Group_C1_Bunny_69k.ply,281,11,4078,4070,0.031230576806500873,8,4440.337173209703,67.00000300280972,313.0000030181942,6496.583134674829,1.463083293284858,327.0000056845094,36.99999875288908
Random matched local,Group_C1_Bunny_69k.ply,282,10,4078,4043,0.031023396075843493,35,4440.337173209703,328.99999435651586,251.99999335216052,7110.177978011202,1.6012698361984077,324.9999896917463,15.999999876058132
Random matched local,Group_C1_Bunny_69k.ply,283,10,4078,4040,0.03100037599465934,38,4440.337173209703,230.00000867706282,54.0000015026869,4505.873711641169,1.0147593608041465,15.999999876058132,324.9999896917463
Random matched local,Group_C1_Bunny_69k.ply,284,11,4078,4059,0.031146169842158976,19,4440.337173209703,39.99999883637168,123.99999434369548,4663.1560837926945,1.0501806286079682,250.9999990161573,188.9999950141204
Random matched local,Group_C1_Bunny_69k.ply,285,12,4078,4066,0.031199883364922,12,4440.337173209703,298.0000060158758,36.00000100179127,4490.535121318722,1.0113049856690801,0.9999999922536332,318.9999963549702
Random matched local,Group_C1_Bunny_69k.ply,286,11,4078,4077,0.03128429032926389,1,4440.337173209703,226.00000401229323,245.00000567938125,5569.34865053035,1.2542625555852867,276.9999883560246,15.999999876058132
Random matched local,Group_C1_Bunny_69k.ply,287,11,4078,4064,0.031184536644132566,14,4440.337173209703,303.0000050166486,48.00000133572169,5684.192515601797,1.280126326869221,132.99999800923788,247.99998868739095
Random matched local,Group_C1_Bunny_69k.ply,288,11,4078,4045,0.03103874279663293,33,4440.337173209703,249.00001034415084,45.999999003336896,5502.3761820202035,1.2391798116634472,161.0000033418683,156.99999867709872
Random matched local,Group_C1_Bunny_69k.ply,289,10,4078,4059,0.031146169842158976,19,4440.337173209703,21.00000058437824,37.999999919081475,5816.9227001095605,1.3100182425797162,188.00000067811717,185.99999834573237
Random matched local,Group_C1_Bunny_69k.ply,290,10,4078,4051,0.031084782959001234,27,4440.337173209703,39.99999883637168,123.99999434369548,4663.1560837926945,1.0501806286079682,51.999999170302104,33.99999866940647
Random matched local,Group_C1_Bunny_69k.ply,291,10,4078,4065,0.031192210004527283,13,4440.337173209703,281.9999873567974,48.00000133572169,4985.384704652896,1.1227491314694926,54.999999253784715,0.9999999922536332
Random matched local,Group_C1_Bunny_69k.ply,292,14,4078,4055,0.031115476400580107,23,4440.337173209703,51.000001419204295,125.00000234007703,4509.153444904927,1.0154979833762219,75.99999983816295,327.0000056845094
Random matched local,Group_C1_Bunny_69k.ply,293,10,4078,4049,0.0310694362382118,29,4440.337173209703,71.00000083739013,130.00000134084985,5216.898504367545,1.1748879197379742,79.99999767274336,135.00000034162267
Random matched local,Group_C1_Bunny_69k.ply,294,11,4078,4071,0.03123825016689559,7,4440.337173209703,207.0000023452052,151.00000534032267,5797.278782552924,1.3055942727795948,221.00000501152041,130.00000134084985
Random matched local,Group_C1_Bunny_69k.ply,295,10,4078,4060,0.031153843202553693,18,4440.337173209703,299.000000351879,36.99999875288908,4440.337173209703,1.0,137.00000267400745,33.000000918308665
Random matched local,Group_C1_Bunny_69k.ply,296,11,4078,4075,0.03126894360847446,3,4440.337173209703,212.99999568198123,57.0000015861695,5593.588529539502,1.2597215732372347,185.99999834573237,125.99999667608026
Random matched local,Group_C1_Bunny_69k.ply,297,12,4078,4074,0.031261270248079745,4,4440.337173209703,22.000000043023345,31.999999752116263,5757.041706526575,1.2965325564151,300.99998902388546,166.99999667864435
Random matched local,Group_C1_Bunny_69k.ply,298,11,4078,4008,0.030754828462028375,70,4440.337173209703,212.99999568198123,158.00000667348027,6353.3546510806755,1.4308270753430523,334.9999876932919,336.0000093500518
Random matched local,Group_C1_Bunny_69k.ply,299,10,4078,4062,0.03116918992334313,16,4440.337173209703,273.00001101201167,51.999999170302104,5194.7477435277515,1.1698993884675477,168.0000046750259,181.99999368096277
Random matched local,Group_C1_Bunny_69k.ply,300,10,4078,4013,0.030793195264001965,65,4440.337173209703,39.99999883637168,123.99999434369548,4663.1560837926945,1.0501806286079682,144.00000400716507,241.9999953506149
Random matched local,Group_C1_Bunny_69k.ply,301,10,4078,4033,0.030946662471896317,45,4440.337173209703,299.000000351879,36.99999875288908,4440.337173209703,1.0,51.000001419204295,323.00000101973984
Random matched local,Group_C1_Bunny_69k.ply,302,10,4078,4056,0.031123149760974824,22,4440.337173209703,294.00000135110616,36.99999875288908,4873.571317057964,1.0975678483296567,252.99998768816374,289.0000023503334
Random matched local,Group_C1_Bunny_69k.ply,303,11,4078,4021,0.030854582147159706,57,4440.337173209703,94.00000033905859,137.00000267400745,5861.6468729066455,1.3200904895853995,250.00000468015406,130.00000134084985
Random matched local,Group_C1_Bunny_69k.ply,304,10,4078,4045,0.03103874279663293,33,4440.337173209703,199.00000667604436,147.00000067555308,5664.360424703803,1.275659978904105,205.0000000128204,205.99999434882363
Random matched local,Group_C1_Bunny_69k.ply,305,10,4078,4050,0.031077109598606517,28,4440.337173209703,299.000000351879,36.99999875288908,4440.337173209703,1.0,281.9999873567974,175.00000600818353
Random matched local,Group_C1_Bunny_69k.ply,306,10,4078,4056,0.031123149760974824,22,4440.337173209703,212.99999568198123,158.00000667348027,6353.3546510806755,1.4308270753430523,324.9999896917463,3.999999969014533
Random matched local,Group_C1_Bunny_69k.ply,307,12,4078,4031,0.030931315751106882,47,4440.337173209703,118.99999534292266,140.9999936783987,4489.1804703011,1.0109999072561624,36.99999875288908,25.00000012650595
Random matched local,Group_C1_Bunny_69k.ply,308,12,4078,4060,0.031153843202553693,18,4440.337173209703,68.99999850500534,130.00000134084985,5166.337017185432,1.1635010621166273,299.99999468788224,323.99999535574307
Random matched local,Group_C1_Bunny_69k.ply,309,10,4078,4078,0.031291963689658614,0,4440.337173209703,51.000001419204295,125.00000234007703,4509.153444904927,1.0154979833762219,75.99999983816295,327.0000056845094
Random matched local,Group_C1_Bunny_69k.ply,310,11,4078,4043,0.031023396075843493,35,4440.337173209703,273.00001101201167,51.999999170302104,5194.7477435277515,1.1698993884675477,274.9999996840181,61.000002835844505
Random matched local,Group_C1_Bunny_69k.ply,311,10,4078,4045,0.03103874279663293,33,4440.337173209703,229.00000068068124,54.0000015026869,4568.393565406484,1.028839339717127,161.99999767787153,345.0000130155942
Random matched local,Group_C1_Bunny_69k.ply,312,10,4078,4076,0.03127661696886918,2,4440.337173209703,294.00000135110616,36.99999875288908,4873.571317057964,1.0975678483296567,312.000008682191,318.000002018967
Random matched local,Group_C1_Bunny_69k.ply,313,10,4078,4071,0.03123825016689559,7,4440.337173209703,212.000001345978,56.000000419977106,5666.511117919417,1.2761443324862136,358.99998836115276,280.9999930207942
Random matched local,Group_C1_Bunny_69k.ply,314,10,4078,4054,0.03110780304018539,24,4440.337173209703,103.99999834060421,142.00000167478026,5949.16028424728,1.3397992206855145,135.9999946776259,22.999999501668448
Random matched local,Group_C1_Bunny_69k.ply,315,11,4078,4041,0.03100804935505406,37,4440.337173209703,118.99999534292266,140.9999936783987,4489.1804703011,1.0109999072561624,90.99999684048139,224.00000167990842
Random matched local,Group_C1_Bunny_69k.ply,316,13,4078,4062,0.03116918992334313,16,4440.337173209703,195.999996347278,137.99999701001067,6483.4824278334945,1.4601329076879317,356.9999996891463,329.9999886925191
Random matched local,Group_C1_Bunny_69k.ply,317,10,4078,4051,0.031084782959001234,27,4440.337173209703,222.99999368352687,245.00000567938125,5631.465557192968,1.2682517875376245,31.999999752116263,16.999999334703237
Random matched local,Group_C1_Bunny_69k.ply,318,11,4078,4061,0.03116151656294841,17,4440.337173209703,298.0000060158758,31.999999752116263,5299.805609647893,1.193559273296564,357.99999402514953,152.99999401232913
Random matched local,Group_C1_Bunny_69k.ply,319,11,4078,4062,0.03116918992334313,16,4440.337173209703,118.99999534292266,140.9999936783987,4489.1804703011,1.0109999072561624,222.99999368352687,199.00000667604436
Random matched local,Group_C1_Bunny_69k.ply,320,12,4078,4032,0.0309389891115016,46,4440.337173209703,27.00000075134345,33.000000918308665,5896.801790915245,1.3280076626822315,185.99999834573237,212.99999568198123
Random matched local,Group_C1_Bunny_69k.ply,321,10,4078,4054,0.03110780304018539,24,4440.337173209703,118.99999534292266,140.9999936783987,4489.1804703011,1.0109999072561624,331.000010349279,9.000000250447817
Random matched local,Group_C1_Bunny_69k.ply,322,10,4078,4048,0.031061762877817083,30,4440.337173209703,299.99999468788224,42.00000116875648,4463.789876827524,1.0052817393596414,188.9999950141204,284.99999768556376
Random matched local,Group_C1_Bunny_69k.ply,323,11,4078,4049,0.0310694362382118,29,4440.337173209703,39.00000108527387,14.000000104994276,6825.309647016289,1.5371151740899456,31.999999752116263,6.000000166965211
Random matched local,Group_C1_Bunny_69k.ply,324,10,4078,4058,0.03113849648176426,20,4440.337173209703,294.9999956871094,41.00000000256408,4480.7028179326335,1.0090906710793208,285.999992021567,47.000000169529294
Random matched local,Group_C1_Bunny_69k.ply,325,11,4078,4066,0.031199883364922,12,4440.337173209703,289.0000023503334,45.00000125223908,4819.586257304042,1.0854099743556633,357.99999402514953,130.99999567685308
Random matched local,Group_C1_Bunny_69k.ply,326,10,4078,4048,0.031061762877817083,30,4440.337173209703,118.99999534292266,140.9999936783987,4489.1804703011,1.0109999072561624,244.00001134337802,219.00000267913563
Random matched local,Group_C1_Bunny_69k.ply,327,10,4078,4078,0.031291963689658614,0,4440.337173209703,120.00000333930423,146.00000633954986,4866.133051470291,1.0958926904987265,117.0000066709162,156.0000043410955
Random matched local,Group_C1_Bunny_69k.ply,328,10,4078,4041,0.03100804935505406,37,4440.337173209703,127.99999900846505,142.00000167478026,5281.345903380843,1.189401997498135,45.999999003336896,336.0000093500518
Random matched local,Group_C1_Bunny_69k.ply,329,10,4078,4075,0.03126894360847446,3,4440.337173209703,115.99999867453464,142.00000167478026,4545.096523505597,1.0235926566405698,190.99999734650518,193.99999401489322
Random matched local,Group_C1_Bunny_69k.ply,330,10,4078,4013,0.030793195264001965,65,4440.337173209703,294.00000135110616,36.99999875288908,4873.571317057964,1.0975678483296567,192.99999967889,176.99999468018999
Random matched local,Group_C1_Bunny_69k.ply,331,10,4078,4068,0.031215230085711435,10,4440.337173209703,299.99999468788224,42.00000116875648,4463.789876827524,1.0052817393596414,247.99998868739095,273.00001101201167
Random matched local,Group_C1_Bunny_69k.ply,332,11,4078,4078,0.031291963689658614,0,4440.337173209703,299.000000351879,36.99999875288908,4440.337173209703,1.0,286.9999863575702,168.0000046750259
Random matched local,Group_C1_Bunny_69k.ply,333,11,4078,4058,0.03113849648176426,20,4440.337173209703,303.0000050166486,34.99999983559887,5008.655146133801,1.1279898239153963,207.0000023452052,151.00000534032267
Random matched local,Group_C1_Bunny_69k.ply,334,12,4078,4071,0.03123825016689559,7,4440.337173209703,102.99999717441182,135.9999946776259,4958.901523558561,1.116784903965753,62.99999833804013,51.999999170302104
Random matched local,Group_C1_Bunny_69k.ply,335,11,4078,4047,0.031054089517422365,31,4440.337173209703,27.00000075134345,33.000000918308665,5896.801790915245,1.3280076626822315,228.000006344678,154.0000020087107
Random matched local,Group_C1_Bunny_69k.ply,336,10,4078,4021,0.030854582147159706,57,4440.337173209703,33.99999866940647,123.00000000769225,5512.63064392342,1.2414891997804323,86.99999900590097,276.9999883560246
Random matched local,Group_C1_Bunny_69k.ply,337,10,4078,4062,0.03116918992334313,16,4440.337173209703,294.00000135110616,36.99999875288908,4873.571317057964,1.0975678483296567,132.99999800923788,178.99999701257477
Random matched local,Group_C1_Bunny_69k.ply,338,10,4078,4041,0.03100804935505406,37,4440.337173209703,294.00000135110616,36.99999875288908,4873.571317057964,1.0975678483296567,255.00000368092688,36.99999875288908
Random matched local,Group_C1_Bunny_69k.ply,339,12,4078,4076,0.03127661696886918,2,4440.337173209703,108.0000030053738,132.99999800923788,5007.024146308584,1.1276225095062433,60.000001669652114,7.000000052497138
Random matched local,Group_C1_Bunny_69k.ply,340,10,4078,4039,0.030992702634264624,39,4440.337173209703,230.00000867706282,54.0000015026869,4505.873711641169,1.0147593608041465,228.000006344678,154.0000020087107
Random matched local,Group_C1_Bunny_69k.ply,341,10,4078,4025,0.030885275588738575,53,4440.337173209703,118.99999534292266,140.9999936783987,4489.1804703011,1.0109999072561624,195.00000201127477,205.99999434882363
Random matched local,Group_C1_Bunny_69k.ply,342,11,4078,4069,0.031222903446106152,9,4440.337173209703,22.000000043023345,31.999999752116263,5757.041706526575,1.2965325564151,30.000000834826057,28.99999966863366
Random matched local,Group_C1_Bunny_69k.ply,343,11,4078,4074,0.031261270248079745,4,4440.337173209703,226.00000401229323,245.00000567938125,5569.34865053035,1.2542625555852867,168.99999901102913,57.99999933726732
Random matched local,Group_C1_Bunny_69k.ply,344,11,4078,4025,0.030885275588738575,53,4440.337173209703,51.000001419204295,125.00000234007703,4509.153444904927,1.0154979833762219,82.00000000512816,246.99999435138773
Random matched local,Group_C1_Bunny_69k.ply,345,13,4078,4071,0.03123825016689559,7,4440.337173209703,39.99999883637168,123.99999434369548,4663.1560837926945,1.0501806286079682,92.99999917286618,24.000000667860846
Random matched local,Group_C1_Bunny_69k.ply,346,10,4078,4063,0.03117686328373785,15,4440.337173209703,103.99999834060421,142.00000167478026,5949.16028424728,1.3397992206855145,264.0000073464693,185.99999834573237
Random matched local,Group_C1_Bunny_69k.ply,347,11,4078,4013,0.030793195264001965,65,4440.337173209703,60.000001669652114,313.99999735419743,7076.664404435592,1.5937223072004274,7.999999938029066,207.0000023452052
Random matched local,Group_C1_Bunny_69k.ply,348,10,4078,4063,0.03117686328373785,15,4440.337173209703,276.9999883560246,53.0000003364945,5412.387453820094,1.2189136190997278,168.0000046750259,181.99999368096277
Random matched local,Group_C1_Bunny_69k.ply,349,11,4078,4068,0.031215230085711435,10,4440.337173209703,102.99999717441182,132.99999800923788,4962.904394165544,1.1176863829415238,144.00000400716507,241.9999953506149
Random matched local,Group_C1_Bunny_69k.ply,350,11,4078,3984,0.03057066781255515,94,4440.337173209703,205.99999434882363,57.0000015861695,5972.750915968713,1.345112022574471,347.9999960236039,235.00000767783564
Random matched local,Group_C1_Bunny_69k.ply,351,15,4078,4068,0.031215230085711435,10,4440.337173209703,15.999999876058132,36.00000100179127,5718.402133500281,1.287830610702639,54.999999253784715,45.00000125223908
Random matched local,Group_C1_Bunny_69k.ply,352,12,4078,4025,0.030885275588738575,53,4440.337173209703,229.00000068068124,54.0000015026869,4568.393565406484,1.028839339717127,7.999999938029066,207.0000023452052
Random matched local,Group_C1_Bunny_69k.ply,353,12,4078,4070,0.031230576806500873,8,4440.337173209703,22.000000043023345,28.99999966863366,6095.835000030265,1.3728315581097827,14.000000104994276,19.99999941818584
Random matched local,Group_C1_Bunny_69k.ply,354,11,4078,4067,0.031207556725316717,11,4440.337173209703,299.99999468788224,42.00000116875648,4463.789876827524,1.0052817393596414,246.99999435138773,200.99999534805082
Random matched local,Group_C1_Bunny_69k.ply,355,12,4078,4076,0.03127661696886918,2,4440.337173209703,118.99999534292266,140.9999936783987,4489.1804703011,1.0109999072561624,256.99999235293336,180.99999934495955
Random matched local,Group_C1_Bunny_69k.ply,356,10,4078,4070,0.031230576806500873,8,4440.337173209703,115.99999867453464,142.00000167478026,4545.096523505597,1.0235926566405698,199.00000667604436,123.99999434369548
Random matched local,Group_C1_Bunny_69k.ply,357,11,4078,4063,0.03117686328373785,15,4440.337173209703,212.000001345978,56.000000419977106,5666.511117919417,1.2761443324862136,151.00000534032267,154.0000020087107
Random matched local,Group_C1_Bunny_69k.ply,358,11,4078,4078,0.031291963689658614,0,4440.337173209703,39.99999883637168,123.99999434369548,4663.1560837926945,1.0501806286079682,202.00000334443237,178.99999701257477
Random matched local,Group_C1_Bunny_69k.ply,359,12,4078,4071,0.03123825016689559,7,4440.337173209703,102.99999717441182,135.9999946776259,4958.901523558561,1.116784903965753,73.00000316977493,11.000000021511672
Random matched local,Group_C1_Bunny_69k.ply,360,12,4078,4067,0.031207556725316717,11,4440.337173209703,98.9999993398314,139.00000500639226,5970.324859146244,1.3445656548713367,36.99999875288908,329.9999886925191
Random matched local,Group_C1_Bunny_69k.ply,361,10,4078,4051,0.031084782959001234,27,4440.337173209703,115.99999867453464,142.00000167478026,4545.096523505597,1.0235926566405698,276.9999883560246,15.999999876058132
Random matched local,Group_C1_Bunny_69k.ply,362,11,4078,4055,0.031115476400580107,23,4440.337173209703,102.99999717441182,135.9999946776259,4958.901523558561,1.116784903965753,193.99999401489322,195.999996347278
Random matched local,Group_C1_Bunny_69k.ply,363,12,4078,4047,0.031054089517422365,31,4440.337173209703,15.999999876058132,36.00000100179127,5718.402133500281,1.287830610702639,281.9999873567974,331.000010349279
Random matched local,Group_C1_Bunny_69k.ply,364,11,4078,4070,0.031230576806500873,8,4440.337173209703,115.99999867453464,142.00000167478026,4545.096523505597,1.0235926566405698,16.999999334703237,30.000000834826057
Random matched local,Group_C1_Bunny_69k.ply,365,10,4078,4065,0.031192210004527283,13,4440.337173209703,15.999999876058132,36.00000100179127,5718.402133500281,1.287830610702639,173.99999801180195,18.999999959540737
Random matched local,Group_C1_Bunny_69k.ply,366,12,4078,4050,0.031077109598606517,28,4440.337173209703,281.9999873567974,48.00000133572169,4985.384704652896,1.1227491314694926,202.9999976804356,57.99999933726732
Random matched local,Group_C1_Bunny_69k.ply,367,12,4078,4017,0.030823888705580834,61,4440.337173209703,303.9999993526518,39.00000108527387,5309.583234392907,1.195761273812202,61.000002835844505,257.9999866889366
Random matched local,Group_C1_Bunny_69k.ply,368,11,4078,4042,0.031015722715448776,36,4440.337173209703,299.000000351879,36.99999875288908,4440.337173209703,1.0,90.99999684048139,224.00000167990842
Random matched local,Group_C1_Bunny_69k.ply,369,12,4078,4036,0.030969682553080472,42,4440.337173209703,307.0000096814182,37.999999919081475,5292.14468869296,1.1918339716683106,219.99999701513886,219.00000267913563
Random matched local,Group_C1_Bunny_69k.ply,370,10,4078,4053,0.031100129679790672,25,4440.337173209703,210.99999334959645,151.9999996763259,5973.558780575587,1.3452939602461749,15.999999876058132,324.9999896917463
Random matched local,Group_C1_Bunny_69k.ply,371,11,4078,4076,0.03127661696886918,2,4440.337173209703,281.9999873567974,48.00000133572169,4985.384704652896,1.1227491314694926,85.99999783970858,14.000000104994276
Random matched local,Group_C1_Bunny_69k.ply,372,10,4078,4017,0.030823888705580834,61,4440.337173209703,303.0000050166486,34.99999983559887,5008.655146133801,1.1279898239153963,356.9999996891463,329.9999886925191
Random matched local,Group_C1_Bunny_69k.ply,373,10,4078,4067,0.031207556725316717,11,4440.337173209703,95.00000150525098,130.00000134084985,5289.586122370948,1.1912577617495124,85.99999783970858,127.00000467246183
Random matched local,Group_C1_Bunny_69k.ply,374,11,4078,4071,0.03123825016689559,7,4440.337173209703,39.99999883637168,123.99999434369548,4663.1560837926945,1.0501806286079682,68.99999850500534,3.999999969014533
Random matched local,Group_C1_Bunny_69k.ply,375,13,4078,4078,0.031291963689658614,0,4440.337173209703,59.00000050345972,127.99999900846505,4631.5493662495255,1.043062539077771,142.00000167478026,18.000000500895634
Random matched local,Group_C1_Bunny_69k.ply,376,10,4078,4071,0.03123825016689559,7,4440.337173209703,62.99999833804013,127.00000467246183,4887.027188766101,1.1005982199395699,202.9999976804356,159.99999534548672
Random matched local,Group_C1_Bunny_69k.ply,377,12,4078,4068,0.031215230085711435,10,4440.337173209703,303.0000050166486,34.99999983559887,5008.655146133801,1.1279898239153963,15.999999876058132,39.00000108527387
Random matched local,Group_C1_Bunny_69k.ply,378,11,4078,4072,0.031245923527290307,6,4440.337173209703,294.9999956871094,41.00000000256408,4480.7028179326335,1.0090906710793208,113.00000200614662,239.00001234260523
Random matched local,Group_C1_Bunny_69k.ply,379,12,4078,4077,0.03128429032926389,1,4440.337173209703,226.00000401229323,245.00000567938125,5569.34865053035,1.2542625555852867,102.99999717441182,228.000006344678
Random matched local,Group_C1_Bunny_69k.ply,380,11,4078,4041,0.03100804935505406,37,4440.337173209703,299.99999468788224,42.00000116875648,4463.789876827524,1.0052817393596414,352.0000006883735,204.00000567681718
Random matched local,Group_C1_Bunny_69k.ply,381,11,4078,4056,0.031123149760974824,22,4440.337173209703,51.000001419204295,125.00000234007703,4509.153444904927,1.0154979833762219,171.99999567941717,180.99999934495955
Random matched local,Group_C1_Bunny_69k.ply,382,12,4078,4056,0.031123149760974824,22,4440.337173209703,229.00000068068124,54.0000015026869,4568.393565406484,1.028839339717127,22.999999501668448,255.00000368092688
Random matched local,Group_C1_Bunny_69k.ply,383,11,4078,4057,0.03113082312136954,21,4440.337173209703,212.99999568198123,57.0000015861695,5593.588529539502,1.2597215732372347,51.999999170302104,33.99999866940647
Random matched local,Group_C1_Bunny_69k.ply,384,11,4078,4052,0.03109245631939595,26,4440.337173209703,62.99999833804013,127.00000467246183,4887.027188766101,1.1005982199395699,78.00000217054775,122.00000567168901
Random matched local,Group_C1_Bunny_69k.ply,385,12,4078,4078,0.031291963689658614,0,4440.337173209703,299.99999468788224,42.00000116875648,4463.789876827524,1.0052817393596414,313.0000030181942,33.000000918308665
Random matched local,Group_C1_Bunny_69k.ply,386,10,4078,4078,0.031291963689658614,0,4440.337173209703,222.99999368352687,245.00000567938125,5631.465557192968,1.2682517875376245,161.99999767787153,176.00000034418676
Random matched local,Group_C1_Bunny_69k.ply,387,12,4078,4070,0.031230576806500873,8,4440.337173209703,297.00001167987256,28.000000209988553,6115.439509557298,1.3772466529015286,185.99999834573237,178.00000267657154
Random matched local,Group_C1_Bunny_69k.ply,388,12,4078,4069,0.031222903446106152,9,4440.337173209703,51.000001419204295,125.00000234007703,4509.153444904927,1.0154979833762219,24.000000667860846,128.9999933444683
Random matched local,Group_C1_Bunny_69k.ply,389,10,4078,4050,0.031077109598606517,28,4440.337173209703,51.000001419204295,125.00000234007703,4509.153444904927,1.0154979833762219,332.9999990212855,34.99999983559887
Random matched local,Group_C1_Bunny_69k.ply,390,12,4078,4068,0.031215230085711435,10,4440.337173209703,15.999999876058132,36.00000100179127,5718.402133500281,1.287830610702639,334.9999876932919,241.9999953506149
Random matched local,Group_C1_Bunny_69k.ply,391,10,4078,4055,0.031115476400580107,23,4440.337173209703,229.00000068068124,54.0000015026869,4568.393565406484,1.028839339717127,255.9999980169301,197.00000434365958
Random matched local,Group_C1_Bunny_69k.ply,392,10,4078,4060,0.031153843202553693,18,4440.337173209703,127.99999900846505,142.00000167478026,5281.345903380843,1.189401997498135,161.99999767787153,345.0000130155942
Random matched local,Group_C1_Bunny_69k.ply,393,10,4078,4048,0.031061762877817083,30,4440.337173209703,276.9999883560246,53.0000003364945,5412.387453820094,1.2189136190997278,102.00000283840859,9.000000250447817
Random matched local,Group_C1_Bunny_69k.ply,394,12,4078,4073,0.031253596887685024,5,4440.337173209703,94.00000033905859,137.00000267400745,5861.6468729066455,1.3200904895853995,84.99999667351618,147.00000067555308
Random matched local,Group_C1_Bunny_69k.ply,395,10,4078,4004,0.030724135020449506,74,4440.337173209703,54.0000015026869,127.00000467246183,4527.99146825617,1.0197404592550583,159.0000010094835,7.999999938029066
Random matched local,Group_C1_Bunny_69k.ply,396,11,4078,4066,0.031199883364922,12,4440.337173209703,200.0000010120476,142.9999960107835,5738.762784595332,1.292415994717595,200.0000010120476,161.99999767787153
Random matched local,Group_C1_Bunny_69k.ply,397,12,4078,4076,0.03127661696886918,2,4440.337173209703,299.99999468788224,42.00000116875648,4463.789876827524,1.0052817393596414,134.00000600561944,139.99999934239548
Random matched local,Group_C1_Bunny_69k.ply,398,11,4078,4070,0.031230576806500873,8,4440.337173209703,298.0000060158758,31.999999752116263,5299.805609647893,1.193559273296564,1.9999999845072665,16.999999334703237
Random matched local,Group_C1_Bunny_69k.ply,399,10,4078,4067,0.031207556725316717,11,4440.337173209703,33.99999866940647,123.00000000769225,5512.63064392342,1.2414891997804323,95.00000150525098,156.99999867709872
Random matched local,Group_C1_Bunny_69k.ply,400,10,4078,4057,0.03113082312136954,21,4440.337173209703,230.00000867706282,54.0000015026869,4505.873711641169,1.0147593608041465,234.0000133418324,48.9999990868195
Random matched local,Group_C1_Bunny_69k.ply,401,12,4078,4078,0.031291963689658614,0,4440.337173209703,307.0000096814182,37.999999919081475,5292.14468869296,1.1918339716683106,332.9999990212855,34.99999983559887
Random matched local,Group_C1_Bunny_69k.ply,402,11,4078,4049,0.0310694362382118,29,4440.337173209703,210.99999334959645,151.9999996763259,5973.558780575587,1.3452939602461749,171.99999567941717,180.99999934495955
Random matched local,Group_C1_Bunny_69k.ply,403,10,4078,4050,0.031077109598606517,28,4440.337173209703,299.99999468788224,42.00000116875648,4463.789876827524,1.0052817393596414,299.000000351879,48.9999990868195
Random matched local,Group_C1_Bunny_69k.ply,404,10,4078,4014,0.030800868624396682,64,4440.337173209703,102.99999717441182,132.99999800923788,4962.904394165544,1.1176863829415238,188.00000067811717,169.99999334703236
Random matched local,Group_C1_Bunny_69k.ply,405,10,4078,4042,0.031015722715448776,36,4440.337173209703,226.00000401229323,245.00000567938125,5569.34865053035,1.2542625555852867,255.9999980169301,197.00000434365958
Random matched local,Group_C1_Bunny_69k.ply,406,10,4078,4049,0.0310694362382118,29,4440.337173209703,102.99999717441182,135.9999946776259,4958.901523558561,1.116784903965753,339.9999866940647,251.99999335216052
Random matched local,Group_C1_Bunny_69k.ply,407,11,4078,4077,0.03128429032926389,1,4440.337173209703,15.999999876058132,36.00000100179127,5718.402133500281,1.287830610702639,204.00000567681718,175.00000600818353
Random matched local,Group_C1_Bunny_69k.ply,408,10,4078,4016,0.030816215345186117,62,4440.337173209703,294.00000135110616,36.99999875288908,4873.571317057964,1.0975678483296567,47.000000169529294,36.99999875288908
Random matched local,Group_C1_Bunny_69k.ply,409,11,4078,4059,0.031146169842158976,19,4440.337173209703,102.99999717441182,135.9999946776259,4958.901523558561,1.116784903965753,342.9999970228311,139.00000500639226
Random matched local,Group_C1_Bunny_69k.ply,410,11,4078,4075,0.03126894360847446,3,4440.337173209703,100.0000005060238,134.00000600561944,5234.021293230293,1.1787441108772545,214.00000367836282,244.00001134337802
Random matched local,Group_C1_Bunny_69k.ply,411,12,4078,4063,0.03117686328373785,15,4440.337173209703,15.999999876058132,36.00000100179127,5718.402133500281,1.287830610702639,205.0000000128204,251.99999335216052
Random matched local,Group_C1_Bunny_69k.ply,412,12,4078,4035,0.03096200919268575,43,4440.337173209703,15.999999876058132,36.00000100179127,5718.402133500281,1.287830610702639,117.0000066709162,231.00000301306605
Random matched local,Group_C1_Bunny_69k.ply,413,11,4078,4076,0.03127661696886918,2,4440.337173209703,51.000001419204295,125.00000234007703,4509.153444904927,1.0154979833762219,71.00000083739013,331.000010349279
Random matched local,Group_C1_Bunny_69k.ply,414,10,4078,4057,0.03113082312136954,21,4440.337173209703,212.99999568198123,57.0000015861695,5593.588529539502,1.2597215732372347,117.0000066709162,231.00000301306605
Random matched local,Group_C1_Bunny_69k.ply,415,10,4078,4064,0.031184536644132566,14,4440.337173209703,102.99999717441182,135.9999946776259,4958.901523558561,1.116784903965753,244.00001134337802,219.00000267913563
Random matched local,Group_C1_Bunny_69k.ply,416,10,4078,4077,0.03128429032926389,1,4440.337173209703,59.00000050345972,127.99999900846505,4631.5493662495255,1.043062539077771,51.000001419204295,323.00000101973984
Random matched local,Group_C1_Bunny_69k.ply,417,11,4078,4074,0.031261270248079745,4,4440.337173209703,51.000001419204295,125.00000234007703,4509.153444904927,1.0154979833762219,221.00000501152041,130.00000134084985
Random matched local,Group_C1_Bunny_69k.ply,418,10,4078,3991,0.030624381335318175,87,4440.337173209703,200.0000010120476,151.00000534032267,6316.549521832427,1.422538261270484,294.9999956871094,173.00000367579872
Random matched local,Group_C1_Bunny_69k.ply,419,11,4078,4037,0.03097735591347519,41,4440.337173209703,299.99999468788224,42.00000116875648,4463.789876827524,1.0052817393596414,314.99999169020066,168.99999901102913
Random matched local,Group_C1_Bunny_69k.ply,420,10,4078,4067,0.031207556725316717,11,4440.337173209703,103.99999834060421,142.00000167478026,5949.16028424728,1.3397992206855145,94.00000033905859,151.9999996763259
Random matched local,Group_C1_Bunny_69k.ply,421,11,4078,4058,0.03113849648176426,20,4440.337173209703,337.99999802205826,244.00001134337802,7507.904009385543,1.6908409691686646,190.99999734650518,224.00000167990842
Random matched local,Group_C1_Bunny_69k.ply,422,11,4078,4027,0.03090062230952801,51,4440.337173209703,102.99999717441182,135.9999946776259,4958.901523558561,1.116784903965753,86.99999900590097,342.0000026868279
Random matched local,Group_C1_Bunny_69k.ply,423,11,4078,4060,0.031153843202553693,18,4440.337173209703,7.999999938029066,34.99999983559887,6551.717431092065,1.4754999846906105,118.00000100691943,176.00000034418676
Random matched local,Group_C1_Bunny_69k.ply,424,11,4078,4070,0.031230576806500873,8,4440.337173209703,299.000000351879,36.99999875288908,4440.337173209703,1.0,221.99999934752364,183.00000167734436
Random matched local,Group_C1_Bunny_69k.ply,425,10,4078,4041,0.03100804935505406,37,4440.337173209703,303.9999993526518,39.00000108527387,5309.583234392907,1.195761273812202,188.00000067811717,185.99999834573237
Random matched local,Group_C1_Bunny_69k.ply,426,11,4078,4073,0.031253596887685024,5,4440.337173209703,273.00001101201167,51.999999170302104,5194.7477435277515,1.1698993884675477,342.0000026868279,118.99999534292266
Random matched local,Group_C1_Bunny_69k.ply,427,10,4078,4060,0.031153843202553693,18,4440.337173209703,15.999999876058132,36.00000100179127,5718.402133500281,1.287830610702639,236.9999963498421,202.9999976804356
Random matched local,Group_C1_Bunny_69k.ply,428,10,4078,4045,0.03103874279663293,33,4440.337173209703,202.00000334443237,135.9999946776259,6481.602172221034,1.4597094588508017,337.00000368605504,242.99998968661814
Random matched local,Group_C1_Bunny_69k.ply,429,12,4078,4064,0.031184536644132566,14,4440.337173209703,212.99999568198123,159.99999534548672,6601.909960597015,1.4868037500460392,41.00000000256408,350.00001201636707
Random matched local,Group_C1_Bunny_69k.ply,430,10,4078,4063,0.03117686328373785,15,4440.337173209703,299.000000351879,36.99999875288908,4440.337173209703,1.0,222.99999368352687,132.99999800923788
Random matched local,Group_C1_Bunny_69k.ply,431,10,4078,4047,0.031054089517422365,31,4440.337173209703,217.00000034675082,166.99999667864435,6750.02701026349,1.5201609127768614,318.000002018967,242.99998968661814
Random matched local,Group_C1_Bunny_69k.ply,432,12,4078,4073,0.031253596887685024,5,4440.337173209703,100.0000005060238,134.00000600561944,5234.021293230293,1.1787441108772545,318.000002018967,9.99999970909292
Random matched local,Group_C1_Bunny_69k.ply,433,12,4078,4068,0.031215230085711435,10,4440.337173209703,307.0000096814182,37.999999919081475,5292.14468869296,1.1918339716683106,276.9999883560246,303.0000050166486
Random matched local,Group_C1_Bunny_69k.ply,434,11,4078,4061,0.03116151656294841,17,4440.337173209703,199.00000667604436,147.00000067555308,5664.360424703803,1.275659978904105,173.99999801180195,299.99999468788224
Random matched local,Group_C1_Bunny_69k.ply,435,11,4078,4075,0.03126894360847446,3,4440.337173209703,54.0000015026869,127.00000467246183,4527.99146825617,1.0197404592550583,284.00000334956053,27.00000075134345
Random matched local,Group_C1_Bunny_69k.ply,436,13,4078,4073,0.031253596887685024,5,4440.337173209703,212.99999568198123,158.00000667348027,6353.3546510806755,1.4308270753430523,185.00000400972914,193.99999401489322
Random matched local,Group_C1_Bunny_69k.ply,437,11,4078,4046,0.031046416157027648,32,4440.337173209703,298.0000060158758,33.99999866940647,4815.090786327015,1.084397557775195,207.99999668120842,134.00000600561944
Random matched local,Group_C1_Bunny_69k.ply,438,12,4078,4071,0.03123825016689559,7,4440.337173209703,28.000000209988553,25.999999585151052,6158.234659305289,1.3868844682472168,317.00000768296377,154.0000020087107
Random matched local,Group_C1_Bunny_69k.ply,439,11,4078,4075,0.03126894360847446,3,4440.337173209703,51.000001419204295,125.00000234007703,4509.153444904927,1.0154979833762219,352.0000006883735,204.00000567681718
Random matched local,Group_C1_Bunny_69k.ply,440,11,4078,4060,0.031153843202553693,18,4440.337173209703,299.99999468788224,42.00000116875648,4463.789876827524,1.0052817393596414,299.000000351879,48.9999990868195
Random matched local,Group_C1_Bunny_69k.ply,441,12,4078,4069,0.031222903446106152,9,4440.337173209703,207.0000023452052,151.00000534032267,5797.278782552924,1.3055942727795948,61.99999717184774,347.0000016876007
Random matched local,Group_C1_Bunny_69k.ply,442,11,4078,3978,0.030524627650186847,100,4440.337173209703,118.99999534292266,140.9999936783987,4489.1804703011,1.0109999072561624,16.999999334703237,61.99999717184774
Random matched local,Group_C1_Bunny_69k.ply,443,12,4078,4050,0.031077109598606517,28,4440.337173209703,299.000000351879,36.99999875288908,4440.337173209703,1.0,303.9999993526518,28.99999966863366
Random matched local,Group_C1_Bunny_69k.ply,444,11,4078,4066,0.031199883364922,12,4440.337173209703,199.00000667604436,147.00000067555308,5664.360424703803,1.275659978904105,204.00000567681718,125.99999667608026
Random matched local,Group_C1_Bunny_69k.ply,445,11,4078,4071,0.03123825016689559,7,4440.337173209703,120.00000333930423,146.00000633954986,4866.133051470291,1.0958926904987265,77.00000100435535,15.000000417413029
Random matched local,Group_C1_Bunny_69k.ply,446,10,4078,4039,0.030992702634264624,39,4440.337173209703,229.00000068068124,54.0000015026869,4568.393565406484,1.028839339717127,149.0000030079379,180.00000500895632
Random matched local,Group_C1_Bunny_69k.ply,447,12,4078,4070,0.031230576806500873,8,4440.337173209703,51.000001419204295,125.00000234007703,4509.153444904927,1.0154979833762219,14.000000104994276,19.99999941818584
Random matched local,Group_C1_Bunny_69k.ply,448,11,4078,4075,0.03126894360847446,3,4440.337173209703,230.00000867706282,54.0000015026869,4505.873711641169,1.0147593608041465,348.9999903596071,288.00000801433015
Random matched local,Group_C1_Bunny_69k.ply,449,13,4078,4069,0.031222903446106152,9,4440.337173209703,199.00000667604436,147.00000067555308,5664.360424703803,1.275659978904105,168.0000046750259,181.99999368096277
Random matched local,Group_C1_Bunny_69k.ply,450,11,4078,4068,0.031215230085711435,10,4440.337173209703,51.000001419204295,125.00000234007703,4509.153444904927,1.0154979833762219,224.99999601591168,176.00000034418676
Random matched local,Group_C1_Bunny_69k.ply,451,10,4078,3988,0.030601361254134023,90,4440.337173209703,263.0000130104661,190.99999734650518,7332.538770250052,1.6513472928340074,142.00000167478026,164.00000001025631
Random matched local,Group_C1_Bunny_69k.ply,452,10,4078,4036,0.030969682553080472,42,4440.337173209703,118.99999534292266,140.9999936783987,4489.1804703011,1.0109999072561624,22.000000043023345,292.0000126790997
Random matched local,Group_C1_Bunny_69k.ply,453,12,4078,4050,0.031077109598606517,28,4440.337173209703,15.999999876058132,36.00000100179127,5718.402133500281,1.287830610702639,6.000000166965211,14.000000104994276
Random matched local,Group_C1_Bunny_69k.ply,454,10,4078,4025,0.030885275588738575,53,4440.337173209703,6.000000166965211,39.00000108527387,6725.522604855624,1.514642321631191,356.9999996891463,31.999999752116263
Random matched local,Group_C1_Bunny_69k.ply,455,11,4078,4056,0.031123149760974824,22,4440.337173209703,39.99999883637168,123.99999434369548,4663.1560837926945,1.0501806286079682,16.999999334703237,9.99999970909292
Random matched local,Group_C1_Bunny_69k.ply,456,12,4078,4078,0.031291963689658614,0,4440.337173209703,219.00000267913563,154.99999634471394,6357.835344046601,1.4318361637953796,236.00000201383887,158.00000667348027
Random matched local,Group_C1_Bunny_69k.ply,457,11,4078,4040,0.03100037599465934,38,4440.337173209703,273.00001101201167,51.999999170302104,5194.7477435277515,1.1698993884675477,118.00000100691943,176.00000034418676
Random matched local,Group_C1_Bunny_69k.ply,458,10,4078,4044,0.03103106943623821,34,4440.337173209703,130.00000134084985,147.00000067555308,6144.694060333504,1.3838350153692958,176.99999468018999,178.99999701257477
Random matched local,Group_C1_Bunny_69k.ply,459,11,4078,4067,0.031207556725316717,11,4440.337173209703,299.000000351879,36.99999875288908,4440.337173209703,1.0,318.000002018967,242.99998968661814
Random matched local,Group_C1_Bunny_69k.ply,460,11,4078,4078,0.031291963689658614,0,4440.337173209703,299.000000351879,36.99999875288908,4440.337173209703,1.0,250.9999990161573,188.9999950141204
Random matched local,Group_C1_Bunny_69k.ply,461,11,4078,4077,0.03128429032926389,1,4440.337173209703,224.99999601591168,245.00000567938125,5551.786954737891,1.2503075190402209,255.9999980169301,197.00000434365958
Random matched local,Group_C1_Bunny_69k.ply,462,12,4078,4075,0.03126894360847446,3,4440.337173209703,263.0000130104661,47.000000169529294,5453.13535643018,1.2280903777602938,264.0000073464693,37.999999919081475
Random matched local,Group_C1_Bunny_69k.ply,463,11,4078,4070,0.031230576806500873,8,4440.337173209703,281.9999873567974,48.00000133572169,4985.384704652896,1.1227491314694926,274.0000053480149,42.99999891985429
Random matched local,Group_C1_Bunny_69k.ply,464,10,4078,4002,0.030708788299660072,76,4440.337173209703,298.0000060158758,31.999999752116263,5299.805609647893,1.193559273296564,307.0000096814182,149.99999734394112
Random matched local,Group_C1_Bunny_69k.ply,465,10,4078,4045,0.03103874279663293,33,4440.337173209703,276.9999883560246,53.0000003364945,5412.387453820094,1.2189136190997278,66.00000183661733,345.0000130155942
Random matched local,Group_C1_Bunny_69k.ply,466,11,4078,4060,0.031153843202553693,18,4440.337173209703,59.00000050345972,127.99999900846505,4631.5493662495255,1.043062539077771,228.000006344678,154.0000020087107
Random matched local,Group_C1_Bunny_69k.ply,467,11,4078,4058,0.03113849648176426,20,4440.337173209703,62.99999833804013,127.00000467246183,4887.027188766101,1.1005982199395699,205.0000000128204,169.99999334703236
Random matched local,Group_C1_Bunny_69k.ply,468,11,4078,4077,0.03128429032926389,1,4440.337173209703,294.9999956871094,41.00000000256408,4480.7028179326335,1.0090906710793208,328.00000002051263,303.0000050166486
Random matched local,Group_C1_Bunny_69k.ply,469,11,4078,4048,0.031061762877817083,30,4440.337173209703,39.99999883637168,123.99999434369548,4663.1560837926945,1.0501806286079682,3.0000000834826057,247.99998868739095
Random matched local,Group_C1_Bunny_69k.ply,470,10,4078,4064,0.031184536644132566,14,4440.337173209703,118.99999534292266,140.9999936783987,4489.1804703011,1.0109999072561624,94.00000033905859,9.99999970909292
Random matched local,Group_C1_Bunny_69k.ply,471,10,4078,4028,0.03090829566992273,50,4440.337173209703,217.00000034675082,152.99999401232913,6333.159021109589,1.4262788554256698,300.99998902388546,240.00000667860846
Random matched local,Group_C1_Bunny_69k.ply,472,11,4078,4062,0.03116918992334313,16,4440.337173209703,200.0000010120476,151.00000534032267,6316.549521832427,1.422538261270484,146.00000633954986,48.00000133572169
Random matched local,Group_C1_Bunny_69k.ply,473,11,4078,4059,0.031146169842158976,19,4440.337173209703,51.000001419204295,125.00000234007703,4509.153444904927,1.0154979833762219,324.9999896917463,3.999999969014533
Random matched local,Group_C1_Bunny_69k.ply,474,12,4078,4066,0.031199883364922,12,4440.337173209703,230.00000867706282,54.0000015026869,4505.873711641169,1.0147593608041465,41.00000000256408,41.00000000256408
Random matched local,Group_C1_Bunny_69k.ply,475,10,4078,4076,0.03127661696886918,2,4440.337173209703,294.9999956871094,41.00000000256408,4480.7028179326335,1.0090906710793208,259.0000083456965,192.99999967889
Random matched local,Group_C1_Bunny_69k.ply,476,12,4078,4067,0.031207556725316717,11,4440.337173209703,118.99999534292266,140.9999936783987,4489.1804703011,1.0109999072561624,188.9999950141204,185.99999834573237
Random matched local,Group_C1_Bunny_69k.ply,477,10,4078,4039,0.030992702634264624,39,4440.337173209703,57.0000015861695,300.99998902388546,5861.628154092584,1.320086273956421,86.99999900590097,276.9999883560246
Random matched local,Group_C1_Bunny_69k.ply,478,11,4078,4062,0.03116918992334313,16,4440.337173209703,214.99999801436604,244.00001134337802,6123.8649462865405,1.3791441296922724,7.999999938029066,207.99999668120842
Random matched local,Group_C1_Bunny_69k.ply,479,10,4078,4010,0.03077017518281781,68,4440.337173209703,261.99999135370615,195.00000201127477,6695.3523099915055,1.5078477261562915,251.99999335216052,188.00000067811717
Random matched local,Group_C1_Bunny_69k.ply,480,11,4078,4063,0.03117686328373785,15,4440.337173209703,226.00000401229323,245.00000567938125,5569.34865053035,1.2542625555852867,222.99999368352687,209.00000467759
Random matched local,Group_C1_Bunny_69k.ply,481,12,4078,4045,0.03103874279663293,33,4440.337173209703,207.0000023452052,152.99999401232913,5931.675926712919,1.3358616013443863,200.0000010120476,161.99999767787153
Random matched local,Group_C1_Bunny_69k.ply,482,10,4078,4066,0.031199883364922,12,4440.337173209703,39.99999883637168,123.99999434369548,4663.1560837926945,1.0501806286079682,284.00000334956053,11.000000021511672
Random matched local,Group_C1_Bunny_69k.ply,483,11,4078,4056,0.031123149760974824,22,4440.337173209703,139.99999934239548,144.00000400716507,7094.066497708155,1.597641399961571,15.999999876058132,246.0000000153845
Random matched local,Group_C1_Bunny_69k.ply,484,11,4078,4070,0.031230576806500873,8,4440.337173209703,22.000000043023345,31.999999752116263,5757.041706526575,1.2965325564151,156.0000043410955,4.99999985454646
Random matched local,Group_C1_Bunny_69k.ply,485,10,4078,4072,0.031245923527290307,6,4440.337173209703,200.0000010120476,142.9999960107835,5738.762784595332,1.292415994717595,183.99999601334758,175.00000600818353
Random matched local,Group_C1_Bunny_69k.ply,486,10,4078,4050,0.031077109598606517,28,4440.337173209703,299.000000351879,36.99999875288908,4440.337173209703,1.0,50.0000002530119,56.000000419977106
Random matched local,Group_C1_Bunny_69k.ply,487,11,4078,4054,0.03110780304018539,24,4440.337173209703,307.0000096814182,37.999999919081475,5292.14468869296,1.1918339716683106,237.99999068584532,120.00000333930423
Random matched local,Group_C1_Bunny_69k.ply,488,13,4078,4065,0.031192210004527283,13,4440.337173209703,39.99999883637168,123.99999434369548,4663.1560837926945,1.0501806286079682,24.000000667860846,128.9999933444683
Random matched local,Group_C1_Bunny_69k.ply,489,11,4078,4068,0.031215230085711435,10,4440.337173209703,39.99999883637168,123.99999434369548,4663.1560837926945,1.0501806286079682,268.0000120112389,51.000001419204295
Random matched local,Group_C1_Bunny_69k.ply,490,10,4078,4034,0.030954335832291034,44,4440.337173209703,298.0000060158758,36.00000100179127,4490.535121318722,1.0113049856690801,308.99999835342464,318.9999963549702
Random matched local,Group_C1_Bunny_69k.ply,491,10,4078,4038,0.030985029273869907,40,4440.337173209703,298.0000060158758,31.999999752116263,5299.805609647893,1.193559273296564,298.0000060158758,22.000000043023345
Random matched local,Group_C1_Bunny_69k.ply,492,10,4078,4059,0.031146169842158976,19,4440.337173209703,229.00000068068124,54.0000015026869,4568.393565406484,1.028839339717127,219.00000267913563,59.00000050345972
Random matched local,Group_C1_Bunny_69k.ply,493,10,4078,4065,0.031192210004527283,13,4440.337173209703,214.99999801436604,244.00001134337802,6123.8649462865405,1.3791441296922724,178.99999701257477,298.0000060158758
Random matched local,Group_C1_Bunny_69k.ply,494,13,4078,4072,0.031245923527290307,6,4440.337173209703,51.000001419204295,125.00000234007703,4509.153444904927,1.0154979833762219,77.00000100435535,135.00000034162267
Random matched local,Group_C1_Bunny_69k.ply,495,10,4078,4031,0.030931315751106882,47,4440.337173209703,286.9999863575702,44.00000008604669,5027.3010553407275,1.1321890341284009,279.99999868479097,34.99999983559887
Random matched local,Group_C1_Bunny_69k.ply,496,10,4078,4056,0.031123149760974824,22,4440.337173209703,118.99999534292266,140.9999936783987,4489.1804703011,1.0109999072561624,115.99999867453464,144.00000400716507
Random matched local,Group_C1_Bunny_69k.ply,497,11,4078,4063,0.03117686328373785,15,4440.337173209703,299.99999468788224,42.00000116875648,4463.789876827524,1.0052817393596414,299.000000351879,48.9999990868195
Random matched local,Group_C1_Bunny_69k.ply,498,11,4078,4057,0.03113082312136954,21,4440.337173209703,294.9999956871094,41.00000000256408,4480.7028179326335,1.0090906710793208,217.99999468275405,293.00000701510294
Random matched local,Group_C1_Bunny_69k.ply,499,14,4078,4049,0.0310694362382118,29,4440.337173209703,210.99999334959645,151.9999996763259,5973.558780575587,1.3452939602461749,219.99999701513886,161.0000033418683
Uniform matched local,Group_C2_manikin.ply,0,7,2794,2763,0.02120149477060489,31,2956.1209284569604,7.999999938029066,173.99999801180195,3008.8407441604236,1.0178341201119203,0.0,176.00000034418676
Random matched local,Group_C2_manikin.ply,0,9,2794,2773,0.021278228374552066,21,2956.1209284569604,356.9999996891463,173.00000367579872,8113.921181229521,2.7447866232809477,73.99999750577815,239.00001234260523
Random matched local,Group_C2_manikin.ply,1,8,2794,2771,0.02126288165376263,23,2956.1209284569604,15.000000417413029,190.00000301050196,3167.36102104187,1.0714585423591494,94.00000033905859,151.9999996763259
Random matched local,Group_C2_manikin.ply,2,8,2794,2778,0.021316595176525656,16,2956.1209284569604,139.99999934239548,36.99999875288908,14121.13343388581,4.776913318379291,147.00000067555308,33.99999866940647
Random matched local,Group_C2_manikin.ply,3,7,2794,2742,0.02104035420231582,52,2956.1209284569604,190.00000301050196,9.000000250447817,2956.1209284569604,1.0,60.000001669652114,147.9999950115563
Random matched local,Group_C2_manikin.ply,4,7,2794,2794,0.02143936894284114,0,2956.1209284569604,18.999999959540737,147.00000067555308,9893.318838324429,3.3467233167245816,328.00000002051263,303.0000050166486
Random matched local,Group_C2_manikin.ply,5,7,2794,2793,0.02143169558244642,1,2956.1209284569604,15.000000417413029,190.00000301050196,3167.36102104187,1.0714585423591494,6.000000166965211,193.99999401489322
Random matched local,Group_C2_manikin.ply,6,8,2794,2767,0.021232188212183763,27,2956.1209284569604,212.99999568198123,178.99999701257477,6934.800916466831,2.345912459030107,221.99999934752364,183.00000167734436
Random matched local,Group_C2_manikin.ply,7,7,2794,2775,0.021293575095341504,19,2956.1209284569604,199.00000667604436,341.00000835082466,6206.362208059011,2.0994953718955656,37.999999919081475,358.99998836115276
Random matched local,Group_C2_manikin.ply,8,9,2794,2785,0.02137030869928868,9,2956.1209284569604,12.999999792575526,166.99999667864435,3932.280973954634,1.3302165469960023,51.999999170302104,214.00000367836282
Random matched local,Group_C2_manikin.ply,9,9,2794,2738,0.02100966076073695,56,2956.1209284569604,195.00000201127477,348.9999903596071,3662.041396148934,1.2387995906718372,7.999999938029066,207.0000023452052
Random matched local,Group_C2_manikin.ply,10,8,2794,2770,0.021255208293367914,24,2956.1209284569604,190.00000301050196,9.000000250447817,2956.1209284569604,1.0,188.9999950141204,6.000000166965211
Random matched local,Group_C2_manikin.ply,11,8,2794,2791,0.021416348861656987,3,2956.1209284569604,190.00000301050196,9.000000250447817,2956.1209284569604,1.0,185.00000400972914,14.000000104994276
Random matched local,Group_C2_manikin.ply,12,7,2794,2765,0.021216841491394325,29,2956.1209284569604,3.0000000834826057,173.00000367579872,4665.480664938935,1.5782441848122324,309.99999268942787,171.99999567941717
Random matched local,Group_C2_manikin.ply,13,8,2794,2794,0.02143936894284114,0,2956.1209284569604,190.00000301050196,9.000000250447817,2956.1209284569604,1.0,188.9999950141204,6.000000166965211
Random matched local,Group_C2_manikin.ply,14,8,2794,2772,0.02127055501415735,22,2956.1209284569604,171.99999567941717,356.0000053531431,9858.28214440464,3.334871063461696,159.99999534548672,356.9999996891463
Random matched local,Group_C2_manikin.ply,15,7,2794,2768,0.02123986157257848,26,2956.1209284569604,0.0,221.00000501152041,10673.399799126239,3.610610004610858,279.99999868479097,298.0000060158758
Random matched local,Group_C2_manikin.ply,16,9,2794,2744,0.021055700923105256,50,2956.1209284569604,207.0000023452052,11.000000021511672,7832.641443930382,2.6496349890594204,237.99999068584532,9.99999970909292
Random matched local,Group_C2_manikin.ply,17,8,2794,2740,0.021025007481526387,54,2956.1209284569604,195.00000201127477,328.99999435651586,8509.602428467806,2.878638132341108,102.00000283840859,156.99999867709872
Random matched local,Group_C2_manikin.ply,18,8,2794,2783,0.021354961978499246,11,2956.1209284569604,188.9999950141204,351.0000063523703,3160.5210186036165,1.0691446984387574,212.99999568198123,12.000000333930423
Random matched local,Group_C2_manikin.ply,19,8,2794,2793,0.02143169558244642,1,2956.1209284569604,18.000000500895634,152.99999401232913,7602.602489723647,2.571817146090861,132.99999800923788,358.99998836115276
Random matched local,Group_C2_manikin.ply,20,7,2794,2764,0.021209168130999607,30,2956.1209284569604,15.000000417413029,200.0000010120476,6016.802196660317,2.035370792425929,16.999999334703237,209.99999901359323
Random matched local,Group_C2_manikin.ply,21,7,2794,2758,0.021163127968631304,36,2956.1209284569604,18.000000500895634,188.00000067811717,3708.7211924150956,1.2545904860363675,334.9999876932919,61.99999717184774
Random matched local,Group_C2_manikin.ply,22,7,2794,2768,0.02123986157257848,26,2956.1209284569604,193.99999401489322,328.00000002051263,8858.842298019032,2.9967793985488886,137.99999701001067,350.00001201636707
Random matched local,Group_C2_manikin.ply,23,7,2794,2760,0.02117847468942074,34,2956.1209284569604,21.00000058437824,219.00000267913563,13447.904389751844,4.549172620205154,154.0000020087107,180.99999934495955
Random matched local,Group_C2_manikin.ply,24,7,2794,2780,0.02133194189731509,14,2956.1209284569604,192.99999967889,7.000000052497138,3138.4406996167395,1.0616753426440326,185.99999834573237,357.99999402514953
Random matched local,Group_C2_manikin.ply,25,7,2794,2758,0.021163127968631304,36,2956.1209284569604,18.000000500895634,188.00000067811717,3708.7211924150956,1.2545904860363675,28.000000209988553,192.00000534288677
Random matched local,Group_C2_manikin.ply,26,8,2794,2779,0.021324268536920373,15,2956.1209284569604,7.999999938029066,173.99999801180195,3008.8407441604236,1.0178341201119203,94.00000033905859,221.99999934752364
Random matched local,Group_C2_manikin.ply,27,8,2794,2792,0.021424022222051704,2,2956.1209284569604,15.000000417413029,190.00000301050196,3167.36102104187,1.0714585423591494,19.99999941818584,197.9999986796628
Random matched local,Group_C2_manikin.ply,28,8,2794,2788,0.021393328780472832,6,2956.1209284569604,171.99999567941717,356.0000053531431,9858.28214440464,3.334871063461696,159.0000010094835,347.9999960236039
Random matched local,Group_C2_manikin.ply,29,7,2794,2771,0.02126288165376263,23,2956.1209284569604,11.000000021511672,147.00000067555308,8519.283010939922,2.881912890954305,59.00000050345972,135.9999946776259
Random matched local,Group_C2_manikin.ply,30,7,2794,2746,0.02107104764389469,48,2956.1209284569604,190.00000301050196,9.000000250447817,2956.1209284569604,1.0,252.99998768816374,289.0000023503334
Random matched local,Group_C2_manikin.ply,31,8,2794,2791,0.021416348861656987,3,2956.1209284569604,21.00000058437824,200.0000010120476,6940.482076534555,2.3478342884157164,281.9999873567974,175.00000600818353
Random matched local,Group_C2_manikin.ply,32,7,2794,2769,0.021247534932973197,25,2956.1209284569604,190.00000301050196,9.000000250447817,2956.1209284569604,1.0,102.00000283840859,156.99999867709872
Random matched local,Group_C2_manikin.ply,33,8,2794,2782,0.021347288618104525,12,2956.1209284569604,193.99999401489322,18.999999959540737,5766.481900018109,1.950692153527056,163.0000056742531,97.999998173639
Random matched local,Group_C2_manikin.ply,34,7,2794,2743,0.02104802756271054,51,2956.1209284569604,15.000000417413029,164.00000001025631,4847.721620039506,1.6398928654687768,279.99999868479097,298.0000060158758
Random matched local,Group_C2_manikin.ply,35,8,2794,2785,0.02137030869928868,9,2956.1209284569604,15.000000417413029,190.00000301050196,3167.36102104187,1.0714585423591494,222.99999368352687,28.99999966863366
Random matched local,Group_C2_manikin.ply,36,7,2794,2752,0.021117087806262997,42,2956.1209284569604,21.00000058437824,219.00000267913563,13447.904389751844,4.549172620205154,90.00000250447816,149.0000030079379
Random matched local,Group_C2_manikin.ply,37,7,2794,2732,0.020963620598368645,62,2956.1209284569604,12.999999792575526,166.99999667864435,3932.280973954634,1.3302165469960023,80.99999883893577,219.00000267913563
Random matched local,Group_C2_manikin.ply,38,7,2794,2731,0.020955947237973924,63,2956.1209284569604,171.99999567941717,352.99999502437674,11626.32142216706,3.932965431233485,161.99999767787153,345.0000130155942
Random matched local,Group_C2_manikin.ply,39,7,2794,2729,0.02094060051718449,65,2956.1209284569604,1.9999999845072665,137.00000267400745,11435.717590584243,3.8684877470670567,313.0000030181942,212.99999568198123
Random matched local,Group_C2_manikin.ply,40,7,2794,2779,0.021324268536920373,15,2956.1209284569604,15.000000417413029,190.00000301050196,3167.36102104187,1.0714585423591494,122.00000567168901,319.99999069097345
Random matched local,Group_C2_manikin.ply,41,7,2794,2757,0.021155454608236587,37,2956.1209284569604,190.00000301050196,9.000000250447817,2956.1209284569604,1.0,247.99998868739095,273.00001101201167
Random matched local,Group_C2_manikin.ply,42,8,2794,2767,0.021232188212183763,27,2956.1209284569604,185.99999834573237,9.000000250447817,4139.241108224412,1.4002272601158499,135.00000034162267,114.000003172339
Random matched local,Group_C2_manikin.ply,43,7,2794,2781,0.021339615257709808,13,2956.1209284569604,15.000000417413029,168.99999901102913,3565.3210375919816,1.2060809161325523,24.000000667860846,159.99999534548672
Random matched local,Group_C2_manikin.ply,44,7,2794,2731,0.020955947237973924,63,2956.1209284569604,192.00000534288677,34.99999983559887,9283.921935341576,3.140575828942021,135.9999946776259,316.00001334696054
Random matched local,Group_C2_manikin.ply,45,7,2794,2790,0.021408675501262266,4,2956.1209284569604,24.000000667860846,159.99999534548672,8045.0024486573275,2.7214727148718736,154.99999634471394,15.000000417413029
Random matched local,Group_C2_manikin.ply,46,7,2794,2718,0.020856193552842597,76,2956.1209284569604,185.99999834573237,351.0000063523703,3704.4409877997787,1.2531425734783548,146.00000633954986,48.00000133572169
Random matched local,Group_C2_manikin.ply,47,7,2794,2787,0.021385655420078115,7,2956.1209284569604,6.000000166965211,187.00000634211395,3560.5208932860824,1.2044571177758303,97.999998173639,132.00000367323466
Random matched local,Group_C2_manikin.ply,48,7,2794,2791,0.021416348861656987,3,2956.1209284569604,0.0,188.9999950141204,6582.241413021876,2.226648223236822,73.00000316977493,190.99999734650518
Random matched local,Group_C2_manikin.ply,49,7,2794,2712,0.02081015339047429,82,2956.1209284569604,200.0000010120476,348.9999903596071,4096.7612227132495,1.385857115409579,135.9999946776259,22.999999501668448
Random matched local,Group_C2_manikin.ply,50,9,2794,2769,0.021247534932973197,25,2956.1209284569604,180.99999934495955,318.9999963549702,11031.44145208942,3.7317287482713457,48.00000133572169,195.999996347278
Random matched local,Group_C2_manikin.ply,51,8,2794,2784,0.021362635338893963,10,2956.1209284569604,9.99999970909292,205.0000000128204,8864.202775245856,2.9985927469729066,0.9999999922536332,214.99999801436604
Random matched local,Group_C2_manikin.ply,52,8,2794,2759,0.02117080132902602,35,2956.1209284569604,30.99999858592387,0.9999999922536332,6672.681363160945,2.2572423539668787,63.99999950423253,176.99999468018999
Random matched local,Group_C2_manikin.ply,53,8,2794,2786,0.021377982059683397,8,2956.1209284569604,190.00000301050196,9.000000250447817,2956.1209284569604,1.0,107.00000183918141,125.00000234007703
Random matched local,Group_C2_manikin.ply,54,8,2794,2741,0.021032680841921104,53,2956.1209284569604,192.99999967889,7.000000052497138,3138.4406996167395,1.0616753426440326,204.00000567681718,355.00001101713985
Random matched local,Group_C2_manikin.ply,55,8,2794,2793,0.02143169558244642,1,2956.1209284569604,204.00000567681718,12.999999792575526,5497.9211042735205,1.8598430975363827,159.0000010094835,347.9999960236039
Random matched local,Group_C2_manikin.ply,56,7,2794,2766,0.021224514851789045,28,2956.1209284569604,193.99999401489322,18.999999959540737,5766.481900018109,1.950692153527056,50.0000002530119,190.00000301050196
Random matched local,Group_C2_manikin.ply,57,9,2794,2771,0.02126288165376263,23,2956.1209284569604,139.99999934239548,36.99999875288908,14121.13343388581,4.776913318379291,84.99999667351618,147.00000067555308
Random matched local,Group_C2_manikin.ply,58,7,2794,2783,0.021354961978499246,11,2956.1209284569604,15.000000417413029,190.00000301050196,3167.36102104187,1.0714585423591494,329.9999886925191,156.99999867709872
Random matched local,Group_C2_manikin.ply,59,7,2794,2794,0.02143936894284114,0,2956.1209284569604,24.000000667860846,140.9999936783987,12914.265482878882,4.368652634795927,33.99999866940647,130.99999567685308
Random matched local,Group_C2_manikin.ply,60,7,2794,2790,0.021408675501262266,4,2956.1209284569604,181.99999368096277,352.99999502437674,5104.320600998303,1.726695464945902,231.00000301306605,36.99999875288908
Random matched local,Group_C2_manikin.ply,61,7,2794,2700,0.02071807306573768,94,2956.1209284569604,1.9999999845072665,137.00000267400745,11435.717590584243,3.8684877470670567,232.9999916850725,84.00000233751295
Random matched local,Group_C2_manikin.ply,62,8,2794,2756,0.021147781247841866,38,2956.1209284569604,190.00000301050196,9.000000250447817,2956.1209284569604,1.0,92.99999917286618,204.00000567681718
Random matched local,Group_C2_manikin.ply,63,7,2794,2738,0.02100966076073695,56,2956.1209284569604,313.99999735419743,212.99999568198123,13542.16938176431,4.581060690515482,139.00000500639226,250.9999990161573
Random matched local,Group_C2_manikin.ply,64,8,2794,2780,0.02133194189731509,14,2956.1209284569604,22.000000043023345,190.00000301050196,5342.441156875989,1.8072471614564978,202.9999976804356,57.99999933726732
Random matched local,Group_C2_manikin.ply,65,7,2794,2791,0.021416348861656987,3,2956.1209284569604,190.00000301050196,9.000000250447817,2956.1209284569604,1.0,102.99999717441182,228.000006344678
Random matched local,Group_C2_manikin.ply,66,7,2794,2794,0.02143936894284114,0,2956.1209284569604,16.999999334703237,156.99999867709872,6787.441978769854,2.2960637074860033,84.99999667351618,200.0000010120476
Random matched local,Group_C2_manikin.ply,67,7,2794,2710,0.020794806669684855,84,2956.1209284569604,209.00000467759,337.00000368605504,10671.121029814412,3.609839139897615,149.0000030079379,360.00001001791264
Random matched local,Group_C2_manikin.ply,68,8,2794,2738,0.02100966076073695,56,2956.1209284569604,27.00000075134345,195.00000201127477,8740.52264473655,2.9567540896572653,120.99999767530745,228.000006344678
Random matched local,Group_C2_manikin.ply,69,7,2794,2772,0.02127055501415735,22,2956.1209284569604,7.999999938029066,173.99999801180195,3008.8407441604236,1.0178341201119203,331.000010349279,197.00000434365958
Random matched local,Group_C2_manikin.ply,70,7,2794,2794,0.02143936894284114,0,2956.1209284569604,0.0,188.9999950141204,6582.241413021876,2.226648223236822,350.00001201636707,197.9999986796628
Random matched local,Group_C2_manikin.ply,71,9,2794,2770,0.021255208293367914,24,2956.1209284569604,15.000000417413029,190.00000301050196,3167.36102104187,1.0714585423591494,7.999999938029066,207.0000023452052
Random matched local,Group_C2_manikin.ply,72,7,2794,2772,0.02127055501415735,22,2956.1209284569604,15.000000417413029,190.00000301050196,3167.36102104187,1.0714585423591494,18.999999959540737,236.00000201383887
Random matched local,Group_C2_manikin.ply,73,8,2794,2779,0.021324268536920373,15,2956.1209284569604,192.99999967889,342.9999970228311,5080.001413329574,1.7184687420691003,144.00000400716507,352.99999502437674
Random matched local,Group_C2_manikin.ply,74,7,2794,2791,0.021416348861656987,3,2956.1209284569604,18.999999959540737,173.99999801180195,4152.840819240601,1.4048277860568803,161.99999767787153,356.0000053531431
Random matched local,Group_C2_manikin.ply,75,7,2794,2771,0.02126288165376263,23,2956.1209284569604,3.0000000834826057,173.00000367579872,4665.480664938935,1.5782441848122324,240.00000667860846,352.99999502437674
Random matched local,Group_C2_manikin.ply,76,7,2794,2772,0.02127055501415735,22,2956.1209284569604,18.999999959540737,207.0000023452052,8441.162503455296,2.8554861955060225,130.99999567685308,108.0000030053738
Random matched local,Group_C2_manikin.ply,77,8,2794,2782,0.021347288618104525,12,2956.1209284569604,15.000000417413029,190.00000301050196,3167.36102104187,1.0714585423591494,219.00000267913563,39.00000108527387
Random matched local,Group_C2_manikin.ply,78,8,2794,2765,0.021216841491394325,29,2956.1209284569604,219.00000267913563,357.99999402514953,12975.322313545164,4.389307009953087,123.00000000769225,3.0000000834826057
Random matched local,Group_C2_manikin.ply,79,7,2794,2788,0.021393328780472832,6,2956.1209284569604,323.00000101973984,219.00000267913563,13630.380315228927,4.610900786911897,82.00000000512816,154.0000020087107
Random matched local,Group_C2_manikin.ply,80,7,2794,2787,0.021385655420078115,7,2956.1209284569604,39.00000108527387,180.99999934495955,13034.56341924746,4.409347159573495,130.99999567685308,108.0000030053738
Random matched local,Group_C2_manikin.ply,81,7,2794,2794,0.02143936894284114,0,2956.1209284569604,16.999999334703237,156.99999867709872,6787.441978769854,2.2960637074860033,299.000000351879,154.99999634471394
Random matched local,Group_C2_manikin.ply,82,7,2794,2784,0.021362635338893963,10,2956.1209284569604,30.99999858592387,0.9999999922536332,6672.681363160945,2.2572423539668787,37.999999919081475,358.99998836115276
Random matched local,Group_C2_manikin.ply,83,7,2794,2726,0.020917580436000338,68,2956.1209284569604,181.99999368096277,352.99999502437674,5104.320600998303,1.726695464945902,256.99999235293336,0.9999999922536332
Random matched local,Group_C2_manikin.ply,84,8,2794,2771,0.02126288165376263,23,2956.1209284569604,15.000000417413029,190.00000301050196,3167.36102104187,1.0714585423591494,250.9999990161573,338.9999923580615
Random matched local,Group_C2_manikin.ply,85,7,2794,2780,0.02133194189731509,14,2956.1209284569604,15.000000417413029,168.99999901102913,3565.3210375919816,1.2060809161325523,41.00000000256408,221.00000501152041
Random matched local,Group_C2_manikin.ply,86,8,2794,2794,0.02143936894284114,0,2956.1209284569604,190.00000301050196,9.000000250447817,2956.1209284569604,1.0,151.9999996763259,42.99999891985429
Random matched local,Group_C2_manikin.ply,87,7,2794,2758,0.021163127968631304,36,2956.1209284569604,15.000000417413029,164.00000001025631,4847.721620039506,1.6398928654687768,279.99999868479097,298.0000060158758
Random matched local,Group_C2_manikin.ply,88,7,2794,2788,0.021393328780472832,6,2956.1209284569604,190.00000301050196,9.000000250447817,2956.1209284569604,1.0,351.0000063523703,195.00000201127477
Random matched local,Group_C2_manikin.ply,89,8,2794,2787,0.021385655420078115,7,2956.1209284569604,171.99999567941717,345.0000130155942,12881.362733762126,4.357522254844275,161.0000033418683,337.00000368605504
Random matched local,Group_C2_manikin.ply,90,8,2794,2742,0.02104035420231582,52,2956.1209284569604,15.000000417413029,164.00000001025631,4847.721620039506,1.6398928654687768,25.00000012650595,154.0000020087107
Random matched local,Group_C2_manikin.ply,91,8,2794,2788,0.021393328780472832,6,2956.1209284569604,209.00000467759,30.000000834826057,12111.351509724767,4.097041969134417,228.000006344678,333.9999933572887
Random matched local,Group_C2_manikin.ply,92,8,2794,2775,0.021293575095341504,19,2956.1209284569604,180.99999934495955,318.9999963549702,11031.44145208942,3.7317287482713457,171.00000134341394,321.0000123477334
Random matched local,Group_C2_manikin.ply,93,7,2794,2787,0.021385655420078115,7,2956.1209284569604,190.00000301050196,9.000000250447817,2956.1209284569604,1.0,331.000010349279,188.9999950141204
Random matched local,Group_C2_manikin.ply,94,7,2794,2776,0.02130124845573622,18,2956.1209284569604,0.9999999922536332,185.99999834573237,5499.481169645452,1.8603708382512205,308.99999835342464,139.00000500639226
Random matched local,Group_C2_manikin.ply,95,7,2794,2793,0.02143169558244642,1,2956.1209284569604,190.00000301050196,9.000000250447817,2956.1209284569604,1.0,90.00000250447816,234.0000133418324
Random matched local,Group_C2_manikin.ply,96,7,2794,2776,0.02130124845573622,18,2956.1209284569604,209.00000467759,352.99999502437674,8914.362300526012,3.0155607690850257,313.0000030181942,57.0000015861695
Random matched local,Group_C2_manikin.ply,97,8,2794,2771,0.02126288165376263,23,2956.1209284569604,209.00000467759,337.00000368605504,10671.121029814412,3.609839139897615,274.0000053480149,350.00001201636707
Random matched local,Group_C2_manikin.ply,98,7,2794,2732,0.020963620598368645,62,2956.1209284569604,0.0,221.00000501152041,10673.399799126239,3.610610004610858,347.9999960236039,235.00000767783564
Random matched local,Group_C2_manikin.ply,99,7,2794,2794,0.02143936894284114,0,2956.1209284569604,15.999999876058132,156.0000043410955,6912.162481260693,2.338254303036484,90.99999684048139,202.00000334443237
Random matched local,Group_C2_manikin.ply,100,9,2794,2756,0.021147781247841866,38,2956.1209284569604,204.00000567681718,12.999999792575526,5497.9211042735205,1.8598430975363827,214.00000367836282,21.00000058437824
Random matched local,Group_C2_manikin.ply,101,8,2794,2738,0.02100966076073695,56,2956.1209284569604,15.000000417413029,190.00000301050196,3167.36102104187,1.0714585423591494,252.99998768816374,326.0000113485062
Random matched local,Group_C2_manikin.ply,102,7,2794,2767,0.021232188212183763,27,2956.1209284569604,6.000000166965211,183.00000167734436,4165.041052605495,1.4089548950825797,356.0000053531431,173.00000367579872
Random matched local,Group_C2_manikin.ply,103,8,2794,2790,0.021408675501262266,4,2956.1209284569604,178.00000267657154,16.999999334703237,9462.401886616857,3.2009522328831292,41.00000000256408,221.00000501152041
Random matched local,Group_C2_manikin.ply,104,7,2794,2726,0.020917580436000338,68,2956.1209284569604,193.99999401489322,18.999999959540737,5766.481900018109,1.950692153527056,107.00000183918141,125.00000234007703
Random matched local,Group_C2_manikin.ply,105,8,2794,2773,0.021278228374552066,21,2956.1209284569604,6.000000166965211,187.00000634211395,3560.5208932860824,1.2044571177758303,82.00000000512816,154.0000020087107
Random matched local,Group_C2_manikin.ply,106,8,2794,2784,0.021362635338893963,10,2956.1209284569604,192.99999967889,7.000000052497138,3138.4406996167395,1.0616753426440326,273.00001101201167,62.99999833804013
Random matched local,Group_C2_manikin.ply,107,8,2794,2791,0.021416348861656987,3,2956.1209284569604,15.000000417413029,200.0000010120476,6016.802196660317,2.035370792425929,241.00000101461168,355.00001101713985
Random matched local,Group_C2_manikin.ply,108,7,2794,2765,0.021216841491394325,29,2956.1209284569604,209.00000467759,30.000000834826057,12111.351509724767,4.097041969134417,117.0000066709162,132.00000367323466
Random matched local,Group_C2_manikin.ply,109,7,2794,2756,0.021147781247841866,38,2956.1209284569604,195.00000201127477,348.9999903596071,3662.041396148934,1.2387995906718372,224.00000167990842,284.00000334956053
Random matched local,Group_C2_manikin.ply,110,8,2794,2774,0.021285901734946787,20,2956.1209284569604,192.99999967889,7.000000052497138,3138.4406996167395,1.0616753426440326,285.999992021567,47.000000169529294
Random matched local,Group_C2_manikin.ply,111,8,2794,2788,0.021393328780472832,6,2956.1209284569604,197.00000434365958,15.000000417413029,4770.281393665913,1.6136962962999997,327.0000056845094,168.99999901102913
Random matched local,Group_C2_manikin.ply,112,7,2794,2742,0.02104035420231582,52,2956.1209284569604,185.99999834573237,343.99999135883434,6233.081344730598,2.1085339522913733,339.9999866940647,72.00000200358254
Random matched local,Group_C2_manikin.ply,113,7,2794,2781,0.021339615257709808,13,2956.1209284569604,190.00000301050196,9.000000250447817,2956.1209284569604,1.0,16.999999334703237,209.99999901359323
Random matched local,Group_C2_manikin.ply,114,8,2794,2760,0.02117847468942074,34,2956.1209284569604,190.00000301050196,9.000000250447817,2956.1209284569604,1.0,308.99999835342464,51.999999170302104
Random matched local,Group_C2_manikin.ply,115,8,2794,2768,0.02123986157257848,26,2956.1209284569604,15.000000417413029,190.00000301050196,3167.36102104187,1.0714585423591494,127.99999900846505,336.0000093500518
Random matched local,Group_C2_manikin.ply,116,9,2794,2752,0.021117087806262997,42,2956.1209284569604,6.000000166965211,187.00000634211395,3560.5208932860824,1.2044571177758303,31.999999752116263,197.00000434365958
Random matched local,Group_C2_manikin.ply,117,8,2794,2763,0.02120149477060489,31,2956.1209284569604,192.99999967889,7.000000052497138,3138.4406996167395,1.0616753426440326,324.9999896917463,183.99999601334758
Random matched local,Group_C2_manikin.ply,118,8,2794,2791,0.021416348861656987,3,2956.1209284569604,212.99999568198123,178.99999701257477,6934.800916466831,2.345912459030107,168.99999901102913,98.9999993398314
Random matched local,Group_C2_manikin.ply,119,8,2794,2791,0.021416348861656987,3,2956.1209284569604,6.000000166965211,187.00000634211395,3560.5208932860824,1.2044571177758303,37.999999919081475,123.99999434369548
Random matched local,Group_C2_manikin.ply,120,8,2794,2719,0.020863866913237314,75,2956.1209284569604,22.000000043023345,190.00000301050196,5342.441156875989,1.8072471614564978,94.00000033905859,221.99999934752364
Random matched local,Group_C2_manikin.ply,121,8,2794,2733,0.020971293958763362,61,2956.1209284569604,1.9999999845072665,195.00000201127477,8284.241699975384,2.802402844967375,342.9999970228311,139.00000500639226
Random matched local,Group_C2_manikin.ply,122,8,2794,2749,0.021094067725078845,45,2956.1209284569604,11.000000021511672,147.00000067555308,8519.283010939922,2.881912890954305,125.99999667608026,240.00000667860846
Random matched local,Group_C2_manikin.ply,123,7,2794,2732,0.020963620598368645,62,2956.1209284569604,7.000000052497138,139.99999934239548,11173.117259317192,3.779655003880152,127.99999900846505,336.0000093500518
Random matched local,Group_C2_manikin.ply,124,8,2794,2762,0.021193821410210173,32,2956.1209284569604,192.00000534288677,347.9999960236039,3605.921406391238,1.2198152557559483,161.99999767787153,338.9999923580615
Random matched local,Group_C2_manikin.ply,125,8,2794,2787,0.021385655420078115,7,2956.1209284569604,39.00000108527387,185.99999834573237,14145.597938663703,4.785189199295524,117.0000066709162,231.00000301306605
Random matched local,Group_C2_manikin.ply,126,8,2794,2793,0.02143169558244642,1,2956.1209284569604,7.999999938029066,173.99999801180195,3008.8407441604236,1.0178341201119203,337.00000368605504,147.00000067555308
Random matched local,Group_C2_manikin.ply,127,8,2794,2787,0.021385655420078115,7,2956.1209284569604,161.0000033418683,314.99999169020066,12352.86854515391,4.178742630668318,268.0000120112389,73.00000316977493
Random matched local,Group_C2_manikin.ply,128,7,2794,2777,0.02130892181613094,17,2956.1209284569604,190.00000301050196,9.000000250447817,2956.1209284569604,1.0,0.9999999922536332,166.00000234264112
Random matched local,Group_C2_manikin.ply,129,7,2794,2783,0.021354961978499246,11,2956.1209284569604,204.00000567681718,11.000000021511672,5160.081485086236,1.7455583211812995,259.0000083456965,332.9999990212855
Random matched local,Group_C2_manikin.ply,130,7,2794,2752,0.021117087806262997,42,2956.1209284569604,193.99999401489322,18.999999959540737,5766.481900018109,1.950692153527056,202.9999976804356,28.99999966863366
Random matched local,Group_C2_manikin.ply,131,7,2794,2794,0.02143936894284114,0,2956.1209284569604,11.000000021511672,197.00000434365958,5036.041263706428,1.7035978519103232,6.000000166965211,147.00000067555308
Random matched local,Group_C2_manikin.ply,132,7,2794,2771,0.02126288165376263,23,2956.1209284569604,9.99999970909292,205.0000000128204,8864.202775245856,2.9985927469729066,168.99999901102913,57.99999933726732
Random matched local,Group_C2_manikin.ply,133,7,2794,2783,0.021354961978499246,11,2956.1209284569604,355.00001101713985,180.99999934495955,8699.801342546447,2.9429788405468176,313.99999735419743,127.99999900846505
Random matched local,Group_C2_manikin.ply,134,7,2794,2794,0.02143936894284114,0,2956.1209284569604,190.00000301050196,9.000000250447817,2956.1209284569604,1.0,200.0000010120476,7.999999938029066
Random matched local,Group_C2_manikin.ply,135,7,2794,2777,0.02130892181613094,17,2956.1209284569604,6.000000166965211,187.00000634211395,3560.5208932860824,1.2044571177758303,112.00000083995421,235.00000767783564
Random matched local,Group_C2_manikin.ply,136,7,2794,2763,0.02120149477060489,31,2956.1209284569604,209.00000467759,178.99999701257477,6431.761359380296,2.1757436569881987,207.99999668120842,183.99999601334758
Random matched local,Group_C2_manikin.ply,137,8,2794,2791,0.021416348861656987,3,2956.1209284569604,169.99999334703236,346.00000735159745,14254.762121468537,4.822117385065588,255.9999980169301,16.999999334703237
Random matched local,Group_C2_manikin.ply,138,7,2794,2781,0.021339615257709808,13,2956.1209284569604,139.99999934239548,36.99999875288908,14121.13343388581,4.776913318379291,118.00000100691943,356.0000053531431
Random matched local,Group_C2_manikin.ply,139,8,2794,2792,0.021424022222051704,2,2956.1209284569604,178.00000267657154,16.999999334703237,9462.401886616857,3.2009522328831292,33.99999866940647,115.99999867453464
Random matched local,Group_C2_manikin.ply,140,7,2794,2781,0.021339615257709808,13,2956.1209284569604,171.99999567941717,317.00000768296377,12075.55522603437,4.084932760967117,118.00000100691943,356.0000053531431
Random matched local,Group_C2_manikin.ply,141,7,2794,2758,0.021163127968631304,36,2956.1209284569604,7.999999938029066,173.99999801180195,3008.8407441604236,1.0178341201119203,15.999999876058132,175.00000600818353
Random matched local,Group_C2_manikin.ply,142,7,2794,2723,0.020894560354816186,71,2956.1209284569604,178.00000267657154,16.999999334703237,9462.401886616857,3.2009522328831292,161.99999767787153,51.000001419204295
Random matched local,Group_C2_manikin.ply,143,7,2794,2754,0.02113243452705243,40,2956.1209284569604,343.99999135883434,224.99999601591168,12520.669905607365,4.2355066685796645,90.99999684048139,224.00000167990842
Random matched local,Group_C2_manikin.ply,144,7,2794,2780,0.02133194189731509,14,2956.1209284569604,15.000000417413029,190.00000301050196,3167.36102104187,1.0714585423591494,88.00000017209338,214.00000367836282
Random matched local,Group_C2_manikin.ply,145,7,2794,2733,0.020971293958763362,61,2956.1209284569604,192.00000534288677,34.99999983559887,9283.921935341576,3.140575828942021,132.99999800923788,358.99998836115276
Random matched local,Group_C2_manikin.ply,146,8,2794,2748,0.021086394364684125,46,2956.1209284569604,15.000000417413029,190.00000301050196,3167.36102104187,1.0714585423591494,6.000000166965211,193.99999401489322
Random matched local,Group_C2_manikin.ply,147,7,2794,2792,0.021424022222051704,2,2956.1209284569604,7.999999938029066,173.99999801180195,3008.8407441604236,1.0178341201119203,171.99999567941717,34.99999983559887
Random matched local,Group_C2_manikin.ply,148,8,2794,2768,0.02123986157257848,26,2956.1209284569604,188.9999950141204,351.0000063523703,3160.5210186036165,1.0691446984387574,18.000000500895634,226.00000401229323
Random matched local,Group_C2_manikin.ply,149,7,2794,2793,0.02143169558244642,1,2956.1209284569604,27.00000075134345,195.00000201127477,8740.52264473655,2.9567540896572653,137.00000267400745,356.9999996891463
Random matched local,Group_C2_manikin.ply,150,7,2794,2784,0.021362635338893963,10,2956.1209284569604,7.000000052497138,139.99999934239548,11173.117259317192,3.779655003880152,164.99999434625954,19.99999941818584
Random matched local,Group_C2_manikin.ply,151,8,2794,2746,0.02107104764389469,48,2956.1209284569604,190.99999734650518,347.0000016876007,3750.84123335594,1.2688389021060138,127.99999900846505,336.0000093500518
Random matched local,Group_C2_manikin.ply,152,7,2794,2765,0.021216841491394325,29,2956.1209284569604,185.99999834573237,351.0000063523703,3704.4409877997787,1.2531425734783548,188.00000067811717,318.000002018967
Random matched local,Group_C2_manikin.ply,153,8,2794,2744,0.021055700923105256,50,2956.1209284569604,15.000000417413029,190.00000301050196,3167.36102104187,1.0714585423591494,135.9999946776259,22.999999501668448
Random matched local,Group_C2_manikin.ply,154,7,2794,2772,0.02127055501415735,22,2956.1209284569604,18.999999959540737,173.99999801180195,4152.840819240601,1.4048277860568803,250.9999990161573,338.9999923580615
Random matched local,Group_C2_manikin.ply,155,9,2794,2754,0.02113243452705243,40,2956.1209284569604,185.99999834573237,9.000000250447817,4139.241108224412,1.4002272601158499,176.00000034418676,18.000000500895634
Random matched local,Group_C2_manikin.ply,156,7,2794,2765,0.021216841491394325,29,2956.1209284569604,171.99999567941717,352.99999502437674,11626.32142216706,3.932965431233485,312.000008682191,202.00000334443237
Random matched local,Group_C2_manikin.ply,157,7,2794,2774,0.021285901734946787,20,2956.1209284569604,207.0000023452052,331.000010349279,11164.234689444549,3.7766501978902705,115.00000433853141,247.99998868739095
Random matched local,Group_C2_manikin.ply,158,8,2794,2772,0.02127055501415735,22,2956.1209284569604,178.00000267657154,16.999999334703237,9462.401886616857,3.2009522328831292,94.00000033905859,221.99999934752364
Random matched local,Group_C2_manikin.ply,159,8,2794,2789,0.02140100214086755,5,2956.1209284569604,178.00000267657154,42.99999891985429,11312.356665114727,3.8267570708007415,284.00000334956053,27.00000075134345
Random matched local,Group_C2_manikin.ply,160,7,2794,2783,0.021354961978499246,11,2956.1209284569604,12.999999792575526,166.99999667864435,3932.280973954634,1.3302165469960023,41.00000000256408,221.00000501152041
Random matched local,Group_C2_manikin.ply,161,8,2794,2772,0.02127055501415735,22,2956.1209284569604,21.00000058437824,219.00000267913563,13447.904389751844,4.549172620205154,324.9999896917463,183.99999601334758
Random matched local,Group_C2_manikin.ply,162,7,2794,2781,0.021339615257709808,13,2956.1209284569604,190.00000301050196,9.000000250447817,2956.1209284569604,1.0,207.0000023452052,33.99999866940647
Random matched local,Group_C2_manikin.ply,163,7,2794,2715,0.020833173471658445,79,2956.1209284569604,0.0,221.00000501152041,10673.399799126239,3.610610004610858,352.99999502437674,132.99999800923788
Random matched local,Group_C2_manikin.ply,164,7,2794,2769,0.021247534932973197,25,2956.1209284569604,190.00000301050196,9.000000250447817,2956.1209284569604,1.0,54.999999253784715,180.99999934495955
Random matched local,Group_C2_manikin.ply,165,7,2794,2779,0.021324268536920373,15,2956.1209284569604,15.000000417413029,190.00000301050196,3167.36102104187,1.0714585423591494,28.000000209988553,192.00000534288677
Random matched local,Group_C2_manikin.ply,166,7,2794,2770,0.021255208293367914,24,2956.1209284569604,18.999999959540737,207.0000023452052,8441.162503455296,2.8554861955060225,343.99999135883434,164.99999434625954
Random matched local,Group_C2_manikin.ply,167,7,2794,2777,0.02130892181613094,17,2956.1209284569604,33.000000918308665,171.99999567941717,10777.002523753268,3.6456568538888092,42.00000116875648,163.0000056742531
Random matched local,Group_C2_manikin.ply,168,7,2794,2749,0.021094067725078845,45,2956.1209284569604,355.00001101713985,180.99999934495955,8699.801342546447,2.9429788405468176,270.00000068324533,347.9999960236039
Random matched local,Group_C2_manikin.ply,169,10,2794,2775,0.021293575095341504,19,2956.1209284569604,190.00000301050196,9.000000250447817,2956.1209284569604,1.0,31.999999752116263,6.000000166965211
Random matched local,Group_C2_manikin.ply,170,7,2794,2779,0.021324268536920373,15,2956.1209284569604,12.999999792575526,166.99999667864435,3932.280973954634,1.3302165469960023,356.0000053531431,173.00000367579872
Random matched local,Group_C2_manikin.ply,171,7,2794,2785,0.02137030869928868,9,2956.1209284569604,15.000000417413029,190.00000301050196,3167.36102104187,1.0714585423591494,216.0000060107476,9.99999970909292
Random matched local,Group_C2_manikin.ply,172,7,2794,2754,0.02113243452705243,40,2956.1209284569604,18.000000500895634,152.99999401232913,7602.602489723647,2.571817146090861,18.999999959540737,142.9999960107835
Random matched local,Group_C2_manikin.ply,173,8,2794,2750,0.021101741085473563,44,2956.1209284569604,0.9999999922536332,185.99999834573237,5499.481169645452,1.8603708382512205,123.00000000769225,33.99999866940647
Random matched local,Group_C2_manikin.ply,174,8,2794,2775,0.021293575095341504,19,2956.1209284569604,30.99999858592387,0.9999999922536332,6672.681363160945,2.2572423539668787,56.000000419977106,104.99999950679661
Random matched local,Group_C2_manikin.ply,175,8,2794,2776,0.02130124845573622,18,2956.1209284569604,192.99999967889,7.000000052497138,3138.4406996167395,1.0616753426440326,221.00000501152041,9.99999970909292
Random matched local,Group_C2_manikin.ply,176,8,2794,2784,0.021362635338893963,10,2956.1209284569604,3.0000000834826057,173.00000367579872,4665.480664938935,1.5782441848122324,112.00000083995421,235.00000767783564
Random matched local,Group_C2_manikin.ply,177,7,2794,2700,0.02071807306573768,94,2956.1209284569604,195.00000201127477,348.9999903596071,3662.041396148934,1.2387995906718372,207.99999668120842,183.99999601334758
Random matched local,Group_C2_manikin.ply,178,9,2794,2784,0.021362635338893963,10,2956.1209284569604,21.00000058437824,200.0000010120476,6940.482076534555,2.3478342884157164,337.00000368605504,146.00000633954986
Random matched local,Group_C2_manikin.ply,179,7,2794,2771,0.02126288165376263,23,2956.1209284569604,7.999999938029066,173.99999801180195,3008.8407441604236,1.0178341201119203,12.999999792575526,183.00000167734436
Random matched local,Group_C2_manikin.ply,180,7,2794,2792,0.021424022222051704,2,2956.1209284569604,30.99999858592387,0.9999999922536332,6672.681363160945,2.2572423539668787,239.00001234260523,334.9999876932919
Random matched local,Group_C2_manikin.ply,181,7,2794,2736,0.020994314039947514,58,2956.1209284569604,265.00000168247254,11.000000021511672,16868.79820074917,5.70639652740944,255.9999980169301,16.999999334703237
Random matched local,Group_C2_manikin.ply,182,8,2794,2758,0.021163127968631304,36,2956.1209284569604,195.999996347278,25.00000012650595,7293.002664550277,2.467085359852679,117.0000066709162,132.00000367323466
Random matched local,Group_C2_manikin.ply,183,7,2794,2751,0.02110941444586828,43,2956.1209284569604,199.00000667604436,30.000000834826057,9143.243151262772,3.092986847474935,274.0000053480149,42.99999891985429
Random matched local,Group_C2_manikin.ply,184,8,2794,2786,0.021377982059683397,8,2956.1209284569604,190.00000301050196,9.000000250447817,2956.1209284569604,1.0,59.00000050345972,135.9999946776259
Random matched local,Group_C2_manikin.ply,185,9,2794,2784,0.021362635338893963,10,2956.1209284569604,12.000000333930423,216.0000060107476,10346.919051871811,3.5001677205650408,239.00001234260523,290.9999910223398
Random matched local,Group_C2_manikin.ply,186,8,2794,2750,0.021101741085473563,44,2956.1209284569604,15.000000417413029,190.00000301050196,3167.36102104187,1.0714585423591494,106.000000672989,21.00000058437824
Random matched local,Group_C2_manikin.ply,187,7,2794,2789,0.02140100214086755,5,2956.1209284569604,16.999999334703237,205.0000000128204,6740.481892893137,2.280177995428469,90.00000250447816,234.0000133418324
Random matched local,Group_C2_manikin.ply,188,7,2794,2763,0.02120149477060489,31,2956.1209284569604,192.99999967889,7.000000052497138,3138.4406996167395,1.0616753426440326,156.99999867709872,117.0000066709162
Random matched local,Group_C2_manikin.ply,189,8,2794,2777,0.02130892181613094,17,2956.1209284569604,7.999999938029066,214.00000367836282,10246.522170453032,3.4662053476281582,280.9999930207942,54.999999253784715
Random matched local,Group_C2_manikin.ply,190,7,2794,2731,0.020955947237973924,63,2956.1209284569604,39.00000108527387,180.99999934495955,13034.56341924746,4.409347159573495,328.00000002051263,173.00000367579872
Random matched local,Group_C2_manikin.ply,191,9,2794,2794,0.02143936894284114,0,2956.1209284569604,190.00000301050196,9.000000250447817,2956.1209284569604,1.0,109.99999850756943,342.0000026868279
Random matched local,Group_C2_manikin.ply,192,7,2794,2757,0.021155454608236587,37,2956.1209284569604,192.99999967889,7.000000052497138,3138.4406996167395,1.0616753426440326,127.99999900846505,336.0000093500518
Random matched local,Group_C2_manikin.ply,193,7,2794,2745,0.021063374283499973,49,2956.1209284569604,12.000000333930423,169.99999334703236,3194.361186224567,1.080592189404093,202.9999976804356,28.99999966863366
Random matched local,Group_C2_manikin.ply,194,9,2794,2765,0.021216841491394325,29,2956.1209284569604,195.00000201127477,348.9999903596071,3662.041396148934,1.2387995906718372,352.99999502437674,132.99999800923788
Random matched local,Group_C2_manikin.ply,195,7,2794,2734,0.02097896731915808,60,2956.1209284569604,192.99999967889,7.000000052497138,3138.4406996167395,1.0616753426440326,202.00000334443237,358.99998836115276
Random matched local,Group_C2_manikin.ply,196,8,2794,2731,0.020955947237973924,63,2956.1209284569604,190.00000301050196,9.000000250447817,2956.1209284569604,1.0,16.999999334703237,209.99999901359323
Random matched local,Group_C2_manikin.ply,197,7,2794,2713,0.020817826750869007,81,2956.1209284569604,15.000000417413029,190.00000301050196,3167.36102104187,1.0714585423591494,67.00000300280972,128.9999933444683
Random matched local,Group_C2_manikin.ply,198,8,2794,2788,0.021393328780472832,6,2956.1209284569604,204.00000567681718,12.999999792575526,5497.9211042735205,1.8598430975363827,214.00000367836282,21.00000058437824
Random matched local,Group_C2_manikin.ply,199,8,2794,2764,0.021209168130999607,30,2956.1209284569604,15.999999876058132,156.0000043410955,6912.162481260693,2.338254303036484,6.000000166965211,147.00000067555308
Random matched local,Group_C2_manikin.ply,200,7,2794,2791,0.021416348861656987,3,2956.1209284569604,185.99999834573237,9.000000250447817,4139.241108224412,1.4002272601158499,86.99999900590097,161.99999767787153
Random matched local,Group_C2_manikin.ply,201,8,2794,2773,0.021278228374552066,21,2956.1209284569604,204.00000567681718,11.000000021511672,5160.081485086236,1.7455583211812995,77.00000100435535,135.00000034162267
Random matched local,Group_C2_manikin.ply,202,7,2794,2791,0.021416348861656987,3,2956.1209284569604,135.00000034162267,33.99999866940647,14199.367239455547,4.803378340434588,236.9999963498421,327.0000056845094
Random matched local,Group_C2_manikin.ply,203,7,2794,2790,0.021408675501262266,4,2956.1209284569604,188.9999950141204,351.0000063523703,3160.5210186036165,1.0691446984387574,82.00000000512816,187.00000634211395
Random matched local,Group_C2_manikin.ply,204,7,2794,2718,0.020856193552842597,76,2956.1209284569604,308.99999835342464,149.99999734394112,14026.24086900191,4.744812951993592,168.99999901102913,98.9999993398314
Random matched local,Group_C2_manikin.ply,205,7,2794,2755,0.02114010788744715,39,2956.1209284569604,12.999999792575526,166.99999667864435,3932.280973954634,1.3302165469960023,115.00000433853141,247.99998868739095
Random matched local,Group_C2_manikin.ply,206,7,2794,2739,0.021017334121131666,55,2956.1209284569604,308.0000040174214,207.99999668120842,14748.157548510339,4.989023759663513,324.9999896917463,195.999996347278
Random matched local,Group_C2_manikin.ply,207,7,2794,2745,0.021063374283499973,49,2956.1209284569604,18.000000500895634,152.99999401232913,7602.602489723647,2.571817146090861,127.00000467246183,352.99999502437674
Random matched local,Group_C2_manikin.ply,208,9,2794,2768,0.02123986157257848,26,2956.1209284569604,310.9999870254311,210.99999334959645,13446.606880377147,4.548733697236135,259.0000083456965,12.999999792575526
Random matched local,Group_C2_manikin.ply,209,8,2794,2786,0.021377982059683397,8,2956.1209284569604,139.00000500639226,324.9999896917463,13328.376880362013,4.508738716355279,251.99999335216052,7.999999938029066
Random matched local,Group_C2_manikin.ply,210,8,2794,2737,0.02100198740034223,57,2956.1209284569604,7.999999938029066,173.99999801180195,3008.8407441604236,1.0178341201119203,130.99999567685308,240.00000667860846
Random matched local,Group_C2_manikin.ply,211,8,2794,2784,0.021362635338893963,10,2956.1209284569604,185.99999834573237,9.000000250447817,4139.241108224412,1.4002272601158499,176.00000034418676,18.000000500895634
Random matched local,Group_C2_manikin.ply,212,7,2794,2737,0.02100198740034223,57,2956.1209284569604,3.0000000834826057,173.00000367579872,4665.480664938935,1.5782441848122324,353.99998936037997,169.99999334703236
Random matched local,Group_C2_manikin.ply,213,7,2794,2741,0.021032680841921104,53,2956.1209284569604,185.99999834573237,351.0000063523703,3704.4409877997787,1.2531425734783548,176.99999468018999,358.99998836115276
Random matched local,Group_C2_manikin.ply,214,8,2794,2766,0.021224514851789045,28,2956.1209284569604,12.999999792575526,166.99999667864435,3932.280973954634,1.3302165469960023,73.99999750577815,239.00001234260523
Random matched local,Group_C2_manikin.ply,215,7,2794,2783,0.021354961978499246,11,2956.1209284569604,308.99999835342464,149.99999734394112,14026.24086900191,4.744812951993592,88.00000017209338,244.00001134337802
Random matched local,Group_C2_manikin.ply,216,7,2794,2794,0.02143936894284114,0,2956.1209284569604,15.000000417413029,190.00000301050196,3167.36102104187,1.0714585423591494,326.0000113485062,164.99999434625954
Random matched local,Group_C2_manikin.ply,217,8,2794,2768,0.02123986157257848,26,2956.1209284569604,30.99999858592387,0.9999999922536332,6672.681363160945,2.2572423539668787,42.00000116875648,163.0000056742531
Random matched local,Group_C2_manikin.ply,218,7,2794,2773,0.021278228374552066,21,2956.1209284569604,197.00000434365958,24.000000667860846,6991.642073166272,2.36514075113151,159.0000010094835,317.00000768296377
Random matched local,Group_C2_manikin.ply,219,7,2794,2788,0.021393328780472832,6,2956.1209284569604,18.999999959540737,147.00000067555308,9893.318838324429,3.3467233167245816,51.999999170302104,214.00000367836282
Random matched local,Group_C2_manikin.ply,220,7,2794,2789,0.02140100214086755,5,2956.1209284569604,7.999999938029066,173.99999801180195,3008.8407441604236,1.0178341201119203,358.99998836115276,280.9999930207942
Random matched local,Group_C2_manikin.ply,221,8,2794,2793,0.02143169558244642,1,2956.1209284569604,192.99999967889,342.9999970228311,5080.001413329574,1.7184687420691003,74.99999867197056,237.99999068584532
Random matched local,Group_C2_manikin.ply,222,7,2794,2766,0.021224514851789045,28,2956.1209284569604,16.999999334703237,205.0000000128204,6740.481892893137,2.280177995428469,241.00000101461168,355.00001101713985
Random matched local,Group_C2_manikin.ply,223,8,2794,2789,0.02140100214086755,5,2956.1209284569604,22.000000043023345,190.00000301050196,5342.441156875989,1.8072471614564978,79.99999767274336,135.00000034162267
Random matched local,Group_C2_manikin.ply,224,7,2794,2787,0.021385655420078115,7,2956.1209284569604,190.00000301050196,9.000000250447817,2956.1209284569604,1.0,228.000006344678,333.9999933572887
Random matched local,Group_C2_manikin.ply,225,7,2794,2763,0.02120149477060489,31,2956.1209284569604,193.99999401489322,328.00000002051263,8858.842298019032,2.9967793985488886,139.99999934239548,256.99999235293336
Random matched local,Group_C2_manikin.ply,226,7,2794,2790,0.021408675501262266,4,2956.1209284569604,171.99999567941717,352.99999502437674,11626.32142216706,3.932965431233485,161.99999767787153,345.0000130155942
Random matched local,Group_C2_manikin.ply,227,9,2794,2762,0.021193821410210173,32,2956.1209284569604,6.000000166965211,187.00000634211395,3560.5208932860824,1.2044571177758303,274.9999996840181,61.000002835844505
Random matched local,Group_C2_manikin.ply,228,7,2794,2762,0.021193821410210173,32,2956.1209284569604,188.9999950141204,351.0000063523703,3160.5210186036165,1.0691446984387574,159.0000010094835,347.9999960236039
Random matched local,Group_C2_manikin.ply,229,8,2794,2791,0.021416348861656987,3,2956.1209284569604,15.000000417413029,190.00000301050196,3167.36102104187,1.0714585423591494,317.00000768296377,154.0000020087107
Random matched local,Group_C2_manikin.ply,230,7,2794,2774,0.021285901734946787,20,2956.1209284569604,355.00001101713985,180.99999934495955,8699.801342546447,2.9429788405468176,90.00000250447816,234.0000133418324
Random matched local,Group_C2_manikin.ply,231,8,2794,2771,0.02126288165376263,23,2956.1209284569604,192.99999967889,342.9999970228311,5080.001413329574,1.7184687420691003,18.999999959540737,236.00000201383887
Random matched local,Group_C2_manikin.ply,232,8,2794,2792,0.021424022222051704,2,2956.1209284569604,15.000000417413029,164.00000001025631,4847.721620039506,1.6398928654687768,345.0000130155942,173.00000367579872
Random matched local,Group_C2_manikin.ply,233,7,2794,2766,0.021224514851789045,28,2956.1209284569604,212.000001345978,0.0,9848.562153902922,3.3315829738547555,221.00000501152041,9.99999970909292
Random matched local,Group_C2_manikin.ply,234,7,2794,2790,0.021408675501262266,4,2956.1209284569604,195.999996347278,25.00000012650595,7293.002664550277,2.467085359852679,154.0000020087107,351.0000063523703
Random matched local,Group_C2_manikin.ply,235,7,2794,2783,0.021354961978499246,11,2956.1209284569604,188.9999950141204,351.0000063523703,3160.5210186036165,1.0691446984387574,207.0000023452052,331.000010349279
Random matched local,Group_C2_manikin.ply,236,7,2794,2777,0.02130892181613094,17,2956.1209284569604,190.00000301050196,9.000000250447817,2956.1209284569604,1.0,237.99999068584532,299.99999468788224
Random matched local,Group_C2_manikin.ply,237,7,2794,2747,0.021078721004289407,47,2956.1209284569604,195.00000201127477,332.9999990212855,8189.482629791764,2.7703476373229834,51.999999170302104,139.99999934239548
Random matched local,Group_C2_manikin.ply,238,8,2794,2764,0.021209168130999607,30,2956.1209284569604,33.000000918308665,171.99999567941717,10777.002523753268,3.6456568538888092,92.99999917286618,204.00000567681718
Random matched local,Group_C2_manikin.ply,239,8,2794,2777,0.02130892181613094,17,2956.1209284569604,190.00000301050196,9.000000250447817,2956.1209284569604,1.0,305.99998802465825,154.0000020087107
Random matched local,Group_C2_manikin.ply,240,9,2794,2738,0.02100966076073695,56,2956.1209284569604,9.99999970909292,205.0000000128204,8864.202775245856,2.9985927469729066,173.99999801180195,120.00000333930423
Random matched local,Group_C2_manikin.ply,241,9,2794,2777,0.02130892181613094,17,2956.1209284569604,15.000000417413029,190.00000301050196,3167.36102104187,1.0714585423591494,135.9999946776259,316.00001334696054
Random matched local,Group_C2_manikin.ply,242,7,2794,2748,0.021086394364684125,46,2956.1209284569604,190.00000301050196,9.000000250447817,2956.1209284569604,1.0,28.99999966863366,217.00000034675082
Random matched local,Group_C2_manikin.ply,243,9,2794,2766,0.021224514851789045,28,2956.1209284569604,199.00000667604436,341.00000835082466,6206.362208059011,2.0994953718955656,36.99999875288908,205.0000000128204
Random matched local,Group_C2_manikin.ply,244,7,2794,2794,0.02143936894284114,0,2956.1209284569604,178.00000267657154,16.999999334703237,9462.401886616857,3.2009522328831292,144.9999983431683,25.00000012650595
Random matched local,Group_C2_manikin.ply,245,9,2794,2782,0.021347288618104525,12,2956.1209284569604,11.000000021511672,197.00000434365958,5036.041263706428,1.7035978519103232,324.9999896917463,195.999996347278
Random matched local,Group_C2_manikin.ply,246,8,2794,2724,0.020902233715210904,70,2956.1209284569604,171.99999567941717,356.0000053531431,9858.28214440464,3.334871063461696,161.99999767787153,356.0000053531431
Random matched local,Group_C2_manikin.ply,247,8,2794,2785,0.02137030869928868,9,2956.1209284569604,9.99999970909292,205.0000000128204,8864.202775245856,2.9985927469729066,45.999999003336896,156.0000043410955
Random matched local,Group_C2_manikin.ply,248,7,2794,2752,0.021117087806262997,42,2956.1209284569604,15.000000417413029,190.00000301050196,3167.36102104187,1.0714585423591494,130.99999567685308,108.0000030053738
Random matched local,Group_C2_manikin.ply,249,7,2794,2779,0.021324268536920373,15,2956.1209284569604,171.99999567941717,352.99999502437674,11626.32142216706,3.932965431233485,341.00000835082466,128.9999933444683
Random matched local,Group_C2_manikin.ply,250,7,2794,2780,0.02133194189731509,14,2956.1209284569604,18.000000500895634,152.99999401232913,7602.602489723647,2.571817146090861,80.99999883893577,219.00000267913563
Random matched local,Group_C2_manikin.ply,251,7,2794,2793,0.02143169558244642,1,2956.1209284569604,12.999999792575526,166.99999667864435,3932.280973954634,1.3302165469960023,224.99999601591168,176.00000034418676
Random matched local,Group_C2_manikin.ply,252,8,2794,2766,0.021224514851789045,28,2956.1209284569604,21.00000058437824,200.0000010120476,6940.482076534555,2.3478342884157164,65.00000067042492,219.99999701513886
Random matched local,Group_C2_manikin.ply,253,9,2794,2722,0.020886886994421466,72,2956.1209284569604,168.0000046750259,45.00000125223908,12590.426058808634,4.259103860605798,65.00000067042492,219.99999701513886
Random matched local,Group_C2_manikin.ply,254,7,2794,2771,0.02126288165376263,23,2956.1209284569604,33.000000918308665,171.99999567941717,10777.002523753268,3.6456568538888092,37.999999919081475,123.99999434369548
Random matched local,Group_C2_manikin.ply,255,8,2794,2774,0.021285901734946787,20,2956.1209284569604,200.0000010120476,348.9999903596071,4096.7612227132495,1.385857115409579,56.000000419977106,231.00000301306605
Random matched local,Group_C2_manikin.ply,256,9,2794,2780,0.02133194189731509,14,2956.1209284569604,0.0,221.00000501152041,10673.399799126239,3.610610004610858,356.0000053531431,226.00000401229323
Random matched local,Group_C2_manikin.ply,257,8,2794,2754,0.02113243452705243,40,2956.1209284569604,24.000000667860846,159.99999534548672,8045.0024486573275,2.7214727148718736,269.0000063472421,357.99999402514953
Random matched local,Group_C2_manikin.ply,258,8,2794,2720,0.02087154027363203,74,2956.1209284569604,204.00000567681718,11.000000021511672,5160.081485086236,1.7455583211812995,192.99999967889,44.00000008604669
Random matched local,Group_C2_manikin.ply,259,7,2794,2794,0.02143936894284114,0,2956.1209284569604,190.00000301050196,9.000000250447817,2956.1209284569604,1.0,202.00000334443237,358.99998836115276
Random matched local,Group_C2_manikin.ply,260,7,2794,2784,0.021362635338893963,10,2956.1209284569604,15.000000417413029,200.0000010120476,6016.802196660317,2.035370792425929,63.99999950423253,176.99999468018999
Random matched local,Group_C2_manikin.ply,261,7,2794,2734,0.02097896731915808,60,2956.1209284569604,15.000000417413029,200.0000010120476,6016.802196660317,2.035370792425929,37.999999919081475,123.99999434369548
Random matched local,Group_C2_manikin.ply,262,8,2794,2789,0.02140100214086755,5,2956.1209284569604,18.000000500895634,188.00000067811717,3708.7211924150956,1.2545904860363675,274.0000053480149,42.99999891985429
Random matched local,Group_C2_manikin.ply,263,7,2794,2783,0.021354961978499246,11,2956.1209284569604,193.99999401489322,18.999999959540737,5766.481900018109,1.950692153527056,146.00000633954986,48.00000133572169
Random matched local,Group_C2_manikin.ply,264,7,2794,2734,0.02097896731915808,60,2956.1209284569604,6.000000166965211,187.00000634211395,3560.5208932860824,1.2044571177758303,226.99999834829646,323.00000101973984
Random matched local,Group_C2_manikin.ply,265,7,2794,2750,0.021101741085473563,44,2956.1209284569604,169.99999334703236,356.9999996891463,11258.161757603164,3.808423954929243,251.99999335216052,7.999999938029066
Random matched local,Group_C2_manikin.ply,266,8,2794,2738,0.02100966076073695,56,2956.1209284569604,190.00000301050196,9.000000250447817,2956.1209284569604,1.0,190.00000301050196,339.9999866940647
Random matched local,Group_C2_manikin.ply,267,7,2794,2791,0.021416348861656987,3,2956.1209284569604,15.000000417413029,190.00000301050196,3167.36102104187,1.0714585423591494,235.00000767783564,75.99999983816295
Random matched local,Group_C2_manikin.ply,268,9,2794,2768,0.02123986157257848,26,2956.1209284569604,190.00000301050196,9.000000250447817,2956.1209284569604,1.0,135.9999946776259,22.999999501668448
Random matched local,Group_C2_manikin.ply,269,8,2794,2784,0.021362635338893963,10,2956.1209284569604,30.99999858592387,0.9999999922536332,6672.681363160945,2.2572423539668787,31.999999752116263,6.000000166965211
Random matched local,Group_C2_manikin.ply,270,7,2794,2791,0.021416348861656987,3,2956.1209284569604,9.99999970909292,146.00000633954986,8733.88239174835,2.9545078172114128,232.9999916850725,84.00000233751295
Random matched local,Group_C2_manikin.ply,271,7,2794,2773,0.021278228374552066,21,2956.1209284569604,209.00000467759,337.00000368605504,10671.121029814412,3.609839139897615,328.00000002051263,173.00000367579872
Random matched local,Group_C2_manikin.ply,272,7,2794,2792,0.021424022222051704,2,2956.1209284569604,190.00000301050196,9.000000250447817,2956.1209284569604,1.0,195.999996347278,360.00001001791264
Random matched local,Group_C2_manikin.ply,273,7,2794,2775,0.021293575095341504,19,2956.1209284569604,27.00000075134345,159.99999534548672,9160.92257854367,3.098967464543306,154.99999634471394,15.000000417413029
Random matched local,Group_C2_manikin.ply,274,7,2794,2769,0.021247534932973197,25,2956.1209284569604,0.0,221.00000501152041,10673.399799126239,3.610610004610858,144.00000400716507,241.9999953506149
Random matched local,Group_C2_manikin.ply,275,7,2794,2727,0.020925253796395055,67,2956.1209284569604,207.0000023452052,11.000000021511672,7832.641443930382,2.6496349890594204,195.999996347278,321.0000123477334
Random matched local,Group_C2_manikin.ply,276,7,2794,2775,0.021293575095341504,19,2956.1209284569604,204.00000567681718,12.999999792575526,5497.9211042735205,1.8598430975363827,88.00000017209338,214.00000367836282
Random matched local,Group_C2_manikin.ply,277,7,2794,2770,0.021255208293367914,24,2956.1209284569604,190.00000301050196,9.000000250447817,2956.1209284569604,1.0,207.0000023452052,33.99999866940647
Random matched local,Group_C2_manikin.ply,278,8,2794,2750,0.021101741085473563,44,2956.1209284569604,323.00000101973984,219.00000267913563,13630.380315228927,4.610900786911897,281.9999873567974,175.00000600818353
Random matched local,Group_C2_manikin.ply,279,7,2794,2785,0.02137030869928868,9,2956.1209284569604,15.000000417413029,190.00000301050196,3167.36102104187,1.0714585423591494,209.99999901359323,339.9999866940647
Random matched local,Group_C2_manikin.ply,280,7,2794,2767,0.021232188212183763,27,2956.1209284569604,304.999993688655,161.0000033418683,16968.30741630113,5.740058619712241,247.99998868739095,39.00000108527387
Random matched local,Group_C2_manikin.ply,281,9,2794,2769,0.021247534932973197,25,2956.1209284569604,188.9999950141204,351.0000063523703,3160.5210186036165,1.0691446984387574,54.999999253784715,123.99999434369548
Random matched local,Group_C2_manikin.ply,282,7,2794,2751,0.02110941444586828,43,2956.1209284569604,190.00000301050196,9.000000250447817,2956.1209284569604,1.0,130.99999567685308,240.00000667860846
Random matched local,Group_C2_manikin.ply,283,7,2794,2787,0.021385655420078115,7,2956.1209284569604,22.000000043023345,190.00000301050196,5342.441156875989,1.8072471614564978,122.00000567168901,319.99999069097345
Random matched local,Group_C2_manikin.ply,284,7,2794,2775,0.021293575095341504,19,2956.1209284569604,132.00000367323466,327.0000056845094,13141.367061079041,4.445476818818298,264.0000073464693,6.000000166965211
Random matched local,Group_C2_manikin.ply,285,7,2794,2785,0.02137030869928868,9,2956.1209284569604,192.00000534288677,34.99999983559887,9283.921935341576,3.140575828942021,192.99999967889,44.00000008604669
Random matched local,Group_C2_manikin.ply,286,8,2794,2758,0.021163127968631304,36,2956.1209284569604,24.000000667860846,159.99999534548672,8045.0024486573275,2.7214727148718736,176.99999468018999,328.00000002051263
Random matched local,Group_C2_manikin.ply,287,7,2794,2754,0.02113243452705243,40,2956.1209284569604,9.99999970909292,146.00000633954986,8733.88239174835,2.9545078172114128,123.00000000769225,33.99999866940647
Random matched local,Group_C2_manikin.ply,288,7,2794,2736,0.020994314039947514,58,2956.1209284569604,15.000000417413029,164.00000001025631,4847.721620039506,1.6398928654687768,25.00000012650595,154.0000020087107
Random matched local,Group_C2_manikin.ply,289,9,2794,2790,0.021408675501262266,4,2956.1209284569604,15.000000417413029,190.00000301050196,3167.36102104187,1.0714585423591494,350.00001201636707,197.9999986796628
Random matched local,Group_C2_manikin.ply,290,8,2794,2773,0.021278228374552066,21,2956.1209284569604,204.00000567681718,11.000000021511672,5160.081485086236,1.7455583211812995,321.0000123477334,175.00000600818353
Random matched local,Group_C2_manikin.ply,291,7,2794,2764,0.021209168130999607,30,2956.1209284569604,7.999999938029066,173.99999801180195,3008.8407441604236,1.0178341201119203,274.0000053480149,350.00001201636707
Random matched local,Group_C2_manikin.ply,292,9,2794,2787,0.021385655420078115,7,2956.1209284569604,178.00000267657154,16.999999334703237,9462.401886616857,3.2009522328831292,168.0000046750259,24.000000667860846
Random matched local,Group_C2_manikin.ply,293,7,2794,2685,0.020602972659816914,109,2956.1209284569604,192.99999967889,7.000000052497138,3138.4406996167395,1.0616753426440326,183.00000167734436,112.00000083995421
Random matched local,Group_C2_manikin.ply,294,7,2794,2786,0.021377982059683397,8,2956.1209284569604,190.00000301050196,9.000000250447817,2956.1209284569604,1.0,236.00000201383887,337.99999802205826
Random matched local,Group_C2_manikin.ply,295,9,2794,2793,0.02143169558244642,1,2956.1209284569604,188.9999950141204,351.0000063523703,3160.5210186036165,1.0691446984387574,323.00000101973984,214.99999801436604
Random matched local,Group_C2_manikin.ply,296,8,2794,2783,0.021354961978499246,11,2956.1209284569604,30.99999858592387,0.9999999922536332,6672.681363160945,2.2572423539668787,109.99999850756943,360.00001001791264
Random matched local,Group_C2_manikin.ply,297,7,2794,2783,0.021354961978499246,11,2956.1209284569604,195.00000201127477,328.99999435651586,8509.602428467806,2.878638132341108,110.99999967376182,222.99999368352687
Random matched local,Group_C2_manikin.ply,298,7,2794,2790,0.021408675501262266,4,2956.1209284569604,193.99999401489322,18.999999959540737,5766.481900018109,1.950692153527056,149.0000030079379,331.000010349279
Random matched local,Group_C2_manikin.ply,299,9,2794,2780,0.02133194189731509,14,2956.1209284569604,15.000000417413029,190.00000301050196,3167.36102104187,1.0714585423591494,217.00000034675082,321.0000123477334
Random matched local,Group_C2_manikin.ply,300,7,2794,2784,0.021362635338893963,10,2956.1209284569604,188.9999950141204,351.0000063523703,3160.5210186036165,1.0691446984387574,78.00000217054775,122.00000567168901
Random matched local,Group_C2_manikin.ply,301,8,2794,2768,0.02123986157257848,26,2956.1209284569604,85.99999783970858,197.00000434365958,18630.482933738014,6.30234127244002,281.9999873567974,310.9999870254311
Random matched local,Group_C2_manikin.ply,302,7,2794,2781,0.021339615257709808,13,2956.1209284569604,193.99999401489322,18.999999959540737,5766.481900018109,1.950692153527056,82.00000000512816,154.0000020087107
Random matched local,Group_C2_manikin.ply,303,9,2794,2772,0.02127055501415735,22,2956.1209284569604,190.00000301050196,9.000000250447817,2956.1209284569604,1.0,28.000000209988553,192.00000534288677
Random matched local,Group_C2_manikin.ply,304,8,2794,2793,0.02143169558244642,1,2956.1209284569604,139.99999934239548,36.99999875288908,14121.13343388581,4.776913318379291,109.99999850756943,342.0000026868279
Random matched local,Group_C2_manikin.ply,305,8,2794,2737,0.02100198740034223,57,2956.1209284569604,192.00000534288677,34.99999983559887,9283.921935341576,3.140575828942021,30.000000834826057,228.000006344678
Random matched local,Group_C2_manikin.ply,306,7,2794,2781,0.021339615257709808,13,2956.1209284569604,207.0000023452052,331.000010349279,11164.234689444549,3.7766501978902705,127.00000467246183,352.99999502437674
Random matched local,Group_C2_manikin.ply,307,9,2794,2782,0.021347288618104525,12,2956.1209284569604,6.000000166965211,187.00000634211395,3560.5208932860824,1.2044571177758303,195.999996347278,321.0000123477334
Random matched local,Group_C2_manikin.ply,308,7,2794,2704,0.020748766507316548,90,2956.1209284569604,21.00000058437824,200.0000010120476,6940.482076534555,2.3478342884157164,60.000001669652114,147.9999950115563
Random matched local,Group_C2_manikin.ply,309,7,2794,2785,0.02137030869928868,9,2956.1209284569604,199.00000667604436,30.000000834826057,9143.243151262772,3.092986847474935,51.999999170302104,180.99999934495955
Random matched local,Group_C2_manikin.ply,310,9,2794,2794,0.02143936894284114,0,2956.1209284569604,180.99999934495955,318.9999963549702,11031.44145208942,3.7317287482713457,263.0000130104661,313.0000030181942
Random matched local,Group_C2_manikin.ply,311,8,2794,2741,0.021032680841921104,53,2956.1209284569604,30.000000834826057,149.99999734394112,12497.429020148664,4.227644715019181,237.99999068584532,299.99999468788224
Random matched local,Group_C2_manikin.ply,312,7,2794,2755,0.02114010788744715,39,2956.1209284569604,356.9999996891463,173.00000367579872,8113.921181229521,2.7447866232809477,176.99999468018999,57.0000015861695
Random matched local,Group_C2_manikin.ply,313,8,2794,2776,0.02130124845573622,18,2956.1209284569604,190.00000301050196,9.000000250447817,2956.1209284569604,1.0,263.0000130104661,313.0000030181942
Random matched local,Group_C2_manikin.ply,314,8,2794,2772,0.02127055501415735,22,2956.1209284569604,15.000000417413029,164.00000001025631,4847.721620039506,1.6398928654687768,337.00000368605504,146.00000633954986
Random matched local,Group_C2_manikin.ply,315,7,2794,2755,0.02114010788744715,39,2956.1209284569604,357.99999402514953,137.99999701001067,11506.756475149108,3.892518862939555,113.00000200614662,348.9999903596071
Random matched local,Group_C2_manikin.ply,316,7,2794,2713,0.020817826750869007,81,2956.1209284569604,15.000000417413029,190.00000301050196,3167.36102104187,1.0714585423591494,19.99999941818584,197.9999986796628
Random matched local,Group_C2_manikin.ply,317,8,2794,2758,0.021163127968631304,36,2956.1209284569604,190.00000301050196,9.000000250447817,2956.1209284569604,1.0,137.99999701001067,350.00001201636707
Random matched local,Group_C2_manikin.ply,318,8,2794,2706,0.020764113228105983,88,2956.1209284569604,343.99999135883434,137.00000267400745,13658.984633516675,4.62057708872093,132.99999800923788,247.99998868739095
Random matched local,Group_C2_manikin.ply,319,10,2794,2766,0.021224514851789045,28,2956.1209284569604,209.00000467759,352.99999502437674,8914.362300526012,3.0155607690850257,135.9999946776259,316.00001334696054
Random matched local,Group_C2_manikin.ply,320,7,2794,2770,0.021255208293367914,24,2956.1209284569604,12.999999792575526,166.99999667864435,3932.280973954634,1.3302165469960023,298.0000060158758,202.00000334443237
Random matched local,Group_C2_manikin.ply,321,7,2794,2755,0.02114010788744715,39,2956.1209284569604,15.000000417413029,168.99999901102913,3565.3210375919816,1.2060809161325523,147.00000067555308,30.99999858592387
Random matched local,Group_C2_manikin.ply,322,7,2794,2737,0.02100198740034223,57,2956.1209284569604,209.00000467759,352.99999502437674,8914.362300526012,3.0155607690850257,329.9999886925191,156.99999867709872
Random matched local,Group_C2_manikin.ply,323,8,2794,2793,0.02143169558244642,1,2956.1209284569604,15.000000417413029,190.00000301050196,3167.36102104187,1.0714585423591494,240.00000667860846,352.99999502437674
Random matched local,Group_C2_manikin.ply,324,8,2794,2792,0.021424022222051704,2,2956.1209284569604,169.99999334703236,42.00000116875648,12368.510577304303,4.184034035360128,113.00000200614662,239.00001234260523
Random matched local,Group_C2_manikin.ply,325,7,2794,2757,0.021155454608236587,37,2956.1209284569604,197.9999986796628,323.99999535574307,11700.83215414,3.9581710076548235,207.99999668120842,313.99999735419743
Random matched local,Group_C2_manikin.ply,326,7,2794,2790,0.021408675501262266,4,2956.1209284569604,22.000000043023345,190.00000301050196,5342.441156875989,1.8072471614564978,84.99999667351618,200.0000010120476
Random matched local,Group_C2_manikin.ply,327,9,2794,2778,0.021316595176525656,16,2956.1209284569604,185.99999834573237,351.0000063523703,3704.4409877997787,1.2531425734783548,236.00000201383887,337.99999802205826
Random matched local,Group_C2_manikin.ply,328,7,2794,2759,0.02117080132902602,35,2956.1209284569604,197.9999986796628,323.99999535574307,11700.83215414,3.9581710076548235,276.9999883560246,15.999999876058132
Random matched local,Group_C2_manikin.ply,329,8,2794,2733,0.020971293958763362,61,2956.1209284569604,195.00000201127477,332.9999990212855,8189.482629791764,2.7703476373229834,318.000002018967,62.99999833804013
Random matched local,Group_C2_manikin.ply,330,7,2794,2786,0.021377982059683397,8,2956.1209284569604,265.00000168247254,357.99999402514953,16845.549433684548,5.698531907650208,79.99999767274336,109.99999850756943
Random matched local,Group_C2_manikin.ply,331,8,2794,2762,0.021193821410210173,32,2956.1209284569604,190.00000301050196,9.000000250447817,2956.1209284569604,1.0,109.99999850756943,360.00001001791264
Random matched local,Group_C2_manikin.ply,332,8,2794,2759,0.02117080132902602,35,2956.1209284569604,192.00000534288677,34.99999983559887,9283.921935341576,3.140575828942021,192.99999967889,44.00000008604669
Random matched local,Group_C2_manikin.ply,333,8,2794,2788,0.021393328780472832,6,2956.1209284569604,18.000000500895634,152.99999401232913,7602.602489723647,2.571817146090861,171.99999567941717,34.99999983559887
Random matched local,Group_C2_manikin.ply,334,8,2794,2701,0.020725746426132396,93,2956.1209284569604,343.99999135883434,224.99999601591168,12520.669905607365,4.2355066685796645,134.00000600561944,319.99999069097345
Random matched local,Group_C2_manikin.ply,335,8,2794,2776,0.02130124845573622,18,2956.1209284569604,139.00000500639226,324.9999896917463,13328.376880362013,4.508738716355279,149.0000030079379,331.000010349279
Random matched local,Group_C2_manikin.ply,336,7,2794,2776,0.02130124845573622,18,2956.1209284569604,120.99999767530745,15.999999876058132,17756.34190267768,6.006635835410886,156.99999867709872,117.0000066709162
Random matched local,Group_C2_manikin.ply,337,7,2794,2793,0.02143169558244642,1,2956.1209284569604,132.00000367323466,327.0000056845094,13141.367061079041,4.445476818818298,135.9999946776259,316.00001334696054
Random matched local,Group_C2_manikin.ply,338,8,2794,2735,0.020986640679552797,59,2956.1209284569604,15.000000417413029,190.00000301050196,3167.36102104187,1.0714585423591494,6.000000166965211,193.99999401489322
Random matched local,Group_C2_manikin.ply,339,7,2794,2793,0.02143169558244642,1,2956.1209284569604,7.999999938029066,173.99999801180195,3008.8407441604236,1.0178341201119203,308.99999835342464,139.00000500639226
Random matched local,Group_C2_manikin.ply,340,8,2794,2784,0.021362635338893963,10,2956.1209284569604,7.999999938029066,173.99999801180195,3008.8407441604236,1.0178341201119203,0.9999999922536332,166.00000234264112
Random matched local,Group_C2_manikin.ply,341,7,2794,2793,0.02143169558244642,1,2956.1209284569604,214.00000367836282,347.0000016876007,11508.763329056668,3.8931977437959637,48.00000133572169,171.00000134341394
Random matched local,Group_C2_manikin.ply,342,8,2794,2794,0.02143936894284114,0,2956.1209284569604,195.00000201127477,328.99999435651586,8509.602428467806,2.878638132341108,188.00000067811717,318.000002018967
Random matched local,Group_C2_manikin.ply,343,8,2794,2763,0.02120149477060489,31,2956.1209284569604,178.00000267657154,16.999999334703237,9462.401886616857,3.2009522328831292,104.99999950679661,24.000000667860846
Random matched local,Group_C2_manikin.ply,344,8,2794,2787,0.021385655420078115,7,2956.1209284569604,190.00000301050196,9.000000250447817,2956.1209284569604,1.0,276.9999883560246,183.00000167734436
Random matched local,Group_C2_manikin.ply,345,7,2794,2773,0.021278228374552066,21,2956.1209284569604,18.999999959540737,173.99999801180195,4152.840819240601,1.4048277860568803,28.99999966863366,175.00000600818353
Random matched local,Group_C2_manikin.ply,346,8,2794,2781,0.021339615257709808,13,2956.1209284569604,197.9999986796628,332.00000468528225,8638.882439983778,2.9223711238677614,205.99999434882363,322.0000066837366
Random matched local,Group_C2_manikin.ply,347,8,2794,2761,0.021186148049815456,33,2956.1209284569604,192.99999967889,7.000000052497138,3138.4406996167395,1.0616753426440326,89.00000133828577,159.99999534548672
Random matched local,Group_C2_manikin.ply,348,7,2794,2736,0.020994314039947514,58,2956.1209284569604,132.00000367323466,327.0000056845094,13141.367061079041,4.445476818818298,115.99999867453464,123.00000000769225
Random matched local,Group_C2_manikin.ply,349,7,2794,2775,0.021293575095341504,19,2956.1209284569604,190.00000301050196,9.000000250447817,2956.1209284569604,1.0,65.00000067042492,264.0000073464693
Random matched local,Group_C2_manikin.ply,350,8,2794,2739,0.021017334121131666,55,2956.1209284569604,11.000000021511672,197.00000434365958,5036.041263706428,1.7035978519103232,254.00000934492365,357.99999402514953
Random matched local,Group_C2_manikin.ply,351,7,2794,2728,0.020932927156789773,66,2956.1209284569604,356.9999996891463,173.00000367579872,8113.921181229521,2.7447866232809477,62.99999833804013,195.999996347278
Random matched local,Group_C2_manikin.ply,352,10,2794,2782,0.021347288618104525,12,2956.1209284569604,190.00000301050196,9.000000250447817,2956.1209284569604,1.0,134.00000600561944,319.99999069097345
Random matched local,Group_C2_manikin.ply,353,7,2794,2715,0.020833173471658445,79,2956.1209284569604,200.0000010120476,348.9999903596071,4096.7612227132495,1.385857115409579,209.00000467759,39.99999883637168
Random matched local,Group_C2_manikin.ply,354,7,2794,2783,0.021354961978499246,11,2956.1209284569604,209.00000467759,178.99999701257477,6431.761359380296,2.1757436569881987,247.99998868739095,273.00001101201167
Random matched local,Group_C2_manikin.ply,355,7,2794,2747,0.021078721004289407,47,2956.1209284569604,0.0,221.00000501152041,10673.399799126239,3.610610004610858,173.99999801180195,120.00000333930423
Random matched local,Group_C2_manikin.ply,356,8,2794,2778,0.021316595176525656,16,2956.1209284569604,204.00000567681718,12.999999792575526,5497.9211042735205,1.8598430975363827,132.99999800923788,358.99998836115276
Random matched local,Group_C2_manikin.ply,357,7,2794,2775,0.021293575095341504,19,2956.1209284569604,195.999996347278,25.00000012650595,7293.002664550277,2.467085359852679,322.0000066837366,195.999996347278
Random matched local,Group_C2_manikin.ply,358,7,2794,2774,0.021285901734946787,20,2956.1209284569604,190.99999734650518,347.0000016876007,3750.84123335594,1.2688389021060138,304.999993688655,212.000001345978
Random matched local,Group_C2_manikin.ply,359,7,2794,2704,0.020748766507316548,90,2956.1209284569604,190.00000301050196,9.000000250447817,2956.1209284569604,1.0,118.00000100691943,356.0000053531431
Random matched local,Group_C2_manikin.ply,360,8,2794,2696,0.020687379624158807,98,2956.1209284569604,333.9999933572887,222.99999368352687,13378.98368677817,4.525858045246393,274.9999996840181,356.0000053531431
Random matched local,Group_C2_manikin.ply,361,8,2794,2782,0.021347288618104525,12,2956.1209284569604,188.9999950141204,351.0000063523703,3160.5210186036165,1.0691446984387574,181.99999368096277,342.9999970228311
Random matched local,Group_C2_manikin.ply,362,7,2794,2776,0.02130124845573622,18,2956.1209284569604,30.99999858592387,0.9999999922536332,6672.681363160945,2.2572423539668787,117.0000066709162,132.00000367323466
Random matched local,Group_C2_manikin.ply,363,7,2794,2773,0.021278228374552066,21,2956.1209284569604,6.000000166965211,183.00000167734436,4165.041052605495,1.4089548950825797,222.99999368352687,28.99999966863366
Random matched local,Group_C2_manikin.ply,364,7,2794,2778,0.021316595176525656,16,2956.1209284569604,178.99999701257477,48.00000133572169,13569.589488762469,4.590336395962509,313.0000030181942,228.000006344678
Random matched local,Group_C2_manikin.ply,365,7,2794,2781,0.021339615257709808,13,2956.1209284569604,168.99999901102913,357.99999402514953,12288.761532996312,4.1570564365953775,123.00000000769225,33.99999866940647
Random matched local,Group_C2_manikin.ply,366,7,2794,2787,0.021385655420078115,7,2956.1209284569604,200.0000010120476,348.9999903596071,4096.7612227132495,1.385857115409579,237.99999068584532,9.99999970909292
Random matched local,Group_C2_manikin.ply,367,7,2794,2783,0.021354961978499246,11,2956.1209284569604,14.000000104994276,197.9999986796628,5561.401528760422,1.8813173288087943,54.999999253784715,180.99999934495955
Random matched local,Group_C2_manikin.ply,368,7,2794,2792,0.021424022222051704,2,2956.1209284569604,18.999999959540737,173.99999801180195,4152.840819240601,1.4048277860568803,341.00000835082466,128.9999933444683
Random matched local,Group_C2_manikin.ply,369,7,2794,2721,0.02087921363402675,73,2956.1209284569604,7.000000052497138,139.99999934239548,11173.117259317192,3.779655003880152,328.00000002051263,224.99999601591168
Random matched local,Group_C2_manikin.ply,370,7,2794,2792,0.021424022222051704,2,2956.1209284569604,190.00000301050196,9.000000250447817,2956.1209284569604,1.0,73.99999750577815,239.00001234260523
Random matched local,Group_C2_manikin.ply,371,8,2794,2794,0.02143936894284114,0,2956.1209284569604,16.999999334703237,156.99999867709872,6787.441978769854,2.2960637074860033,9.99999970909292,147.9999950115563
Random matched local,Group_C2_manikin.ply,372,7,2794,2787,0.021385655420078115,7,2956.1209284569604,190.00000301050196,9.000000250447817,2956.1209284569604,1.0,83.00000117132056,207.0000023452052
Random matched local,Group_C2_manikin.ply,373,8,2794,2786,0.021377982059683397,8,2956.1209284569604,15.000000417413029,190.00000301050196,3167.36102104187,1.0714585423591494,193.99999401489322,24.000000667860846
Random matched local,Group_C2_manikin.ply,374,8,2794,2759,0.02117080132902602,35,2956.1209284569604,15.000000417413029,190.00000301050196,3167.36102104187,1.0714585423591494,6.000000166965211,193.99999401489322
Random matched local,Group_C2_manikin.ply,375,8,2794,2766,0.021224514851789045,28,2956.1209284569604,190.00000301050196,9.000000250447817,2956.1209284569604,1.0,299.000000351879,48.9999990868195
Random matched local,Group_C2_manikin.ply,376,8,2794,2758,0.021163127968631304,36,2956.1209284569604,18.000000500895634,152.99999401232913,7602.602489723647,2.571817146090861,280.9999930207942,54.999999253784715
Random matched local,Group_C2_manikin.ply,377,7,2794,2788,0.021393328780472832,6,2956.1209284569604,181.99999368096277,352.99999502437674,5104.320600998303,1.726695464945902,308.0000040174214,161.0000033418683
Random matched local,Group_C2_manikin.ply,378,9,2794,2771,0.02126288165376263,23,2956.1209284569604,318.000002018967,144.00000400716507,14057.649068595949,4.755437754007505,308.99999835342464,139.00000500639226
Random matched local,Group_C2_manikin.ply,379,8,2794,2761,0.021186148049815456,33,2956.1209284569604,178.00000267657154,352.99999502437674,7084.521380337802,2.396560070374316,147.9999950115563,53.0000003364945
Random matched local,Group_C2_manikin.ply,380,10,2794,2775,0.021293575095341504,19,2956.1209284569604,11.000000021511672,197.00000434365958,5036.041263706428,1.7035978519103232,268.0000120112389,73.00000316977493
Random matched local,Group_C2_manikin.ply,381,8,2794,2782,0.021347288618104525,12,2956.1209284569604,14.000000104994276,197.9999986796628,5561.401528760422,1.8813173288087943,67.00000300280972,152.99999401232913
Random matched local,Group_C2_manikin.ply,382,8,2794,2788,0.021393328780472832,6,2956.1209284569604,192.99999967889,7.000000052497138,3138.4406996167395,1.0616753426440326,214.00000367836282,21.00000058437824
Random matched local,Group_C2_manikin.ply,383,8,2794,2790,0.021408675501262266,4,2956.1209284569604,15.000000417413029,190.00000301050196,3167.36102104187,1.0714585423591494,308.0000040174214,161.0000033418683
Random matched local,Group_C2_manikin.ply,384,7,2794,2782,0.021347288618104525,12,2956.1209284569604,15.000000417413029,190.00000301050196,3167.36102104187,1.0714585423591494,102.00000283840859,156.99999867709872
Random matched local,Group_C2_manikin.ply,385,9,2794,2789,0.02140100214086755,5,2956.1209284569604,209.99999901359323,351.0000063523703,9617.2419461337,3.2533317069520966,221.00000501152041,9.99999970909292
Random matched local,Group_C2_manikin.ply,386,7,2794,2681,0.020572279218238045,113,2956.1209284569604,7.999999938029066,173.99999801180195,3008.8407441604236,1.0178341201119203,0.9999999922536332,166.00000234264112
Random matched local,Group_C2_manikin.ply,387,7,2794,2770,0.021255208293367914,24,2956.1209284569604,6.000000166965211,159.0000010094835,8800.602156268664,2.9770778561695757,348.9999903596071,288.00000801433015
Random matched local,Group_C2_manikin.ply,388,7,2794,2784,0.021362635338893963,10,2956.1209284569604,12.999999792575526,166.99999667864435,3932.280973954634,1.3302165469960023,51.999999170302104,214.00000367836282
Random matched local,Group_C2_manikin.ply,389,7,2794,2783,0.021354961978499246,11,2956.1209284569604,197.00000434365958,24.000000667860846,6991.642073166272,2.36514075113151,106.000000672989,21.00000058437824
Random matched local,Group_C2_manikin.ply,390,7,2794,2765,0.021216841491394325,29,2956.1209284569604,7.999999938029066,173.99999801180195,3008.8407441604236,1.0178341201119203,274.0000053480149,42.99999891985429
Random matched local,Group_C2_manikin.ply,391,9,2794,2713,0.020817826750869007,81,2956.1209284569604,190.00000301050196,9.000000250447817,2956.1209284569604,1.0,159.0000010094835,7.999999938029066
Random matched local,Group_C2_manikin.ply,392,7,2794,2764,0.021209168130999607,30,2956.1209284569604,11.000000021511672,147.00000067555308,8519.283010939922,2.881912890954305,281.9999873567974,310.9999870254311
Random matched local,Group_C2_manikin.ply,393,7,2794,2788,0.021393328780472832,6,2956.1209284569604,7.999999938029066,214.00000367836282,10246.522170453032,3.4662053476281582,115.00000433853141,6.000000166965211
Random matched local,Group_C2_manikin.ply,394,7,2794,2746,0.02107104764389469,48,2956.1209284569604,130.00000134084985,333.9999933572887,14844.80278551086,5.021717021995974,6.000000166965211,294.00000135110616
Random matched local,Group_C2_manikin.ply,395,8,2794,2775,0.021293575095341504,19,2956.1209284569604,200.0000010120476,348.9999903596071,4096.7612227132495,1.385857115409579,88.00000017209338,244.00001134337802
Random matched local,Group_C2_manikin.ply,396,7,2794,2791,0.021416348861656987,3,2956.1209284569604,199.00000667604436,341.00000835082466,6206.362208059011,2.0994953718955656,309.99999268942787,279.99999868479097
Random matched local,Group_C2_manikin.ply,397,8,2794,2782,0.021347288618104525,12,2956.1209284569604,6.000000166965211,183.00000167734436,4165.041052605495,1.4089548950825797,356.0000053531431,173.00000367579872
Random matched local,Group_C2_manikin.ply,398,7,2794,2781,0.021339615257709808,13,2956.1209284569604,15.000000417413029,190.00000301050196,3167.36102104187,1.0714585423591494,127.00000467246183,352.99999502437674
Random matched local,Group_C2_manikin.ply,399,8,2794,2771,0.02126288165376263,23,2956.1209284569604,12.000000333930423,216.0000060107476,10346.919051871811,3.5001677205650408,112.00000083995421,31.999999752116263
Random matched local,Group_C2_manikin.ply,400,8,2794,2729,0.02094060051718449,65,2956.1209284569604,7.999999938029066,173.99999801180195,3008.8407441604236,1.0178341201119203,247.99998868739095,48.00000133572169
Random matched local,Group_C2_manikin.ply,401,8,2794,2793,0.02143169558244642,1,2956.1209284569604,209.00000467759,178.99999701257477,6431.761359380296,2.1757436569881987,327.0000056845094,168.99999901102913
Random matched local,Group_C2_manikin.ply,402,8,2794,2782,0.021347288618104525,12,2956.1209284569604,11.000000021511672,197.00000434365958,5036.041263706428,1.7035978519103232,7.999999938029066,207.0000023452052
Random matched local,Group_C2_manikin.ply,403,8,2794,2792,0.021424022222051704,2,2956.1209284569604,15.000000417413029,190.00000301050196,3167.36102104187,1.0714585423591494,89.00000133828577,159.99999534548672
Random matched local,Group_C2_manikin.ply,404,7,2794,2751,0.02110941444586828,43,2956.1209284569604,357.99999402514953,137.99999701001067,11506.756475149108,3.892518862939555,347.9999960236039,146.00000633954986
Random matched local,Group_C2_manikin.ply,405,8,2794,2778,0.021316595176525656,16,2956.1209284569604,181.99999368096277,352.99999502437674,5104.320600998303,1.726695464945902,236.00000201383887,337.99999802205826
Random matched local,Group_C2_manikin.ply,406,9,2794,2788,0.021393328780472832,6,2956.1209284569604,7.000000052497138,139.99999934239548,11173.117259317192,3.779655003880152,357.99999402514953,130.99999567685308
Random matched local,Group_C2_manikin.ply,407,8,2794,2784,0.021362635338893963,10,2956.1209284569604,15.000000417413029,190.00000301050196,3167.36102104187,1.0714585423591494,73.99999750577815,239.00001234260523
Random matched local,Group_C2_manikin.ply,408,9,2794,2761,0.021186148049815456,33,2956.1209284569604,190.00000301050196,9.000000250447817,2956.1209284569604,1.0,190.99999734650518,14.000000104994276
Random matched local,Group_C2_manikin.ply,409,7,2794,2778,0.021316595176525656,16,2956.1209284569604,27.00000075134345,195.00000201127477,8740.52264473655,2.9567540896572653,309.99999268942787,171.99999567941717
Random matched local,Group_C2_manikin.ply,410,9,2794,2748,0.021086394364684125,46,2956.1209284569604,171.99999567941717,345.0000130155942,12881.362733762126,4.357522254844275,152.99999401232913,339.9999866940647
Random matched local,Group_C2_manikin.ply,411,8,2794,2787,0.021385655420078115,7,2956.1209284569604,188.9999950141204,351.0000063523703,3160.5210186036165,1.0691446984387574,185.00000400972914,323.00000101973984
Random matched local,Group_C2_manikin.ply,412,7,2794,2789,0.02140100214086755,5,2956.1209284569604,12.000000333930423,169.99999334703236,3194.361186224567,1.080592189404093,19.99999941818584,163.0000056742531
Random matched local,Group_C2_manikin.ply,413,7,2794,2758,0.021163127968631304,36,2956.1209284569604,0.0,188.9999950141204,6582.241413021876,2.226648223236822,137.00000267400745,12.999999792575526
Random matched local,Group_C2_manikin.ply,414,7,2794,2774,0.021285901734946787,20,2956.1209284569604,7.999999938029066,173.99999801180195,3008.8407441604236,1.0178341201119203,224.00000167990842,284.00000334956053
Random matched local,Group_C2_manikin.ply,415,8,2794,2793,0.02143169558244642,1,2956.1209284569604,30.99999858592387,0.9999999922536332,6672.681363160945,2.2572423539668787,71.00000083739013,151.00000534032267
Random matched local,Group_C2_manikin.ply,416,7,2794,2794,0.02143936894284114,0,2956.1209284569604,16.999999334703237,156.99999867709872,6787.441978769854,2.2960637074860033,54.999999253784715,224.99999601591168
Random matched local,Group_C2_manikin.ply,417,7,2794,2787,0.021385655420078115,7,2956.1209284569604,15.000000417413029,190.00000301050196,3167.36102104187,1.0714585423591494,358.99998836115276,280.9999930207942
Random matched local,Group_C2_manikin.ply,418,7,2794,2777,0.02130892181613094,17,2956.1209284569604,15.000000417413029,190.00000301050196,3167.36102104187,1.0714585423591494,6.000000166965211,193.99999401489322
Random matched local,Group_C2_manikin.ply,419,8,2794,2762,0.021193821410210173,32,2956.1209284569604,6.000000166965211,187.00000634211395,3560.5208932860824,1.2044571177758303,96.00000267144338,254.00000934492365
Random matched local,Group_C2_manikin.ply,420,7,2794,2771,0.02126288165376263,23,2956.1209284569604,200.0000010120476,348.9999903596071,4096.7612227132495,1.385857115409579,270.00000068324533,347.9999960236039
Random matched local,Group_C2_manikin.ply,421,7,2794,2776,0.02130124845573622,18,2956.1209284569604,12.999999792575526,166.99999667864435,3932.280973954634,1.3302165469960023,304.999993688655,197.9999986796628
Random matched local,Group_C2_manikin.ply,422,7,2794,2765,0.021216841491394325,29,2956.1209284569604,190.00000301050196,9.000000250447817,2956.1209284569604,1.0,274.0000053480149,350.00001201636707
Random matched local,Group_C2_manikin.ply,423,7,2794,2734,0.02097896731915808,60,2956.1209284569604,230.00000867706282,331.000010349279,20865.668935224043,7.058462573151745,161.99999767787153,241.00000101461168
Random matched local,Group_C2_manikin.ply,424,7,2794,2792,0.021424022222051704,2,2956.1209284569604,15.000000417413029,190.00000301050196,3167.36102104187,1.0714585423591494,357.99999402514953,188.9999950141204
Random matched local,Group_C2_manikin.ply,425,7,2794,2779,0.021324268536920373,15,2956.1209284569604,3.0000000834826057,173.00000367579872,4665.480664938935,1.5782441848122324,350.00001201636707,197.9999986796628
Random matched local,Group_C2_manikin.ply,426,7,2794,2773,0.021278228374552066,21,2956.1209284569604,7.999999938029066,214.00000367836282,10246.522170453032,3.4662053476281582,123.00000000769225,33.99999866940647
Random matched local,Group_C2_manikin.ply,427,7,2794,2784,0.021362635338893963,10,2956.1209284569604,192.00000534288677,347.9999960236039,3605.921406391238,1.2198152557559483,139.99999934239548,256.99999235293336
Random matched local,Group_C2_manikin.ply,428,7,2794,2793,0.02143169558244642,1,2956.1209284569604,192.00000534288677,34.99999983559887,9283.921935341576,3.140575828942021,276.9999883560246,303.0000050166486
Random matched local,Group_C2_manikin.ply,429,8,2794,2793,0.02143169558244642,1,2956.1209284569604,192.99999967889,7.000000052497138,3138.4406996167395,1.0616753426440326,82.00000000512816,246.99999435138773
Random matched local,Group_C2_manikin.ply,430,8,2794,2748,0.021086394364684125,46,2956.1209284569604,209.00000467759,178.99999701257477,6431.761359380296,2.1757436569881987,154.99999634471394,15.000000417413029
Random matched local,Group_C2_manikin.ply,431,8,2794,2790,0.021408675501262266,4,2956.1209284569604,127.00000467246183,28.000000209988553,14145.160509535104,4.785041225264966,74.99999867197056,237.99999068584532
Random matched local,Group_C2_manikin.ply,432,8,2794,2769,0.021247534932973197,25,2956.1209284569604,6.000000166965211,183.00000167734436,4165.041052605495,1.4089548950825797,356.0000053531431,173.00000367579872
Random matched local,Group_C2_manikin.ply,433,8,2794,2792,0.021424022222051704,2,2956.1209284569604,190.00000301050196,9.000000250447817,2956.1209284569604,1.0,224.99999601591168,67.00000300280972
Random matched local,Group_C2_manikin.ply,434,8,2794,2791,0.021416348861656987,3,2956.1209284569604,12.000000333930423,216.0000060107476,10346.919051871811,3.5001677205650408,147.9999950115563,53.0000003364945
Random matched local,Group_C2_manikin.ply,435,8,2794,2773,0.021278228374552066,21,2956.1209284569604,15.000000417413029,164.00000001025631,4847.721620039506,1.6398928654687768,94.00000033905859,221.99999934752364
Random matched local,Group_C2_manikin.ply,436,8,2794,2789,0.02140100214086755,5,2956.1209284569604,183.00000167734436,11.000000021511672,5781.361386795675,1.955725603489921,6.000000166965211,147.00000067555308
Random matched local,Group_C2_manikin.ply,437,8,2794,2739,0.021017334121131666,55,2956.1209284569604,180.99999934495955,314.99999169020066,11529.518553048127,3.9002188449260493,185.99999834573237,305.99998802465825
Random matched local,Group_C2_manikin.ply,438,7,2794,2778,0.021316595176525656,16,2956.1209284569604,195.00000201127477,332.9999990212855,8189.482629791764,2.7703476373229834,168.99999901102913,57.99999933726732
Random matched local,Group_C2_manikin.ply,439,8,2794,2771,0.02126288165376263,23,2956.1209284569604,190.00000301050196,9.000000250447817,2956.1209284569604,1.0,47.000000169529294,132.00000367323466
Random matched local,Group_C2_manikin.ply,440,7,2794,2779,0.021324268536920373,15,2956.1209284569604,265.00000168247254,357.99999402514953,16845.549433684548,5.698531907650208,274.9999996840181,356.0000053531431
Random matched local,Group_C2_manikin.ply,441,8,2794,2792,0.021424022222051704,2,2956.1209284569604,15.000000417413029,190.00000301050196,3167.36102104187,1.0714585423591494,28.000000209988553,192.00000534288677
Random matched local,Group_C2_manikin.ply,442,7,2794,2794,0.02143936894284114,0,2956.1209284569604,180.99999934495955,314.99999169020066,11529.518553048127,3.9002188449260493,65.00000067042492,207.99999668120842
Random matched local,Group_C2_manikin.ply,443,8,2794,2784,0.021362635338893963,10,2956.1209284569604,12.000000333930423,216.0000060107476,10346.919051871811,3.5001677205650408,56.000000419977106,104.99999950679661
Random matched local,Group_C2_manikin.ply,444,8,2794,2782,0.021347288618104525,12,2956.1209284569604,7.000000052497138,161.99999767787153,7986.521917926379,2.701689853430723,151.9999996763259,42.99999891985429
Random matched local,Group_C2_manikin.ply,445,7,2794,2736,0.020994314039947514,58,2956.1209284569604,16.999999334703237,156.99999867709872,6787.441978769854,2.2960637074860033,9.99999970909292,147.9999950115563
Random matched local,Group_C2_manikin.ply,446,7,2794,2757,0.021155454608236587,37,2956.1209284569604,15.000000417413029,164.00000001025631,4847.721620039506,1.6398928654687768,94.00000033905859,221.99999934752364
Random matched local,Group_C2_manikin.ply,447,8,2794,2764,0.021209168130999607,30,2956.1209284569604,1.9999999845072665,137.00000267400745,11435.717590584243,3.8684877470670567,352.99999502437674,132.99999800923788
Random matched local,Group_C2_manikin.ply,448,8,2794,2766,0.021224514851789045,28,2956.1209284569604,7.999999938029066,173.99999801180195,3008.8407441604236,1.0178341201119203,195.999996347278,34.99999983559887
Random matched local,Group_C2_manikin.ply,449,9,2794,2766,0.021224514851789045,28,2956.1209284569604,11.000000021511672,147.00000067555308,8519.283010939922,2.881912890954305,1.9999999845072665,142.00000167478026
Random matched local,Group_C2_manikin.ply,450,8,2794,2768,0.02123986157257848,26,2956.1209284569604,22.000000043023345,190.00000301050196,5342.441156875989,1.8072471614564978,130.99999567685308,240.00000667860846
Random matched local,Group_C2_manikin.ply,451,8,2794,2784,0.021362635338893963,10,2956.1209284569604,12.999999792575526,166.99999667864435,3932.280973954634,1.3302165469960023,77.00000100435535,135.00000034162267
Random matched local,Group_C2_manikin.ply,452,7,2794,2722,0.020886886994421466,72,2956.1209284569604,337.99999802205826,224.00000167990842,12656.867996720242,4.281579916058066,294.9999956871094,173.00000367579872
Random matched local,Group_C2_manikin.ply,453,8,2794,2777,0.02130892181613094,17,2956.1209284569604,24.000000667860846,159.99999534548672,8045.0024486573275,2.7214727148718736,300.99998902388546,166.99999667864435
Random matched local,Group_C2_manikin.ply,454,8,2794,2742,0.02104035420231582,52,2956.1209284569604,190.00000301050196,9.000000250447817,2956.1209284569604,1.0,195.999996347278,321.0000123477334
Random matched local,Group_C2_manikin.ply,455,7,2794,2772,0.02127055501415735,22,2956.1209284569604,169.99999334703236,42.00000116875648,12368.510577304303,4.184034035360128,75.99999983816295,147.00000067555308
Random matched local,Group_C2_manikin.ply,456,7,2794,2757,0.021155454608236587,37,2956.1209284569604,190.00000301050196,9.000000250447817,2956.1209284569604,1.0,9.99999970909292,147.9999950115563
Random matched local,Group_C2_manikin.ply,457,8,2794,2792,0.021424022222051704,2,2956.1209284569604,18.999999959540737,173.99999801180195,4152.840819240601,1.4048277860568803,216.0000060107476,9.99999970909292
Random matched local,Group_C2_manikin.ply,458,8,2794,2764,0.021209168130999607,30,2956.1209284569604,183.00000167734436,11.000000021511672,5781.361386795675,1.955725603489921,304.999993688655,212.000001345978
Random matched local,Group_C2_manikin.ply,459,8,2794,2793,0.02143169558244642,1,2956.1209284569604,15.000000417413029,190.00000301050196,3167.36102104187,1.0714585423591494,31.999999752116263,6.000000166965211
Random matched local,Group_C2_manikin.ply,460,7,2794,2794,0.02143936894284114,0,2956.1209284569604,195.00000201127477,348.9999903596071,3662.041396148934,1.2387995906718372,202.9999976804356,339.9999866940647
Random matched local,Group_C2_manikin.ply,461,8,2794,2714,0.020825500111263724,80,2956.1209284569604,197.00000434365958,15.000000417413029,4770.281393665913,1.6136962962999997,193.99999401489322,24.000000667860846
Random matched local,Group_C2_manikin.ply,462,8,2794,2746,0.02107104764389469,48,2956.1209284569604,193.99999401489322,39.00000108527387,11409.471842868268,3.8596093052335982,132.99999800923788,247.99998868739095
Random matched local,Group_C2_manikin.ply,463,8,2794,2782,0.021347288618104525,12,2956.1209284569604,15.000000417413029,200.0000010120476,6016.802196660317,2.035370792425929,51.000001419204295,164.99999434625954
Random matched local,Group_C2_manikin.ply,464,8,2794,2762,0.021193821410210173,32,2956.1209284569604,30.99999858592387,0.9999999922536332,6672.681363160945,2.2572423539668787,229.00000068068124,4.99999985454646
Random matched local,Group_C2_manikin.ply,465,8,2794,2760,0.02117847468942074,34,2956.1209284569604,15.000000417413029,190.00000301050196,3167.36102104187,1.0714585423591494,25.00000012650595,190.00000301050196
Random matched local,Group_C2_manikin.ply,466,8,2794,2780,0.02133194189731509,14,2956.1209284569604,192.99999967889,7.000000052497138,3138.4406996167395,1.0616753426440326,202.00000334443237,12.000000333930423
Random matched local,Group_C2_manikin.ply,467,9,2794,2791,0.021416348861656987,3,2956.1209284569604,15.000000417413029,190.00000301050196,3167.36102104187,1.0714585423591494,7.999999938029066,207.99999668120842
Random matched local,Group_C2_manikin.ply,468,8,2794,2785,0.02137030869928868,9,2956.1209284569604,308.0000040174214,207.99999668120842,14748.157548510339,4.989023759663513,322.0000066837366,195.999996347278
Random matched local,Group_C2_manikin.ply,469,8,2794,2793,0.02143169558244642,1,2956.1209284569604,214.99999801436604,180.00000500895632,7338.001215753477,2.482307521696609,321.0000123477334,175.00000600818353
Random matched local,Group_C2_manikin.ply,470,7,2794,2759,0.02117080132902602,35,2956.1209284569604,173.00000367579872,318.9999963549702,12105.114203839263,4.094932006099596,112.00000083995421,235.00000767783564
Random matched local,Group_C2_manikin.ply,471,7,2794,2695,0.02067970626376409,99,2956.1209284569604,139.00000500639226,324.9999896917463,13328.376880362013,4.508738716355279,281.9999873567974,331.000010349279
Random matched local,Group_C2_manikin.ply,472,7,2794,2793,0.02143169558244642,1,2956.1209284569604,15.000000417413029,200.0000010120476,6016.802196660317,2.035370792425929,224.00000167990842,341.00000835082466
Random matched local,Group_C2_manikin.ply,473,8,2794,2767,0.021232188212183763,27,2956.1209284569604,0.9999999922536332,185.99999834573237,5499.481169645452,1.8603708382512205,73.99999750577815,159.99999534548672
Random matched local,Group_C2_manikin.ply,474,8,2794,2793,0.02143169558244642,1,2956.1209284569604,15.000000417413029,190.00000301050196,3167.36102104187,1.0714585423591494,139.99999934239548,336.0000093500518
Random matched local,Group_C2_manikin.ply,475,7,2794,2787,0.021385655420078115,7,2956.1209284569604,7.999999938029066,173.99999801180195,3008.8407441604236,1.0178341201119203,356.0000053531431,173.00000367579872
Random matched local,Group_C2_manikin.ply,476,7,2794,2792,0.021424022222051704,2,2956.1209284569604,15.000000417413029,190.00000301050196,3167.36102104187,1.0714585423591494,130.00000134084985,18.000000500895634
Random matched local,Group_C2_manikin.ply,477,8,2794,2773,0.021278228374552066,21,2956.1209284569604,195.00000201127477,351.0000063523703,3337.240908756729,1.1289257068717773,204.00000567681718,355.00001101713985
Random matched local,Group_C2_manikin.ply,478,7,2794,2789,0.02140100214086755,5,2956.1209284569604,197.9999986796628,332.00000468528225,8638.882439983778,2.9223711238677614,115.00000433853141,6.000000166965211
Random matched local,Group_C2_manikin.ply,479,8,2794,2780,0.02133194189731509,14,2956.1209284569604,209.99999901359323,351.0000063523703,9617.2419461337,3.2533317069520966,219.99999701513886,300.99998902388546
Random matched local,Group_C2_manikin.ply,480,10,2794,2783,0.021354961978499246,11,2956.1209284569604,15.000000417413029,190.00000301050196,3167.36102104187,1.0714585423591494,350.00001201636707,197.9999986796628
Random matched local,Group_C2_manikin.ply,481,7,2794,2757,0.021155454608236587,37,2956.1209284569604,192.99999967889,7.000000052497138,3138.4406996167395,1.0616753426440326,139.99999934239548,336.0000093500518
Random matched local,Group_C2_manikin.ply,482,8,2794,2731,0.020955947237973924,63,2956.1209284569604,18.999999959540737,173.99999801180195,4152.840819240601,1.4048277860568803,327.0000056845094,168.99999901102913
Random matched local,Group_C2_manikin.ply,483,8,2794,2779,0.021324268536920373,15,2956.1209284569604,15.000000417413029,190.00000301050196,3167.36102104187,1.0714585423591494,328.00000002051263,224.99999601591168
Random matched local,Group_C2_manikin.ply,484,8,2794,2753,0.021124761166657714,41,2956.1209284569604,132.00000367323466,327.0000056845094,13141.367061079041,4.445476818818298,134.00000600561944,319.99999069097345
Random matched local,Group_C2_manikin.ply,485,7,2794,2758,0.021163127968631304,36,2956.1209284569604,319.99999069097345,147.9999950115563,15385.332186360005,5.204567931661328,329.9999886925191,156.99999867709872
Random matched local,Group_C2_manikin.ply,486,8,2794,2782,0.021347288618104525,12,2956.1209284569604,7.999999938029066,173.99999801180195,3008.8407441604236,1.0178341201119203,45.999999003336896,156.0000043410955
Random matched local,Group_C2_manikin.ply,487,8,2794,2740,0.021025007481526387,54,2956.1209284569604,204.00000567681718,12.999999792575526,5497.9211042735205,1.8598430975363827,183.00000167734436,112.00000083995421
Random matched local,Group_C2_manikin.ply,488,7,2794,2770,0.021255208293367914,24,2956.1209284569604,190.00000301050196,9.000000250447817,2956.1209284569604,1.0,42.00000116875648,163.0000056742531
Random matched local,Group_C2_manikin.ply,489,7,2794,2790,0.021408675501262266,4,2956.1209284569604,30.99999858592387,0.9999999922536332,6672.681363160945,2.2572423539668787,37.999999919081475,358.99998836115276
Random matched local,Group_C2_manikin.ply,490,7,2794,2793,0.02143169558244642,1,2956.1209284569604,6.000000166965211,159.0000010094835,8800.602156268664,2.9770778561695757,356.9999996891463,149.99999734394112
Random matched local,Group_C2_manikin.ply,491,7,2794,2771,0.02126288165376263,23,2956.1209284569604,18.999999959540737,147.00000067555308,9893.318838324429,3.3467233167245816,271.9999893552518,7.999999938029066
Random matched local,Group_C2_manikin.ply,492,8,2794,2733,0.020971293958763362,61,2956.1209284569604,192.00000534288677,323.00000101973984,10533.597843706115,3.563317637754574,109.99999850756943,342.0000026868279
Random matched local,Group_C2_manikin.ply,493,8,2794,2785,0.02137030869928868,9,2956.1209284569604,15.000000417413029,164.00000001025631,4847.721620039506,1.6398928654687768,245.00000567938125,63.99999950423253
Random matched local,Group_C2_manikin.ply,494,7,2794,2720,0.02087154027363203,74,2956.1209284569604,310.9999870254311,210.99999334959645,13446.606880377147,4.548733697236135,236.9999963498421,327.0000056845094
Random matched local,Group_C2_manikin.ply,495,8,2794,2786,0.021377982059683397,8,2956.1209284569604,15.999999876058132,156.0000043410955,6912.162481260693,2.338254303036484,331.000010349279,188.9999950141204
Random matched local,Group_C2_manikin.ply,496,8,2794,2749,0.021094067725078845,45,2956.1209284569604,18.000000500895634,188.00000067811717,3708.7211924150956,1.2545904860363675,313.0000030181942,228.000006344678
Random matched local,Group_C2_manikin.ply,497,7,2794,2791,0.021416348861656987,3,2956.1209284569604,193.99999401489322,18.999999959540737,5766.481900018109,1.950692153527056,207.0000023452052,331.000010349279
Random matched local,Group_C2_manikin.ply,498,7,2794,2787,0.021385655420078115,7,2956.1209284569604,357.99999402514953,137.99999701001067,11506.756475149108,3.892518862939555,358.99998836115276,61.99999717184774
Random matched local,Group_C2_manikin.ply,499,8,2794,2761,0.021186148049815456,33,2956.1209284569604,308.99999835342464,149.99999734394112,14026.24086900191,4.744812951993592,72.00000200358254,123.99999434369548
Uniform matched local,Group_C3_dragon_100k_1.5x.ply,0,16,6762,6723,0.05158800193368682,39,28106.973190938144,7.999999938029066,284.00000334956053,31528.888655102943,1.1217461389712373,0.0,356.0000053531431
Random matched local,Group_C3_dragon_100k_1.5x.ply,0,17,6762,6762,0.05188726298908081,0,28106.973190938144,118.99999534292266,257.9999866889366,29137.290213718887,1.0366569895584816,249.00001034415084,337.99999802205826
Random matched local,Group_C3_dragon_100k_1.5x.ply,1,18,6762,6761,0.05187958962868609,1,28106.973190938144,127.99999900846505,250.00000468015406,35195.75654967757,1.2522072836012414,130.99999567685308,240.00000667860846
Random matched local,Group_C3_dragon_100k_1.5x.ply,2,18,6762,6706,0.05145755480697662,56,28106.973190938144,338.9999923580615,279.99999868479097,29332.216120948477,1.0435921335850336,259.0000083456965,4.99999985454646
Random matched local,Group_C3_dragon_100k_1.5x.ply,3,17,6762,6754,0.05182587610592307,8,28106.973190938144,159.0000010094835,257.9999866889366,29205.77742836692,1.0390936523105603,313.99999735419743,308.0000040174214
Random matched local,Group_C3_dragon_100k_1.5x.ply,4,18,6762,6755,0.05183354946631778,7,28106.973190938144,280.9999930207942,84.99999667351618,38980.960845947266,1.3868786432868183,14.000000104994276,200.0000010120476
Random matched local,Group_C3_dragon_100k_1.5x.ply,5,17,6762,6704,0.051442208086187186,58,28106.973190938144,63.99999950423253,95.00000150525098,38760.327110605795,1.379028856906668,102.00000283840859,156.99999867709872
Random matched local,Group_C3_dragon_100k_1.5x.ply,6,18,6762,6732,0.051657062177239275,30,28106.973190938144,195.00000201127477,257.9999866889366,32013.447816706885,1.1389859590796567,342.9999970228311,318.9999963549702
Random matched local,Group_C3_dragon_100k_1.5x.ply,7,17,6762,6759,0.05186424290789666,3,28106.973190938144,350.00001201636707,279.99999868479097,30238.573216209727,1.0758388322638321,178.00000267657154,168.99999901102913
Random matched local,Group_C3_dragon_100k_1.5x.ply,8,19,6762,6760,0.05187191626829137,2,28106.973190938144,192.00000534288677,249.00001034415084,36653.435919895644,1.304069124444639,212.99999568198123,192.00000534288677
Random matched local,Group_C3_dragon_100k_1.5x.ply,9,16,6762,6728,0.051626368735660406,34,28106.973190938144,338.9999923580615,279.99999868479097,29332.216120948477,1.0435921335850336,130.00000134084985,197.9999986796628
Random matched local,Group_C3_dragon_100k_1.5x.ply,10,16,6762,6757,0.05184889618710722,5,28106.973190938144,127.99999900846505,250.00000468015406,35195.75654967757,1.2522072836012414,308.99999835342464,51.999999170302104
Random matched local,Group_C3_dragon_100k_1.5x.ply,11,17,6762,6761,0.05187958962868609,1,28106.973190938144,45.00000125223908,292.0000126790997,38716.82064592346,1.3774809682604312,304.999993688655,31.999999752116263
Random matched local,Group_C3_dragon_100k_1.5x.ply,12,16,6762,6760,0.05187191626829137,2,28106.973190938144,130.99999567685308,257.9999866889366,28106.973190938144,1.0,270.00000068324533,347.9999960236039
Random matched local,Group_C3_dragon_100k_1.5x.ply,13,17,6762,6733,0.051664735537633996,29,28106.973190938144,144.9999983431683,251.99999335216052,32609.963220013076,1.1602089986169952,154.99999634471394,195.00000201127477
Random matched local,Group_C3_dragon_100k_1.5x.ply,14,19,6762,6744,0.05174914250197589,18,28106.973190938144,30.99999858592387,300.99998902388546,40508.09686834162,1.441211637879303,33.99999866940647,310.9999870254311
Random matched local,Group_C3_dragon_100k_1.5x.ply,15,18,6762,6743,0.051741469141581176,19,28106.973190938144,159.0000010094835,257.9999866889366,29205.77742836692,1.0390936523105603,190.99999734650518,14.000000104994276
Random matched local,Group_C3_dragon_100k_1.5x.ply,16,17,6762,6741,0.051726122420791734,21,28106.973190938144,122.00000567168901,257.9999866889366,28224.373651930124,1.004176915820656,251.99999335216052,7.999999938029066
Random matched local,Group_C3_dragon_100k_1.5x.ply,17,17,6762,6734,0.05167240889802872,28,28106.973190938144,130.99999567685308,257.9999866889366,28106.973190938144,1.0,352.99999502437674,313.0000030181942
Random matched local,Group_C3_dragon_100k_1.5x.ply,18,16,6762,6761,0.05187958962868609,1,28106.973190938144,12.999999792575526,84.99999667351618,42195.87184180898,1.501259902841946,94.00000033905859,151.9999996763259
Random matched local,Group_C3_dragon_100k_1.5x.ply,19,17,6762,6704,0.051442208086187186,58,28106.973190938144,308.0000040174214,283.0000090135573,28227.415951815517,1.0042851558600485,309.99999268942787,279.99999868479097
Random matched local,Group_C3_dragon_100k_1.5x.ply,20,20,6762,6752,0.051810529385133634,10,28106.973190938144,207.99999668120842,247.99998868739095,36918.584965477305,1.3135026925410835,264.0000073464693,6.000000166965211
Random matched local,Group_C3_dragon_100k_1.5x.ply,21,16,6762,6756,0.0518412228267125,6,28106.973190938144,195.00000201127477,257.9999866889366,32013.447816706885,1.1389859590796567,54.999999253784715,302.00001068064535
Random matched local,Group_C3_dragon_100k_1.5x.ply,22,17,6762,6737,0.051695428979212865,25,28106.973190938144,0.0,0.0,52015.154814917194,1.8506138836638302,288.00000801433015,319.99999069097345
Random matched local,Group_C3_dragon_100k_1.5x.ply,23,17,6762,6745,0.05175681586237061,17,28106.973190938144,144.9999983431683,251.99999335216052,32609.963220013076,1.1602089986169952,214.00000367836282,244.00001134337802
Random matched local,Group_C3_dragon_100k_1.5x.ply,24,17,6762,6752,0.051810529385133634,10,28106.973190938144,338.9999923580615,279.99999868479097,29332.216120948477,1.0435921335850336,51.999999170302104,33.99999866940647
Random matched local,Group_C3_dragon_100k_1.5x.ply,25,17,6762,6755,0.05183354946631778,7,28106.973190938144,209.00000467759,252.99998768816374,33430.398988329674,1.189398757426781,312.000008682191,318.000002018967
Random matched local,Group_C3_dragon_100k_1.5x.ply,26,19,6762,6757,0.05184889618710722,5,28106.973190938144,154.0000020087107,250.9999990161573,34911.35668163457,1.2420888028202979,12.999999792575526,316.00001334696054
Random matched local,Group_C3_dragon_100k_1.5x.ply,27,19,6762,6753,0.05181820274552835,9,28106.973190938144,130.99999567685308,257.9999866889366,28106.973190938144,1.0,125.99999667608026,240.00000667860846
Random matched local,Group_C3_dragon_100k_1.5x.ply,28,18,6762,6733,0.051664735537633996,29,28106.973190938144,127.99999900846505,250.00000468015406,35195.75654967757,1.2522072836012414,125.99999667608026,240.00000667860846
Random matched local,Group_C3_dragon_100k_1.5x.ply,29,20,6762,6756,0.0518412228267125,6,28106.973190938144,127.99999900846505,250.00000468015406,35195.75654967757,1.2522072836012414,67.99999733881295,321.0000123477334
Random matched local,Group_C3_dragon_100k_1.5x.ply,30,18,6762,6743,0.051741469141581176,19,28106.973190938144,214.99999801436604,252.99998768816374,35276.594240803366,1.2550833560469168,176.99999468018999,236.9999963498421
Random matched local,Group_C3_dragon_100k_1.5x.ply,31,17,6762,6729,0.05163404209605513,33,28106.973190938144,339.9999866940647,82.00000000512816,43660.61313093201,1.5533729951757471,222.99999368352687,199.00000667604436
Random matched local,Group_C3_dragon_100k_1.5x.ply,32,18,6762,6753,0.05181820274552835,9,28106.973190938144,214.99999801436604,252.99998768816374,35276.594240803366,1.2550833560469168,156.99999867709872,214.00000367836282
Random matched local,Group_C3_dragon_100k_1.5x.ply,33,17,6762,6761,0.05187958962868609,1,28106.973190938144,210.99999334959645,229.00000068068124,47956.86075510072,1.7062264381624095,15.999999876058132,190.99999734650518
Random matched local,Group_C3_dragon_100k_1.5x.ply,34,16,6762,6746,0.051764489222765324,16,28106.973190938144,130.99999567685308,257.9999866889366,28106.973190938144,1.0,33.99999866940647,1.9999999845072665
Random matched local,Group_C3_dragon_100k_1.5x.ply,35,20,6762,6759,0.05186424290789666,3,28106.973190938144,156.99999867709872,242.99998968661814,42175.18262626711,1.5005238144911541,45.999999003336896,336.0000093500518
Random matched local,Group_C3_dragon_100k_1.5x.ply,36,19,6762,6752,0.051810529385133634,10,28106.973190938144,342.0000026868279,279.99999868479097,29793.853602133506,1.060016437904428,200.0000010120476,7.999999938029066
Random matched local,Group_C3_dragon_100k_1.5x.ply,37,17,6762,6755,0.05183354946631778,7,28106.973190938144,210.99999334959645,237.99999068584532,40560.69870625646,1.4430831249852785,284.99999768556376,7.000000052497138
Random matched local,Group_C3_dragon_100k_1.5x.ply,38,19,6762,6756,0.0518412228267125,6,28106.973190938144,161.99999767787153,247.99998868739095,38159.630515358665,1.3576570574188171,232.9999916850725,84.00000233751295
Random matched local,Group_C3_dragon_100k_1.5x.ply,39,19,6762,6760,0.05187191626829137,2,28106.973190938144,308.0000040174214,283.0000090135573,28227.415951815517,1.0042851558600485,51.000001419204295,323.00000101973984
Random matched local,Group_C3_dragon_100k_1.5x.ply,40,17,6762,6756,0.0518412228267125,6,28106.973190938144,338.9999923580615,279.99999868479097,29332.216120948477,1.0435921335850336,286.9999863575702,74.99999867197056
Random matched local,Group_C3_dragon_100k_1.5x.ply,41,19,6762,6751,0.051802856024738914,11,28106.973190938144,200.99999534805082,95.00000150525098,41629.07403362684,1.481094166590955,283.0000090135573,323.00000101973984
Random matched local,Group_C3_dragon_100k_1.5x.ply,42,20,6762,6757,0.05184889618710722,5,28106.973190938144,127.99999900846505,250.00000468015406,35195.75654967757,1.2522072836012414,122.00000567168901,139.99999934239548
Random matched local,Group_C3_dragon_100k_1.5x.ply,43,18,6762,6738,0.051703102339607586,24,28106.973190938144,237.99999068584532,86.99999900590097,38797.7726203351,1.3803611067179489,159.0000010094835,149.0000030079379
Random matched local,Group_C3_dragon_100k_1.5x.ply,44,18,6762,6758,0.05185656954750194,4,28106.973190938144,130.99999567685308,257.9999866889366,28106.973190938144,1.0,278.0000100127845,163.0000056742531
Random matched local,Group_C3_dragon_100k_1.5x.ply,45,18,6762,6736,0.05168775561881815,26,28106.973190938144,350.00001201636707,279.99999868479097,30238.573216209727,1.0758388322638321,222.99999368352687,199.00000667604436
Random matched local,Group_C3_dragon_100k_1.5x.ply,46,21,6762,6754,0.05182587610592307,8,28106.973190938144,118.99999534292266,257.9999866889366,29137.290213718887,1.0366569895584816,137.00000267400745,176.99999468018999
Random matched local,Group_C3_dragon_100k_1.5x.ply,47,17,6762,6701,0.05141918800500303,61,28106.973190938144,122.00000567168901,257.9999866889366,28224.373651930124,1.004176915820656,16.999999334703237,283.0000090135573
Random matched local,Group_C3_dragon_100k_1.5x.ply,48,17,6762,6748,0.05177983594355476,14,28106.973190938144,36.99999875288908,294.00000135110616,37728.35298018022,1.3423129101764706,312.000008682191,22.000000043023345
Random matched local,Group_C3_dragon_100k_1.5x.ply,49,18,6762,6754,0.05182587610592307,8,28106.973190938144,342.0000026868279,279.99999868479097,29793.853602133506,1.060016437904428,84.99999667351618,200.0000010120476
Random matched local,Group_C3_dragon_100k_1.5x.ply,50,17,6762,6755,0.05183354946631778,7,28106.973190938144,173.00000367579872,90.99999684048139,39880.039278140735,1.4188663790734428,31.999999752116263,16.999999334703237
Random matched local,Group_C3_dragon_100k_1.5x.ply,51,18,6762,6751,0.051802856024738914,11,28106.973190938144,308.0000040174214,283.0000090135573,28227.415951815517,1.0042851558600485,154.0000020087107,180.99999934495955
Random matched local,Group_C3_dragon_100k_1.5x.ply,52,16,6762,6705,0.0514498814465819,57,28106.973190938144,130.99999567685308,257.9999866889366,28106.973190938144,1.0,244.00001134337802,219.00000267913563
Random matched local,Group_C3_dragon_100k_1.5x.ply,53,19,6762,6760,0.05187191626829137,2,28106.973190938144,195.00000201127477,257.9999866889366,32013.447816706885,1.1389859590796567,193.99999401489322,15.999999876058132
Random matched local,Group_C3_dragon_100k_1.5x.ply,54,17,6762,6760,0.05187191626829137,2,28106.973190938144,210.99999334959645,237.99999068584532,40560.69870625646,1.4430831249852785,135.00000034162267,114.000003172339
Random matched local,Group_C3_dragon_100k_1.5x.ply,55,17,6762,6730,0.05164171545644984,32,28106.973190938144,122.00000567168901,257.9999866889366,28224.373651930124,1.004176915820656,37.999999919081475,303.9999993526518
Random matched local,Group_C3_dragon_100k_1.5x.ply,56,17,6762,6760,0.05187191626829137,2,28106.973190938144,209.00000467759,252.99998768816374,33430.398988329674,1.189398757426781,173.99999801180195,120.00000333930423
Random matched local,Group_C3_dragon_100k_1.5x.ply,57,16,6762,6741,0.051726122420791734,21,28106.973190938144,127.99999900846505,250.00000468015406,35195.75654967757,1.2522072836012414,44.00000008604669,75.99999983816295
Random matched local,Group_C3_dragon_100k_1.5x.ply,58,18,6762,6753,0.05181820274552835,9,28106.973190938144,36.99999875288908,294.00000135110616,37728.35298018022,1.3423129101764706,74.99999867197056,237.99999068584532
Random matched local,Group_C3_dragon_100k_1.5x.ply,59,17,6762,6750,0.05179518266434419,12,28106.973190938144,33.99999866940647,290.9999910223398,36106.7480292202,1.2846188660706175,115.99999867453464,144.00000400716507
Random matched local,Group_C3_dragon_100k_1.5x.ply,60,16,6762,6723,0.05158800193368682,39,28106.973190938144,328.99999435651586,285.999992021567,30851.007493074274,1.0976282392093655,123.00000000769225,214.00000367836282
Random matched local,Group_C3_dragon_100k_1.5x.ply,61,17,6762,6737,0.051695428979212865,25,28106.973190938144,159.0000010094835,257.9999866889366,29205.77742836692,1.0390936523105603,33.99999866940647,1.9999999845072665
Random matched local,Group_C3_dragon_100k_1.5x.ply,62,17,6762,6762,0.05188726298908081,0,28106.973190938144,130.99999567685308,257.9999866889366,28106.973190938144,1.0,207.0000023452052,151.00000534032267
Random matched local,Group_C3_dragon_100k_1.5x.ply,63,18,6762,6759,0.05186424290789666,3,28106.973190938144,130.99999567685308,257.9999866889366,28106.973190938144,1.0,190.00000301050196,159.99999534548672
Random matched local,Group_C3_dragon_100k_1.5x.ply,64,17,6762,6726,0.05161102201487097,36,28106.973190938144,289.9999966863366,288.00000801433015,38003.220045862116,1.35209222948683,65.00000067042492,207.99999668120842
Random matched local,Group_C3_dragon_100k_1.5x.ply,65,19,6762,6740,0.05171844906039702,22,28106.973190938144,120.00000333930423,249.00001034415084,37571.83216820078,1.3367441564399458,224.99999601591168,176.00000034418676
Random matched local,Group_C3_dragon_100k_1.5x.ply,66,20,6762,6754,0.05182587610592307,8,28106.973190938144,130.99999567685308,257.9999866889366,28106.973190938144,1.0,317.00000768296377,31.999999752116263
Random matched local,Group_C3_dragon_100k_1.5x.ply,67,17,6762,6751,0.051802856024738914,11,28106.973190938144,154.0000020087107,250.9999990161573,34911.35668163457,1.2420888028202979,41.00000000256408,350.00001201636707
Random matched local,Group_C3_dragon_100k_1.5x.ply,68,17,6762,6751,0.051802856024738914,11,28106.973190938144,47.000000169529294,85.99999783970858,39376.014520314115,1.4009340049824068,59.00000050345972,68.99999850500534
Random matched local,Group_C3_dragon_100k_1.5x.ply,69,17,6762,6737,0.051695428979212865,25,28106.973190938144,356.0000053531431,284.00000334956053,31023.165411200403,1.103753335531784,67.99999733881295,86.99999900590097
Random matched local,Group_C3_dragon_100k_1.5x.ply,70,17,6762,6757,0.05184889618710722,5,28106.973190938144,164.00000001025631,88.00000017209338,39866.12430288772,1.418371307079796,337.99999802205826,53.0000003364945
Random matched local,Group_C3_dragon_100k_1.5x.ply,71,16,6762,6732,0.051657062177239275,30,28106.973190938144,308.0000040174214,283.0000090135573,28227.415951815517,1.0042851558600485,44.00000008604669,75.99999983816295
Random matched local,Group_C3_dragon_100k_1.5x.ply,72,17,6762,6729,0.05163404209605513,33,28106.973190938144,130.99999567685308,257.9999866889366,28106.973190938144,1.0,15.999999876058132,175.00000600818353
Random matched local,Group_C3_dragon_100k_1.5x.ply,73,17,6762,6742,0.051733795781186455,20,28106.973190938144,356.0000053531431,284.00000334956053,31023.165411200403,1.103753335531784,75.99999983816295,147.00000067555308
Random matched local,Group_C3_dragon_100k_1.5x.ply,74,17,6762,6725,0.05160334865447626,37,28106.973190938144,130.99999567685308,257.9999866889366,28106.973190938144,1.0,90.99999684048139,139.00000500639226
Random matched local,Group_C3_dragon_100k_1.5x.ply,75,17,6762,6762,0.05188726298908081,0,28106.973190938144,336.0000093500518,293.00000701510294,38284.86923343879,1.3621128455689444,92.99999917286618,204.00000567681718
Random matched local,Group_C3_dragon_100k_1.5x.ply,76,19,6762,6750,0.05179518266434419,12,28106.973190938144,197.00000434365958,241.00000101461168,42527.80961596276,1.513069704342052,37.999999919081475,358.99998836115276
Random matched local,Group_C3_dragon_100k_1.5x.ply,77,17,6762,6734,0.05167240889802872,28,28106.973190938144,336.0000093500518,293.00000701510294,38284.86923343879,1.3621128455689444,28.000000209988553,192.00000534288677
Random matched local,Group_C3_dragon_100k_1.5x.ply,78,17,6762,6756,0.0518412228267125,6,28106.973190938144,328.99999435651586,285.999992021567,30851.007493074274,1.0976282392093655,219.99999701513886,219.00000267913563
Random matched local,Group_C3_dragon_100k_1.5x.ply,79,19,6762,6757,0.05184889618710722,5,28106.973190938144,339.9999866940647,82.00000000512816,43660.61313093201,1.5533729951757471,299.99999468788224,323.99999535574307
Random matched local,Group_C3_dragon_100k_1.5x.ply,80,18,6762,6752,0.051810529385133634,10,28106.973190938144,122.00000567168901,257.9999866889366,28224.373651930124,1.004176915820656,352.0000006883735,274.9999996840181
Random matched local,Group_C3_dragon_100k_1.5x.ply,81,17,6762,6732,0.051657062177239275,30,28106.973190938144,159.0000010094835,257.9999866889366,29205.77742836692,1.0390936523105603,6.000000166965211,294.00000135110616
Random matched local,Group_C3_dragon_100k_1.5x.ply,82,19,6762,6754,0.05182587610592307,8,28106.973190938144,244.00001134337802,85.99999783970858,38862.72887553065,1.3826721437248257,352.0000006883735,24.000000667860846
Random matched local,Group_C3_dragon_100k_1.5x.ply,83,17,6762,6758,0.05185656954750194,4,28106.973190938144,350.00001201636707,279.99999868479097,30238.573216209727,1.0758388322638321,108.0000030053738,137.99999701001067
Random matched local,Group_C3_dragon_100k_1.5x.ply,84,18,6762,6756,0.0518412228267125,6,28106.973190938144,63.99999950423253,95.00000150525098,38760.327110605795,1.379028856906668,139.99999934239548,156.0000043410955
Random matched local,Group_C3_dragon_100k_1.5x.ply,85,17,6762,6756,0.0518412228267125,6,28106.973190938144,106.000000672989,259.0000083456965,33468.84546201091,1.1907666198935098,176.99999468018999,178.99999701257477
Random matched local,Group_C3_dragon_100k_1.5x.ply,86,18,6762,6722,0.0515803285732921,40,28106.973190938144,12.999999792575526,283.0000090135573,32132.968429691537,1.1432383064303557,171.99999567941717,180.99999934495955
Random matched local,Group_C3_dragon_100k_1.5x.ply,87,17,6762,6748,0.05177983594355476,14,28106.973190938144,118.99999534292266,257.9999866889366,29137.290213718887,1.0366569895584816,232.9999916850725,195.999996347278
Random matched local,Group_C3_dragon_100k_1.5x.ply,88,17,6762,6754,0.05182587610592307,8,28106.973190938144,173.00000367579872,90.99999684048139,39880.039278140735,1.4188663790734428,144.00000400716507,173.00000367579872
Random matched local,Group_C3_dragon_100k_1.5x.ply,89,18,6762,6734,0.05167240889802872,28,28106.973190938144,63.99999950423253,95.00000150525098,38760.327110605795,1.379028856906668,56.000000419977106,104.99999950679661
Random matched local,Group_C3_dragon_100k_1.5x.ply,90,17,6762,6738,0.051703102339607586,24,28106.973190938144,0.9999999922536332,308.0000040174214,49593.62597504923,1.764459859770262,107.00000183918141,125.00000234007703
Random matched local,Group_C3_dragon_100k_1.5x.ply,91,17,6762,6733,0.051664735537633996,29,28106.973190938144,130.99999567685308,257.9999866889366,28106.973190938144,1.0,202.9999976804356,237.99999068584532
Random matched local,Group_C3_dragon_100k_1.5x.ply,92,16,6762,6700,0.05141151464460832,62,28106.973190938144,130.99999567685308,257.9999866889366,28106.973190938144,1.0,254.00000934492365,178.00000267657154
Random matched local,Group_C3_dragon_100k_1.5x.ply,93,18,6762,6755,0.05183354946631778,7,28106.973190938144,127.00000467246183,241.00000101461168,49332.362561186485,1.7551645360764614,304.999993688655,18.000000500895634
Random matched local,Group_C3_dragon_100k_1.5x.ply,94,20,6762,6753,0.05181820274552835,9,28106.973190938144,33.99999866940647,290.9999910223398,36106.7480292202,1.2846188660706175,178.99999701257477,135.9999946776259
Random matched local,Group_C3_dragon_100k_1.5x.ply,95,19,6762,6743,0.051741469141581176,19,28106.973190938144,207.99999668120842,247.99998868739095,36918.584965477305,1.3135026925410835,279.99999868479097,298.0000060158758
Random matched local,Group_C3_dragon_100k_1.5x.ply,96,19,6762,6760,0.05187191626829137,2,28106.973190938144,33.99999866940647,290.9999910223398,36106.7480292202,1.2846188660706175,268.0000120112389,51.000001419204295
Random matched local,Group_C3_dragon_100k_1.5x.ply,97,17,6762,6761,0.05187958962868609,1,28106.973190938144,12.999999792575526,283.0000090135573,32132.968429691537,1.1432383064303557,300.99998902388546,166.99999667864435
Random matched local,Group_C3_dragon_100k_1.5x.ply,98,19,6762,6762,0.05188726298908081,0,28106.973190938144,171.99999567941717,101.00000167221619,45724.324943605534,1.6267964761978473,323.00000101973984,34.99999983559887
Random matched local,Group_C3_dragon_100k_1.5x.ply,99,18,6762,6742,0.051733795781186455,20,28106.973190938144,350.00001201636707,279.99999868479097,30238.573216209727,1.0758388322638321,314.99999169020066,348.9999903596071
Random matched local,Group_C3_dragon_100k_1.5x.ply,100,19,6762,6748,0.05177983594355476,14,28106.973190938144,356.0000053531431,284.00000334956053,31023.165411200403,1.103753335531784,90.99999684048139,202.00000334443237
Random matched local,Group_C3_dragon_100k_1.5x.ply,101,18,6762,6695,0.05137314784263473,67,28106.973190938144,130.99999567685308,257.9999866889366,28106.973190938144,1.0,166.00000234264112,250.00000468015406
Random matched local,Group_C3_dragon_100k_1.5x.ply,102,19,6762,6762,0.05188726298908081,0,28106.973190938144,118.99999534292266,257.9999866889366,29137.290213718887,1.0366569895584816,18.000000500895634,45.999999003336896
Random matched local,Group_C3_dragon_100k_1.5x.ply,103,17,6762,6726,0.05161102201487097,36,28106.973190938144,79.99999767274336,95.00000150525098,38070.44620356284,1.3544840259013367,261.99999135370615,352.99999502437674
Random matched local,Group_C3_dragon_100k_1.5x.ply,104,18,6762,6738,0.051703102339607586,24,28106.973190938144,127.99999900846505,250.00000468015406,35195.75654967757,1.2522072836012414,137.00000267400745,176.99999468018999
Random matched local,Group_C3_dragon_100k_1.5x.ply,105,19,6762,6732,0.051657062177239275,30,28106.973190938144,45.00000125223908,292.0000126790997,38716.82064592346,1.3774809682604312,36.99999875288908,25.00000012650595
Random matched local,Group_C3_dragon_100k_1.5x.ply,106,18,6762,6752,0.051810529385133634,10,28106.973190938144,352.99999502437674,285.999992021567,32492.964720923053,1.1560463839414405,236.00000201383887,158.00000667348027
Random matched local,Group_C3_dragon_100k_1.5x.ply,107,17,6762,6742,0.051733795781186455,20,28106.973190938144,237.99999068584532,86.99999900590097,38797.7726203351,1.3803611067179489,152.99999401232913,159.99999534548672
Random matched local,Group_C3_dragon_100k_1.5x.ply,108,19,6762,6761,0.05187958962868609,1,28106.973190938144,130.99999567685308,257.9999866889366,28106.973190938144,1.0,149.0000030079379,125.99999667608026
Random matched local,Group_C3_dragon_100k_1.5x.ply,109,17,6762,6760,0.05187191626829137,2,28106.973190938144,289.0000023503334,283.0000090135573,31889.684929335413,1.1345826785652195,144.00000400716507,173.00000367579872
Random matched local,Group_C3_dragon_100k_1.5x.ply,110,20,6762,6745,0.05175681586237061,17,28106.973190938144,289.9999966863366,288.00000801433015,38003.220045862116,1.35209222948683,139.99999934239548,222.99999368352687
Random matched local,Group_C3_dragon_100k_1.5x.ply,111,16,6762,6760,0.05187191626829137,2,28106.973190938144,159.0000010094835,257.9999866889366,29205.77742836692,1.0390936523105603,166.00000234264112,110.99999967376182
Random matched local,Group_C3_dragon_100k_1.5x.ply,112,19,6762,6737,0.051695428979212865,25,28106.973190938144,122.00000567168901,257.9999866889366,28224.373651930124,1.004176915820656,312.000008682191,22.000000043023345
Random matched local,Group_C3_dragon_100k_1.5x.ply,113,19,6762,6758,0.05185656954750194,4,28106.973190938144,91.99999800667379,256.99999235293336,44178.93906270177,1.5718141815763116,299.000000351879,48.9999990868195
Random matched local,Group_C3_dragon_100k_1.5x.ply,114,18,6762,6752,0.051810529385133634,10,28106.973190938144,118.99999534292266,257.9999866889366,29137.290213718887,1.0366569895584816,125.99999667608026,240.00000667860846
Random matched local,Group_C3_dragon_100k_1.5x.ply,115,18,6762,6750,0.05179518266434419,12,28106.973190938144,195.00000201127477,257.9999866889366,32013.447816706885,1.1389859590796567,239.00001234260523,224.00000167990842
Random matched local,Group_C3_dragon_100k_1.5x.ply,116,17,6762,6727,0.05161869537526569,35,28106.973190938144,350.00001201636707,279.99999868479097,30238.573216209727,1.0758388322638321,358.99998836115276,280.9999930207942
Random matched local,Group_C3_dragon_100k_1.5x.ply,117,17,6762,6746,0.051764489222765324,16,28106.973190938144,352.99999502437674,285.999992021567,32492.964720923053,1.1560463839414405,289.9999966863366,18.000000500895634
Random matched local,Group_C3_dragon_100k_1.5x.ply,118,18,6762,6734,0.05167240889802872,28,28106.973190938144,234.0000133418324,95.00000150525098,40330.53216855388,1.434894177134544,66.00000183661733,357.99999402514953
Random matched local,Group_C3_dragon_100k_1.5x.ply,119,18,6762,6702,0.05142686136539775,60,28106.973190938144,214.99999801436604,252.99998768816374,35276.594240803366,1.2550833560469168,134.00000600561944,139.99999934239548
Random matched local,Group_C3_dragon_100k_1.5x.ply,120,18,6762,6757,0.05184889618710722,5,28106.973190938144,290.9999910223398,77.00000100435535,42311.376776577024,1.5053693789489386,54.999999253784715,11.000000021511672
Random matched local,Group_C3_dragon_100k_1.5x.ply,121,17,6762,6751,0.051802856024738914,11,28106.973190938144,195.00000201127477,257.9999866889366,32013.447816706885,1.1389859590796567,19.99999941818584,197.9999986796628
Random matched local,Group_C3_dragon_100k_1.5x.ply,122,20,6762,6709,0.051480574888160775,53,28106.973190938144,237.99999068584532,86.99999900590097,38797.7726203351,1.3803611067179489,327.0000056845094,36.99999875288908
Random matched local,Group_C3_dragon_100k_1.5x.ply,123,17,6762,6750,0.05179518266434419,12,28106.973190938144,280.9999930207942,84.99999667351618,38980.960845947266,1.3868786432868183,94.00000033905859,151.9999996763259
Random matched local,Group_C3_dragon_100k_1.5x.ply,124,18,6762,6750,0.05179518266434419,12,28106.973190938144,120.00000333930423,249.00001034415084,37571.83216820078,1.3367441564399458,288.00000801433015,30.000000834826057
Random matched local,Group_C3_dragon_100k_1.5x.ply,125,18,6762,6760,0.05187191626829137,2,28106.973190938144,308.0000040174214,283.0000090135573,28227.415951815517,1.0042851558600485,168.99999901102913,237.99999068584532
Random matched local,Group_C3_dragon_100k_1.5x.ply,126,17,6762,6751,0.051802856024738914,11,28106.973190938144,63.99999950423253,95.00000150525098,38760.327110605795,1.379028856906668,263.0000130104661,313.0000030181942
Random matched local,Group_C3_dragon_100k_1.5x.ply,127,17,6762,6751,0.051802856024738914,11,28106.973190938144,209.00000467759,252.99998768816374,33430.398988329674,1.189398757426781,89.00000133828577,159.99999534548672
Random matched local,Group_C3_dragon_100k_1.5x.ply,128,17,6762,6731,0.05164938881684456,31,28106.973190938144,209.00000467759,252.99998768816374,33430.398988329674,1.189398757426781,102.00000283840859,9.000000250447817
Random matched local,Group_C3_dragon_100k_1.5x.ply,129,18,6762,6747,0.051772162583160045,15,28106.973190938144,289.9999966863366,288.00000801433015,38003.220045862116,1.35209222948683,219.99999701513886,219.00000267913563
Random matched local,Group_C3_dragon_100k_1.5x.ply,130,17,6762,6755,0.05183354946631778,7,28106.973190938144,12.999999792575526,283.0000090135573,32132.968429691537,1.1432383064303557,22.000000043023345,292.0000126790997
Random matched local,Group_C3_dragon_100k_1.5x.ply,131,18,6762,6751,0.051802856024738914,11,28106.973190938144,79.99999767274336,95.00000150525098,38070.44620356284,1.3544840259013367,276.9999883560246,15.999999876058132
Random matched local,Group_C3_dragon_100k_1.5x.ply,132,18,6762,6749,0.05178750930394948,13,28106.973190938144,73.99999750577815,100.0000005060238,41277.34554700615,1.468580244005577,171.99999567941717,180.99999934495955
Random matched local,Group_C3_dragon_100k_1.5x.ply,133,17,6762,6751,0.051802856024738914,11,28106.973190938144,338.9999923580615,279.99999868479097,29332.216120948477,1.0435921335850336,50.0000002530119,56.000000419977106
Random matched local,Group_C3_dragon_100k_1.5x.ply,134,18,6762,6757,0.05184889618710722,5,28106.973190938144,127.99999900846505,250.00000468015406,35195.75654967757,1.2522072836012414,73.00000316977493,226.00000401229323
Random matched local,Group_C3_dragon_100k_1.5x.ply,135,19,6762,6737,0.051695428979212865,25,28106.973190938144,7.999999938029066,284.00000334956053,31528.888655102943,1.1217461389712373,16.999999334703237,283.0000090135573
Random matched local,Group_C3_dragon_100k_1.5x.ply,136,17,6762,6750,0.05179518266434419,12,28106.973190938144,195.00000201127477,257.9999866889366,32013.447816706885,1.1389859590796567,98.9999993398314,16.999999334703237
Random matched local,Group_C3_dragon_100k_1.5x.ply,137,19,6762,6753,0.05181820274552835,9,28106.973190938144,130.99999567685308,257.9999866889366,28106.973190938144,1.0,1.9999999845072665,322.0000066837366
Random matched local,Group_C3_dragon_100k_1.5x.ply,138,17,6762,6755,0.05183354946631778,7,28106.973190938144,197.9999986796628,244.00001134337802,41284.371998684466,1.4688302336302363,98.9999993398314,16.999999334703237
Random matched local,Group_C3_dragon_100k_1.5x.ply,139,17,6762,6755,0.05183354946631778,7,28106.973190938144,164.00000001025631,88.00000017209338,39866.12430288772,1.418371307079796,286.9999863575702,168.0000046750259
Random matched local,Group_C3_dragon_100k_1.5x.ply,140,18,6762,6753,0.05181820274552835,9,28106.973190938144,328.99999435651586,285.999992021567,30851.007493074274,1.0976282392093655,202.9999976804356,209.00000467759
Random matched local,Group_C3_dragon_100k_1.5x.ply,141,18,6762,6756,0.0518412228267125,6,28106.973190938144,130.99999567685308,96.00000267144338,41391.3490358463,1.472636301129398,67.99999733881295,312.000008682191
Random matched local,Group_C3_dragon_100k_1.5x.ply,142,17,6762,6741,0.051726122420791734,21,28106.973190938144,60.000001669652114,92.99999917286618,38083.56907742083,1.3549509162266962,239.00001234260523,224.00000167990842
Random matched local,Group_C3_dragon_100k_1.5x.ply,143,20,6762,6757,0.05184889618710722,5,28106.973190938144,308.0000040174214,283.0000090135573,28227.415951815517,1.0042851558600485,209.99999901359323,159.99999534548672
Random matched local,Group_C3_dragon_100k_1.5x.ply,144,18,6762,6746,0.051764489222765324,16,28106.973190938144,209.00000467759,252.99998768816374,33430.398988329674,1.189398757426781,316.00001334696054,44.00000008604669
Random matched local,Group_C3_dragon_100k_1.5x.ply,145,21,6762,6755,0.05183354946631778,7,28106.973190938144,120.00000333930423,249.00001034415084,37571.83216820078,1.3367441564399458,343.99999135883434,164.99999434625954
Random matched local,Group_C3_dragon_100k_1.5x.ply,146,21,6762,6729,0.05163404209605513,33,28106.973190938144,195.00000201127477,257.9999866889366,32013.447816706885,1.1389859590796567,222.99999368352687,199.00000667604436
Random matched local,Group_C3_dragon_100k_1.5x.ply,147,18,6762,6749,0.05178750930394948,13,28106.973190938144,205.99999434882363,219.00000267913563,62576.40822859835,2.226365955647382,292.0000126790997,6.000000166965211
Random matched local,Group_C3_dragon_100k_1.5x.ply,148,18,6762,6749,0.05178750930394948,13,28106.973190938144,144.9999983431683,251.99999335216052,32609.963220013076,1.1602089986169952,239.00001234260523,200.99999534805082
Random matched local,Group_C3_dragon_100k_1.5x.ply,149,17,6762,6761,0.05187958962868609,1,28106.973190938144,106.000000672989,259.0000083456965,33468.84546201091,1.1907666198935098,19.99999941818584,27.00000075134345
Random matched local,Group_C3_dragon_100k_1.5x.ply,150,17,6762,6727,0.05161869537526569,35,28106.973190938144,120.99999767530745,245.00000567938125,46220.014903171,1.6444323118389927,15.999999876058132,324.9999896917463
Random matched local,Group_C3_dragon_100k_1.5x.ply,151,19,6762,6758,0.05185656954750194,4,28106.973190938144,130.99999567685308,257.9999866889366,28106.973190938144,1.0,147.9999950115563,232.9999916850725
Random matched local,Group_C3_dragon_100k_1.5x.ply,152,19,6762,6762,0.05188726298908081,0,28106.973190938144,156.99999867709872,242.99998968661814,42175.18262626711,1.5005238144911541,154.99999634471394,195.00000201127477
Random matched local,Group_C3_dragon_100k_1.5x.ply,153,16,6762,6742,0.051733795781186455,20,28106.973190938144,308.0000040174214,283.0000090135573,28227.415951815517,1.0042851558600485,224.00000167990842,161.0000033418683
Random matched local,Group_C3_dragon_100k_1.5x.ply,154,16,6762,6741,0.051726122420791734,21,28106.973190938144,33.99999866940647,290.9999910223398,36106.7480292202,1.2846188660706175,284.00000334956053,11.000000021511672
Random matched local,Group_C3_dragon_100k_1.5x.ply,155,20,6762,6693,0.05135780112184529,69,28106.973190938144,308.0000040174214,283.0000090135573,28227.415951815517,1.0042851558600485,224.99999601591168,176.00000034418676
Random matched local,Group_C3_dragon_100k_1.5x.ply,156,18,6762,6740,0.05171844906039702,22,28106.973190938144,342.0000026868279,279.99999868479097,29793.853602133506,1.060016437904428,219.99999701513886,161.0000033418683
Random matched local,Group_C3_dragon_100k_1.5x.ply,157,18,6762,6731,0.05164938881684456,31,28106.973190938144,289.0000023503334,283.0000090135573,31889.684929335413,1.1345826785652195,135.9999946776259,202.9999976804356
Random matched local,Group_C3_dragon_100k_1.5x.ply,158,18,6762,6753,0.05181820274552835,9,28106.973190938144,289.9999966863366,288.00000801433015,38003.220045862116,1.35209222948683,279.99999868479097,298.0000060158758
Random matched local,Group_C3_dragon_100k_1.5x.ply,159,17,6762,6731,0.05164938881684456,31,28106.973190938144,289.0000023503334,283.0000090135573,31889.684929335413,1.1345826785652195,176.00000034418676,18.000000500895634
Random matched local,Group_C3_dragon_100k_1.5x.ply,160,18,6762,6752,0.051810529385133634,10,28106.973190938144,200.99999534805082,95.00000150525098,41629.07403362684,1.481094166590955,202.9999976804356,104.99999950679661
Random matched local,Group_C3_dragon_100k_1.5x.ply,161,18,6762,6744,0.05174914250197589,18,28106.973190938144,212.99999568198123,241.00000101461168,40526.295496412546,1.44185911521339,90.00000250447816,149.0000030079379
Random matched local,Group_C3_dragon_100k_1.5x.ply,162,19,6762,6753,0.05181820274552835,9,28106.973190938144,322.0000066837366,298.0000060158758,44437.94045566527,1.5810290262770923,0.9999999922536332,166.00000234264112
Random matched local,Group_C3_dragon_100k_1.5x.ply,163,17,6762,6752,0.051810529385133634,10,28106.973190938144,290.9999910223398,77.00000100435535,42311.376776577024,1.5053693789489386,356.9999996891463,31.999999752116263
Random matched local,Group_C3_dragon_100k_1.5x.ply,164,19,6762,6732,0.051657062177239275,30,28106.973190938144,322.0000066837366,298.0000060158758,44437.94045566527,1.5810290262770923,102.00000283840859,9.000000250447817
Random matched local,Group_C3_dragon_100k_1.5x.ply,165,21,6762,6762,0.05188726298908081,0,28106.973190938144,36.99999875288908,294.00000135110616,37728.35298018022,1.3423129101764706,161.0000033418683,156.99999867709872
Random matched local,Group_C3_dragon_100k_1.5x.ply,166,19,6762,6759,0.05186424290789666,3,28106.973190938144,60.000001669652114,92.99999917286618,38083.56907742083,1.3549509162266962,67.00000300280972,152.99999401232913
Random matched local,Group_C3_dragon_100k_1.5x.ply,167,18,6762,6762,0.05188726298908081,0,28106.973190938144,173.00000367579872,90.99999684048139,39880.039278140735,1.4188663790734428,347.9999960236039,54.999999253784715
Random matched local,Group_C3_dragon_100k_1.5x.ply,168,16,6762,6745,0.05175681586237061,17,28106.973190938144,118.99999534292266,257.9999866889366,29137.290213718887,1.0366569895584816,232.9999916850725,84.00000233751295
Random matched local,Group_C3_dragon_100k_1.5x.ply,169,16,6762,6723,0.05158800193368682,39,28106.973190938144,328.99999435651586,285.999992021567,30851.007493074274,1.0976282392093655,264.0000073464693,308.0000040174214
Random matched local,Group_C3_dragon_100k_1.5x.ply,170,17,6762,6758,0.05185656954750194,4,28106.973190938144,36.99999875288908,294.00000135110616,37728.35298018022,1.3423129101764706,202.00000334443237,12.000000333930423
Random matched local,Group_C3_dragon_100k_1.5x.ply,171,19,6762,6756,0.0518412228267125,6,28106.973190938144,130.99999567685308,257.9999866889366,28106.973190938144,1.0,168.99999901102913,237.99999068584532
Random matched local,Group_C3_dragon_100k_1.5x.ply,172,17,6762,6753,0.05181820274552835,9,28106.973190938144,290.9999910223398,77.00000100435535,42311.376776577024,1.5053693789489386,12.999999792575526,183.00000167734436
Random matched local,Group_C3_dragon_100k_1.5x.ply,173,17,6762,6756,0.0518412228267125,6,28106.973190938144,210.99999334959645,229.00000068068124,47956.86075510072,1.7062264381624095,205.99999434882363,142.00000167478026
Random matched local,Group_C3_dragon_100k_1.5x.ply,174,19,6762,6758,0.05185656954750194,4,28106.973190938144,237.99999068584532,86.99999900590097,38797.7726203351,1.3803611067179489,9.000000250447817,74.99999867197056
Random matched local,Group_C3_dragon_100k_1.5x.ply,175,18,6762,6755,0.05183354946631778,7,28106.973190938144,342.0000026868279,279.99999868479097,29793.853602133506,1.060016437904428,205.0000000128204,251.99999335216052
Random matched local,Group_C3_dragon_100k_1.5x.ply,176,20,6762,6743,0.051741469141581176,19,28106.973190938144,231.99999734906928,232.9999916850725,49819.26453015036,1.7724877094276514,239.00001234260523,224.00000167990842
Random matched local,Group_C3_dragon_100k_1.5x.ply,177,17,6762,6757,0.05184889618710722,5,28106.973190938144,197.9999986796628,244.00001134337802,41284.371998684466,1.4688302336302363,284.00000334956053,27.00000075134345
Random matched local,Group_C3_dragon_100k_1.5x.ply,178,19,6762,6759,0.05186424290789666,3,28106.973190938144,199.00000667604436,232.9999916850725,44636.11555493568,1.5880797712265449,122.00000567168901,139.99999934239548
Random matched local,Group_C3_dragon_100k_1.5x.ply,179,19,6762,6753,0.05181820274552835,9,28106.973190938144,328.99999435651586,285.999992021567,30851.007493074274,1.0976282392093655,338.9999923580615,39.99999883637168
Random matched local,Group_C3_dragon_100k_1.5x.ply,180,20,6762,6752,0.051810529385133634,10,28106.973190938144,130.99999567685308,257.9999866889366,28106.973190938144,1.0,132.99999800923788,247.99998868739095
Random matched local,Group_C3_dragon_100k_1.5x.ply,181,19,6762,6756,0.0518412228267125,6,28106.973190938144,130.99999567685308,257.9999866889366,28106.973190938144,1.0,356.9999996891463,149.99999734394112
Random matched local,Group_C3_dragon_100k_1.5x.ply,182,17,6762,6742,0.051733795781186455,20,28106.973190938144,265.99999601847577,83.00000117132056,39091.83927803985,1.3908235160178433,18.000000500895634,45.999999003336896
Random matched local,Group_C3_dragon_100k_1.5x.ply,183,17,6762,6738,0.051703102339607586,24,28106.973190938144,122.00000567168901,257.9999866889366,28224.373651930124,1.004176915820656,255.00000368092688,36.99999875288908
Random matched local,Group_C3_dragon_100k_1.5x.ply,184,18,6762,6752,0.051810529385133634,10,28106.973190938144,192.00000534288677,249.00001034415084,36653.435919895644,1.304069124444639,207.0000023452052,151.00000534032267
Random matched local,Group_C3_dragon_100k_1.5x.ply,185,17,6762,6730,0.05164171545644984,32,28106.973190938144,130.99999567685308,257.9999866889366,28106.973190938144,1.0,236.9999963498421,202.9999976804356
Random matched local,Group_C3_dragon_100k_1.5x.ply,186,17,6762,6739,0.0517107757000023,23,28106.973190938144,336.0000093500518,293.00000701510294,38284.86923343879,1.3621128455689444,173.99999801180195,18.999999959540737
Random matched local,Group_C3_dragon_100k_1.5x.ply,187,18,6762,6742,0.051733795781186455,20,28106.973190938144,214.00000367836282,103.99999834060421,50429.66732308884,1.7942048395075023,205.0000000128204,205.99999434882363
Random matched local,Group_C3_dragon_100k_1.5x.ply,188,21,6762,6729,0.05163404209605513,33,28106.973190938144,339.9999866940647,82.00000000512816,43660.61313093201,1.5533729951757471,339.9999866940647,72.00000200358254
Random matched local,Group_C3_dragon_100k_1.5x.ply,189,17,6762,6743,0.051741469141581176,19,28106.973190938144,338.9999923580615,279.99999868479097,29332.216120948477,1.0435921335850336,321.0000123477334,355.00001101713985
Random matched local,Group_C3_dragon_100k_1.5x.ply,190,20,6762,6758,0.05185656954750194,4,28106.973190938144,106.000000672989,259.0000083456965,33468.84546201091,1.1907666198935098,159.0000010094835,168.0000046750259
Random matched local,Group_C3_dragon_100k_1.5x.ply,191,18,6762,6740,0.05171844906039702,22,28106.973190938144,118.99999534292266,257.9999866889366,29137.290213718887,1.0366569895584816,257.9999866889366,321.0000123477334
Random matched local,Group_C3_dragon_100k_1.5x.ply,192,18,6762,6735,0.05168008225842343,27,28106.973190938144,144.9999983431683,251.99999335216052,32609.963220013076,1.1602089986169952,98.9999993398314,16.999999334703237
Random matched local,Group_C3_dragon_100k_1.5x.ply,193,16,6762,6710,0.05148824824855549,52,28106.973190938144,122.00000567168901,257.9999866889366,28224.373651930124,1.004176915820656,193.99999401489322,24.000000667860846
Random matched local,Group_C3_dragon_100k_1.5x.ply,194,17,6762,6757,0.05184889618710722,5,28106.973190938144,210.99999334959645,229.00000068068124,47956.86075510072,1.7062264381624095,161.0000033418683,156.99999867709872
Random matched local,Group_C3_dragon_100k_1.5x.ply,195,16,6762,6726,0.05161102201487097,36,28106.973190938144,289.0000023503334,283.0000090135573,31889.684929335413,1.1345826785652195,304.999993688655,351.0000063523703
Random matched local,Group_C3_dragon_100k_1.5x.ply,196,17,6762,6717,0.05154196177131851,45,28106.973190938144,118.99999534292266,257.9999866889366,29137.290213718887,1.0366569895584816,202.9999976804356,104.99999950679661
Random matched local,Group_C3_dragon_100k_1.5x.ply,197,17,6762,6738,0.051703102339607586,24,28106.973190938144,127.99999900846505,250.00000468015406,35195.75654967757,1.2522072836012414,30.000000834826057,48.00000133572169
Random matched local,Group_C3_dragon_100k_1.5x.ply,198,17,6762,6710,0.05148824824855549,52,28106.973190938144,350.00001201636707,279.99999868479097,30238.573216209727,1.0758388322638321,176.99999468018999,178.99999701257477
Random matched local,Group_C3_dragon_100k_1.5x.ply,199,19,6762,6761,0.05187958962868609,1,28106.973190938144,130.99999567685308,257.9999866889366,28106.973190938144,1.0,266.999990354479,360.00001001791264
Random matched local,Group_C3_dragon_100k_1.5x.ply,200,18,6762,6758,0.05185656954750194,4,28106.973190938144,200.99999534805082,95.00000150525098,41629.07403362684,1.481094166590955,84.99999667351618,147.00000067555308
Random matched local,Group_C3_dragon_100k_1.5x.ply,201,17,6762,6735,0.05168008225842343,27,28106.973190938144,42.99999891985429,309.99999268942787,50888.227037161836,1.81051964192176,205.0000000128204,205.99999434882363
Random matched local,Group_C3_dragon_100k_1.5x.ply,202,20,6762,6723,0.05158800193368682,39,28106.973190938144,79.99999767274336,95.00000150525098,38070.44620356284,1.3544840259013367,264.0000073464693,6.000000166965211
Random matched local,Group_C3_dragon_100k_1.5x.ply,203,16,6762,6760,0.05187191626829137,2,28106.973190938144,118.99999534292266,257.9999866889366,29137.290213718887,1.0366569895584816,130.99999567685308,231.00000301306605
Random matched local,Group_C3_dragon_100k_1.5x.ply,204,18,6762,6742,0.051733795781186455,20,28106.973190938144,120.00000333930423,249.00001034415084,37571.83216820078,1.3367441564399458,74.99999867197056,237.99999068584532
Random matched local,Group_C3_dragon_100k_1.5x.ply,205,19,6762,6750,0.05179518266434419,12,28106.973190938144,195.00000201127477,257.9999866889366,32013.447816706885,1.1389859590796567,90.99999684048139,202.00000334443237
Random matched local,Group_C3_dragon_100k_1.5x.ply,206,18,6762,6756,0.0518412228267125,6,28106.973190938144,159.0000010094835,257.9999866889366,29205.77742836692,1.0390936523105603,286.9999863575702,168.0000046750259
Random matched local,Group_C3_dragon_100k_1.5x.ply,207,19,6762,6753,0.05181820274552835,9,28106.973190938144,265.99999601847577,83.00000117132056,39091.83927803985,1.3908235160178433,256.99999235293336,0.9999999922536332
Random matched local,Group_C3_dragon_100k_1.5x.ply,208,17,6762,6756,0.0518412228267125,6,28106.973190938144,214.99999801436604,252.99998768816374,35276.594240803366,1.2550833560469168,88.00000017209338,214.00000367836282
Random matched local,Group_C3_dragon_100k_1.5x.ply,209,17,6762,6745,0.05175681586237061,17,28106.973190938144,47.000000169529294,85.99999783970858,39376.014520314115,1.4009340049824068,90.00000250447816,234.0000133418324
Random matched local,Group_C3_dragon_100k_1.5x.ply,210,16,6762,6734,0.05167240889802872,28,28106.973190938144,60.000001669652114,92.99999917286618,38083.56907742083,1.3549509162266962,176.99999468018999,236.9999963498421
Random matched local,Group_C3_dragon_100k_1.5x.ply,211,19,6762,6761,0.05187958962868609,1,28106.973190938144,328.99999435651586,285.999992021567,30851.007493074274,1.0976282392093655,260.0000026816997,25.00000012650595
Random matched local,Group_C3_dragon_100k_1.5x.ply,212,20,6762,6753,0.05181820274552835,9,28106.973190938144,45.00000125223908,292.0000126790997,38716.82064592346,1.3774809682604312,98.9999993398314,16.999999334703237
Random matched local,Group_C3_dragon_100k_1.5x.ply,213,17,6762,6751,0.051802856024738914,11,28106.973190938144,336.0000093500518,293.00000701510294,38284.86923343879,1.3621128455689444,228.000006344678,154.0000020087107
Random matched local,Group_C3_dragon_100k_1.5x.ply,214,18,6762,6756,0.0518412228267125,6,28106.973190938144,130.99999567685308,257.9999866889366,28106.973190938144,1.0,334.9999876932919,61.99999717184774
Random matched local,Group_C3_dragon_100k_1.5x.ply,215,17,6762,6728,0.051626368735660406,34,28106.973190938144,118.99999534292266,257.9999866889366,29137.290213718887,1.0366569895584816,205.99999434882363,142.00000167478026
Random matched local,Group_C3_dragon_100k_1.5x.ply,216,16,6762,6731,0.05164938881684456,31,28106.973190938144,12.999999792575526,283.0000090135573,32132.968429691537,1.1432383064303557,144.00000400716507,173.00000367579872
Random matched local,Group_C3_dragon_100k_1.5x.ply,217,17,6762,6762,0.05188726298908081,0,28106.973190938144,350.00001201636707,279.99999868479097,30238.573216209727,1.0758388322638321,239.00001234260523,200.99999534805082
Random matched local,Group_C3_dragon_100k_1.5x.ply,218,18,6762,6759,0.05186424290789666,3,28106.973190938144,159.0000010094835,257.9999866889366,29205.77742836692,1.0390936523105603,117.0000066709162,231.00000301306605
Random matched local,Group_C3_dragon_100k_1.5x.ply,219,16,6762,6738,0.051703102339607586,24,28106.973190938144,28.99999966863366,77.00000100435535,47731.9078997147,1.698222984576075,73.99999750577815,239.00001234260523
Random matched local,Group_C3_dragon_100k_1.5x.ply,220,18,6762,6740,0.05171844906039702,22,28106.973190938144,350.00001201636707,279.99999868479097,30238.573216209727,1.0758388322638321,90.00000250447816,234.0000133418324
Random matched local,Group_C3_dragon_100k_1.5x.ply,221,16,6762,6701,0.05141918800500303,61,28106.973190938144,118.99999534292266,257.9999866889366,29137.290213718887,1.0366569895584816,88.00000017209338,244.00001134337802
Random matched local,Group_C3_dragon_100k_1.5x.ply,222,18,6762,6729,0.05163404209605513,33,28106.973190938144,130.99999567685308,257.9999866889366,28106.973190938144,1.0,279.99999868479097,15.000000417413029
Random matched local,Group_C3_dragon_100k_1.5x.ply,223,17,6762,6759,0.05186424290789666,3,28106.973190938144,192.00000534288677,249.00001034415084,36653.435919895644,1.304069124444639,62.99999833804013,51.999999170302104
Random matched local,Group_C3_dragon_100k_1.5x.ply,224,17,6762,6703,0.051434534725792465,59,28106.973190938144,192.99999967889,102.99999717441182,46784.692559360476,1.664522616559941,299.99999468788224,318.000002018967
Random matched local,Group_C3_dragon_100k_1.5x.ply,225,20,6762,6746,0.051764489222765324,16,28106.973190938144,338.9999923580615,279.99999868479097,29332.216120948477,1.0435921335850336,348.9999903596071,288.00000801433015
Random matched local,Group_C3_dragon_100k_1.5x.ply,226,20,6762,6740,0.05171844906039702,22,28106.973190938144,45.00000125223908,292.0000126790997,38716.82064592346,1.3774809682604312,73.00000316977493,11.000000021511672
Random matched local,Group_C3_dragon_100k_1.5x.ply,227,18,6762,6724,0.05159567529408154,38,28106.973190938144,122.00000567168901,257.9999866889366,28224.373651930124,1.004176915820656,151.00000534032267,154.0000020087107
Random matched local,Group_C3_dragon_100k_1.5x.ply,228,17,6762,6710,0.05148824824855549,52,28106.973190938144,130.99999567685308,257.9999866889366,28106.973190938144,1.0,274.9999996840181,61.000002835844505
Random matched local,Group_C3_dragon_100k_1.5x.ply,229,20,6762,6756,0.0518412228267125,6,28106.973190938144,60.000001669652114,92.99999917286618,38083.56907742083,1.3549509162266962,193.99999401489322,15.999999876058132
Random matched local,Group_C3_dragon_100k_1.5x.ply,230,18,6762,6746,0.051764489222765324,16,28106.973190938144,197.00000434365958,241.00000101461168,42527.80961596276,1.513069704342052,270.00000068324533,347.9999960236039
Random matched local,Group_C3_dragon_100k_1.5x.ply,231,18,6762,6718,0.051549635131713234,44,28106.973190938144,339.9999866940647,82.00000000512816,43660.61313093201,1.5533729951757471,263.0000130104661,313.0000030181942
Random matched local,Group_C3_dragon_100k_1.5x.ply,232,16,6762,6748,0.05177983594355476,14,28106.973190938144,154.0000020087107,250.9999990161573,34911.35668163457,1.2420888028202979,304.999993688655,351.0000063523703
Random matched local,Group_C3_dragon_100k_1.5x.ply,233,18,6762,6752,0.051810529385133634,10,28106.973190938144,45.00000125223908,292.0000126790997,38716.82064592346,1.3774809682604312,207.0000023452052,151.00000534032267
Random matched local,Group_C3_dragon_100k_1.5x.ply,234,17,6762,6748,0.05177983594355476,14,28106.973190938144,338.9999923580615,279.99999868479097,29332.216120948477,1.0435921335850336,19.99999941818584,163.0000056742531
Random matched local,Group_C3_dragon_100k_1.5x.ply,235,17,6762,6761,0.05187958962868609,1,28106.973190938144,289.0000023503334,283.0000090135573,31889.684929335413,1.1345826785652195,357.99999402514953,152.99999401232913
Random matched local,Group_C3_dragon_100k_1.5x.ply,236,17,6762,6746,0.051764489222765324,16,28106.973190938144,118.99999534292266,257.9999866889366,29137.290213718887,1.0366569895584816,108.99999734137702,247.99998868739095
Random matched local,Group_C3_dragon_100k_1.5x.ply,237,19,6762,6745,0.05175681586237061,17,28106.973190938144,338.9999923580615,279.99999868479097,29332.216120948477,1.0435921335850336,348.9999903596071,288.00000801433015
Random matched local,Group_C3_dragon_100k_1.5x.ply,238,18,6762,6762,0.05188726298908081,0,28106.973190938144,130.99999567685308,96.00000267144338,41391.3490358463,1.472636301129398,135.00000034162267,114.000003172339
Random matched local,Group_C3_dragon_100k_1.5x.ply,239,17,6762,6752,0.051810529385133634,10,28106.973190938144,308.0000040174214,283.0000090135573,28227.415951815517,1.0042851558600485,245.00000567938125,96.00000267144338
Random matched local,Group_C3_dragon_100k_1.5x.ply,240,19,6762,6745,0.05175681586237061,17,28106.973190938144,130.99999567685308,257.9999866889366,28106.973190938144,1.0,117.0000066709162,132.00000367323466
Random matched local,Group_C3_dragon_100k_1.5x.ply,241,20,6762,6734,0.05167240889802872,28,28106.973190938144,285.999992021567,85.99999783970858,38786.683200804655,1.3799665633619245,321.0000123477334,355.00001101713985
Random matched local,Group_C3_dragon_100k_1.5x.ply,242,18,6762,6737,0.051695428979212865,25,28106.973190938144,356.0000053531431,7.000000052497138,57445.67587355937,2.0438229148089198,236.9999963498421,147.00000067555308
Random matched local,Group_C3_dragon_100k_1.5x.ply,243,19,6762,6736,0.05168775561881815,26,28106.973190938144,106.000000672989,259.0000083456965,33468.84546201091,1.1907666198935098,45.999999003336896,336.0000093500518
Random matched local,Group_C3_dragon_100k_1.5x.ply,244,18,6762,6755,0.05183354946631778,7,28106.973190938144,339.9999866940647,82.00000000512816,43660.61313093201,1.5533729951757471,66.00000183661733,357.99999402514953
Random matched local,Group_C3_dragon_100k_1.5x.ply,245,19,6762,6737,0.051695428979212865,25,28106.973190938144,356.0000053531431,284.00000334956053,31023.165411200403,1.103753335531784,161.99999767787153,159.0000010094835
Random matched local,Group_C3_dragon_100k_1.5x.ply,246,17,6762,6760,0.05187191626829137,2,28106.973190938144,130.99999567685308,257.9999866889366,28106.973190938144,1.0,47.000000169529294,36.99999875288908
Random matched local,Group_C3_dragon_100k_1.5x.ply,247,19,6762,6754,0.05182587610592307,8,28106.973190938144,144.9999983431683,251.99999335216052,32609.963220013076,1.1602089986169952,339.9999866940647,72.00000200358254
Random matched local,Group_C3_dragon_100k_1.5x.ply,248,19,6762,6761,0.05187958962868609,1,28106.973190938144,130.99999567685308,257.9999866889366,28106.973190938144,1.0,94.00000033905859,221.99999934752364
Random matched local,Group_C3_dragon_100k_1.5x.ply,249,16,6762,6754,0.05182587610592307,8,28106.973190938144,338.9999923580615,279.99999868479097,29332.216120948477,1.0435921335850336,61.000002835844505,328.99999435651586
Random matched local,Group_C3_dragon_100k_1.5x.ply,250,17,6762,6760,0.05187191626829137,2,28106.973190938144,308.0000040174214,283.0000090135573,28227.415951815517,1.0042851558600485,252.99998768816374,289.0000023503334
Random matched local,Group_C3_dragon_100k_1.5x.ply,251,16,6762,6748,0.05177983594355476,14,28106.973190938144,195.00000201127477,257.9999866889366,32013.447816706885,1.1389859590796567,205.0000000128204,251.99999335216052
Random matched local,Group_C3_dragon_100k_1.5x.ply,252,17,6762,6742,0.051733795781186455,20,28106.973190938144,33.99999866940647,290.9999910223398,36106.7480292202,1.2846188660706175,65.00000067042492,207.99999668120842
Random matched local,Group_C3_dragon_100k_1.5x.ply,253,17,6762,6739,0.0517107757000023,23,28106.973190938144,338.9999923580615,279.99999868479097,29332.216120948477,1.0435921335850336,75.99999983816295,147.00000067555308
Random matched local,Group_C3_dragon_100k_1.5x.ply,254,21,6762,6756,0.0518412228267125,6,28106.973190938144,127.99999900846505,250.00000468015406,35195.75654967757,1.2522072836012414,159.0000010094835,168.0000046750259
Random matched local,Group_C3_dragon_100k_1.5x.ply,255,19,6762,6762,0.05188726298908081,0,28106.973190938144,30.99999858592387,300.99998902388546,40508.09686834162,1.441211637879303,193.99999401489322,15.999999876058132
Random matched local,Group_C3_dragon_100k_1.5x.ply,256,19,6762,6756,0.0518412228267125,6,28106.973190938144,130.99999567685308,257.9999866889366,28106.973190938144,1.0,36.99999875288908,329.9999886925191
Random matched local,Group_C3_dragon_100k_1.5x.ply,257,18,6762,6753,0.05181820274552835,9,28106.973190938144,12.999999792575526,283.0000090135573,32132.968429691537,1.1432383064303557,168.99999901102913,140.9999936783987
Random matched local,Group_C3_dragon_100k_1.5x.ply,258,17,6762,6754,0.05182587610592307,8,28106.973190938144,122.00000567168901,257.9999866889366,28224.373651930124,1.004176915820656,68.99999850500534,3.999999969014533
Random matched local,Group_C3_dragon_100k_1.5x.ply,259,18,6762,6710,0.05148824824855549,52,28106.973190938144,63.99999950423253,95.00000150525098,38760.327110605795,1.379028856906668,168.99999901102913,169.99999334703236
Random matched local,Group_C3_dragon_100k_1.5x.ply,260,17,6762,6762,0.05188726298908081,0,28106.973190938144,12.999999792575526,283.0000090135573,32132.968429691537,1.1432383064303557,6.000000166965211,14.000000104994276
Random matched local,Group_C3_dragon_100k_1.5x.ply,261,19,6762,6719,0.05155730849210795,43,28106.973190938144,350.00001201636707,279.99999868479097,30238.573216209727,1.0758388322638321,302.00001068064535,14.000000104994276
Random matched local,Group_C3_dragon_100k_1.5x.ply,262,19,6762,6759,0.05186424290789666,3,28106.973190938144,36.99999875288908,294.00000135110616,37728.35298018022,1.3423129101764706,33.99999866940647,338.9999923580615
Random matched local,Group_C3_dragon_100k_1.5x.ply,263,17,6762,6756,0.0518412228267125,6,28106.973190938144,130.99999567685308,257.9999866889366,28106.973190938144,1.0,268.0000120112389,73.00000316977493
Random matched local,Group_C3_dragon_100k_1.5x.ply,264,17,6762,6748,0.05177983594355476,14,28106.973190938144,12.999999792575526,283.0000090135573,32132.968429691537,1.1432383064303557,73.99999750577815,239.00001234260523
Random matched local,Group_C3_dragon_100k_1.5x.ply,265,17,6762,6744,0.05174914250197589,18,28106.973190938144,154.0000020087107,250.9999990161573,34911.35668163457,1.2420888028202979,36.99999875288908,39.00000108527387
Random matched local,Group_C3_dragon_100k_1.5x.ply,266,16,6762,6744,0.05174914250197589,18,28106.973190938144,338.9999923580615,279.99999868479097,29332.216120948477,1.0435921335850336,19.99999941818584,197.9999986796628
Random matched local,Group_C3_dragon_100k_1.5x.ply,267,18,6762,6751,0.051802856024738914,11,28106.973190938144,130.99999567685308,257.9999866889366,28106.973190938144,1.0,139.00000500639226,250.9999990161573
Random matched local,Group_C3_dragon_100k_1.5x.ply,268,17,6762,6756,0.0518412228267125,6,28106.973190938144,171.99999567941717,246.99999435138773,40775.25966423602,1.450716851908558,195.999996347278,114.000003172339
Random matched local,Group_C3_dragon_100k_1.5x.ply,269,21,6762,6740,0.05171844906039702,22,28106.973190938144,338.9999923580615,279.99999868479097,29332.216120948477,1.0435921335850336,54.999999253784715,16.999999334703237
Random matched local,Group_C3_dragon_100k_1.5x.ply,270,19,6762,6750,0.05179518266434419,12,28106.973190938144,352.99999502437674,300.99998902388546,45796.48498661262,1.6293638121581044,357.99999402514953,310.9999870254311
Random matched local,Group_C3_dragon_100k_1.5x.ply,271,17,6762,6761,0.05187958962868609,1,28106.973190938144,91.99999800667379,256.99999235293336,44178.93906270177,1.5718141815763116,159.0000010094835,137.00000267400745
Random matched local,Group_C3_dragon_100k_1.5x.ply,272,17,6762,6744,0.05174914250197589,18,28106.973190938144,118.99999534292266,257.9999866889366,29137.290213718887,1.0366569895584816,24.000000667860846,159.99999534548672
Random matched local,Group_C3_dragon_100k_1.5x.ply,273,21,6762,6762,0.05188726298908081,0,28106.973190938144,197.00000434365958,241.00000101461168,42527.80961596276,1.513069704342052,356.9999996891463,149.99999734394112
Random matched local,Group_C3_dragon_100k_1.5x.ply,274,20,6762,6751,0.051802856024738914,11,28106.973190938144,30.000000834826057,307.0000096814182,43494.96541929639,1.5474795213210446,195.999996347278,360.00001001791264
Random matched local,Group_C3_dragon_100k_1.5x.ply,275,19,6762,6745,0.05175681586237061,17,28106.973190938144,63.99999950423253,95.00000150525098,38760.327110605795,1.379028856906668,135.9999946776259,202.9999976804356
Random matched local,Group_C3_dragon_100k_1.5x.ply,276,18,6762,6758,0.05185656954750194,4,28106.973190938144,214.99999801436604,252.99998768816374,35276.594240803366,1.2550833560469168,39.00000108527387,300.99998902388546
Random matched local,Group_C3_dragon_100k_1.5x.ply,277,18,6762,6756,0.0518412228267125,6,28106.973190938144,286.9999863575702,293.00000701510294,50245.269270967845,1.7876442592960247,4.99999985454646,36.99999875288908
Random matched local,Group_C3_dragon_100k_1.5x.ply,278,17,6762,6726,0.05161102201487097,36,28106.973190938144,60.000001669652114,92.99999917286618,38083.56907742083,1.3549509162266962,159.0000010094835,149.0000030079379
Random matched local,Group_C3_dragon_100k_1.5x.ply,279,17,6762,6757,0.05184889618710722,5,28106.973190938144,352.99999502437674,285.999992021567,32492.964720923053,1.1560463839414405,1.9999999845072665,295.9999900231126
Random matched local,Group_C3_dragon_100k_1.5x.ply,280,17,6762,6759,0.05186424290789666,3,28106.973190938144,7.999999938029066,284.00000334956053,31528.888655102943,1.1217461389712373,193.99999401489322,15.999999876058132
Random matched local,Group_C3_dragon_100k_1.5x.ply,281,18,6762,6751,0.051802856024738914,11,28106.973190938144,285.999992021567,85.99999783970858,38786.683200804655,1.3799665633619245,88.00000017209338,214.00000367836282
Random matched local,Group_C3_dragon_100k_1.5x.ply,282,21,6762,6743,0.051741469141581176,19,28106.973190938144,214.99999801436604,252.99998768816374,35276.594240803366,1.2550833560469168,60.000001669652114,7.000000052497138
Random matched local,Group_C3_dragon_100k_1.5x.ply,283,18,6762,6737,0.051695428979212865,25,28106.973190938144,63.99999950423253,95.00000150525098,38760.327110605795,1.379028856906668,88.00000017209338,212.000001345978
Random matched local,Group_C3_dragon_100k_1.5x.ply,284,17,6762,6759,0.05186424290789666,3,28106.973190938144,60.000001669652114,92.99999917286618,38083.56907742083,1.3549509162266962,130.00000134084985,197.9999986796628
Random matched local,Group_C3_dragon_100k_1.5x.ply,285,19,6762,6753,0.05181820274552835,9,28106.973190938144,130.99999567685308,257.9999866889366,28106.973190938144,1.0,264.0000073464693,308.0000040174214
Random matched local,Group_C3_dragon_100k_1.5x.ply,286,18,6762,6745,0.05175681586237061,17,28106.973190938144,154.0000020087107,250.9999990161573,34911.35668163457,1.2420888028202979,168.0000046750259,24.000000667860846
Random matched local,Group_C3_dragon_100k_1.5x.ply,287,18,6762,6758,0.05185656954750194,4,28106.973190938144,171.99999567941717,246.99999435138773,40775.25966423602,1.450716851908558,161.99999767787153,176.00000034418676
Random matched local,Group_C3_dragon_100k_1.5x.ply,288,17,6762,6754,0.05182587610592307,8,28106.973190938144,285.999992021567,85.99999783970858,38786.683200804655,1.3799665633619245,137.00000267400745,176.99999468018999
Random matched local,Group_C3_dragon_100k_1.5x.ply,289,17,6762,6756,0.0518412228267125,6,28106.973190938144,342.0000026868279,279.99999868479097,29793.853602133506,1.060016437904428,156.0000043410955,185.00000400972914
Random matched local,Group_C3_dragon_100k_1.5x.ply,290,18,6762,6756,0.0518412228267125,6,28106.973190938144,338.9999923580615,279.99999868479097,29332.216120948477,1.0435921335850336,61.99999717184774,347.0000016876007
Random matched local,Group_C3_dragon_100k_1.5x.ply,291,18,6762,6750,0.05179518266434419,12,28106.973190938144,144.9999983431683,251.99999335216052,32609.963220013076,1.1602089986169952,47.000000169529294,312.000008682191
Random matched local,Group_C3_dragon_100k_1.5x.ply,292,20,6762,6743,0.051741469141581176,19,28106.973190938144,244.00001134337802,85.99999783970858,38862.72887553065,1.3826721437248257,15.999999876058132,39.00000108527387
Random matched local,Group_C3_dragon_100k_1.5x.ply,293,17,6762,6745,0.05175681586237061,17,28106.973190938144,159.0000010094835,257.9999866889366,29205.77742836692,1.0390936523105603,323.00000101973984,54.0000015026869
Random matched local,Group_C3_dragon_100k_1.5x.ply,294,18,6762,6761,0.05187958962868609,1,28106.973190938144,130.99999567685308,257.9999866889366,28106.973190938144,1.0,279.00000434878774,283.0000090135573
Random matched local,Group_C3_dragon_100k_1.5x.ply,295,16,6762,6752,0.051810529385133634,10,28106.973190938144,12.999999792575526,283.0000090135573,32132.968429691537,1.1432383064303557,19.99999941818584,163.0000056742531
Random matched local,Group_C3_dragon_100k_1.5x.ply,296,16,6762,6760,0.05187191626829137,2,28106.973190938144,130.99999567685308,257.9999866889366,28106.973190938144,1.0,289.9999966863366,0.0
Random matched local,Group_C3_dragon_100k_1.5x.ply,297,17,6762,6745,0.05175681586237061,17,28106.973190938144,130.99999567685308,257.9999866889366,28106.973190938144,1.0,25.00000012650595,190.00000301050196
Random matched local,Group_C3_dragon_100k_1.5x.ply,298,19,6762,6736,0.05168775561881815,26,28106.973190938144,118.99999534292266,257.9999866889366,29137.290213718887,1.0366569895584816,134.00000600561944,139.99999934239548
Random matched local,Group_C3_dragon_100k_1.5x.ply,299,20,6762,6759,0.05186424290789666,3,28106.973190938144,209.99999901359323,236.9999963498421,41576.77169673699,1.4792333352401528,219.99999701513886,226.99999834829646
Random matched local,Group_C3_dragon_100k_1.5x.ply,300,20,6762,6761,0.05187958962868609,1,28106.973190938144,12.999999792575526,283.0000090135573,32132.968429691537,1.1432383064303557,331.000010349279,9.000000250447817
Random matched local,Group_C3_dragon_100k_1.5x.ply,301,16,6762,6715,0.05152661505052908,47,28106.973190938144,171.99999567941717,246.99999435138773,40775.25966423602,1.450716851908558,168.0000046750259,24.000000667860846
Random matched local,Group_C3_dragon_100k_1.5x.ply,302,17,6762,6755,0.05183354946631778,7,28106.973190938144,338.9999923580615,279.99999868479097,29332.216120948477,1.0435921335850336,236.00000201383887,158.00000667348027
Random matched local,Group_C3_dragon_100k_1.5x.ply,303,18,6762,6754,0.05182587610592307,8,28106.973190938144,338.9999923580615,279.99999868479097,29332.216120948477,1.0435921335850336,168.99999901102913,140.9999936783987
Random matched local,Group_C3_dragon_100k_1.5x.ply,304,18,6762,6712,0.051503594969344924,50,28106.973190938144,209.00000467759,252.99998768816374,33430.398988329674,1.189398757426781,90.99999684048139,224.00000167990842
Random matched local,Group_C3_dragon_100k_1.5x.ply,305,17,6762,6758,0.05185656954750194,4,28106.973190938144,106.000000672989,259.0000083456965,33468.84546201091,1.1907666198935098,85.99999783970858,127.00000467246183
Random matched local,Group_C3_dragon_100k_1.5x.ply,306,19,6762,6745,0.05175681586237061,17,28106.973190938144,130.99999567685308,257.9999866889366,28106.973190938144,1.0,30.000000834826057,28.99999966863366
Random matched local,Group_C3_dragon_100k_1.5x.ply,307,19,6762,6720,0.05156498185250267,42,28106.973190938144,73.99999750577815,100.0000005060238,41277.34554700615,1.468580244005577,342.9999970228311,318.9999963549702
Random matched local,Group_C3_dragon_100k_1.5x.ply,308,17,6762,6761,0.05187958962868609,1,28106.973190938144,289.0000023503334,283.0000090135573,31889.684929335413,1.1345826785652195,252.99998768816374,289.0000023503334
Random matched local,Group_C3_dragon_100k_1.5x.ply,309,19,6762,6746,0.051764489222765324,16,28106.973190938144,207.99999668120842,247.99998868739095,36918.584965477305,1.3135026925410835,73.99999750577815,159.99999534548672
Random matched local,Group_C3_dragon_100k_1.5x.ply,310,19,6762,6760,0.05187191626829137,2,28106.973190938144,144.9999983431683,251.99999335216052,32609.963220013076,1.1602089986169952,183.99999601334758,175.00000600818353
Random matched local,Group_C3_dragon_100k_1.5x.ply,311,17,6762,6754,0.05182587610592307,8,28106.973190938144,120.00000333930423,249.00001034415084,37571.83216820078,1.3367441564399458,67.00000300280972,308.99999835342464
Random matched local,Group_C3_dragon_100k_1.5x.ply,312,18,6762,6751,0.051802856024738914,11,28106.973190938144,336.0000093500518,293.00000701510294,38284.86923343879,1.3621128455689444,88.00000017209338,214.00000367836282
Random matched local,Group_C3_dragon_100k_1.5x.ply,313,18,6762,6744,0.05174914250197589,18,28106.973190938144,328.99999435651586,285.999992021567,30851.007493074274,1.0976282392093655,19.99999941818584,163.0000056742531
Random matched local,Group_C3_dragon_100k_1.5x.ply,314,17,6762,6753,0.05181820274552835,9,28106.973190938144,120.00000333930423,249.00001034415084,37571.83216820078,1.3367441564399458,74.99999867197056,237.99999068584532
Random matched local,Group_C3_dragon_100k_1.5x.ply,315,17,6762,6709,0.051480574888160775,53,28106.973190938144,308.0000040174214,283.0000090135573,28227.415951815517,1.0042851558600485,149.0000030079379,180.00000500895632
Random matched local,Group_C3_dragon_100k_1.5x.ply,316,17,6762,6754,0.05182587610592307,8,28106.973190938144,352.99999502437674,285.999992021567,32492.964720923053,1.1560463839414405,338.9999923580615,39.99999883637168
Random matched local,Group_C3_dragon_100k_1.5x.ply,317,16,6762,6760,0.05187191626829137,2,28106.973190938144,280.9999930207942,84.99999667351618,38980.960845947266,1.3868786432868183,236.00000201383887,158.00000667348027
Random matched local,Group_C3_dragon_100k_1.5x.ply,318,17,6762,6743,0.051741469141581176,19,28106.973190938144,91.99999800667379,256.99999235293336,44178.93906270177,1.5718141815763116,276.9999883560246,303.0000050166486
Random matched local,Group_C3_dragon_100k_1.5x.ply,319,16,6762,6755,0.05183354946631778,7,28106.973190938144,122.00000567168901,257.9999866889366,28224.373651930124,1.004176915820656,357.99999402514953,152.99999401232913
Random matched local,Group_C3_dragon_100k_1.5x.ply,320,18,6762,6759,0.05186424290789666,3,28106.973190938144,130.99999567685308,257.9999866889366,28106.973190938144,1.0,350.00001201636707,18.000000500895634
Random matched local,Group_C3_dragon_100k_1.5x.ply,321,18,6762,6757,0.05184889618710722,5,28106.973190938144,212.99999568198123,241.00000101461168,40526.295496412546,1.44185911521339,209.00000467759,142.9999960107835
Random matched local,Group_C3_dragon_100k_1.5x.ply,322,17,6762,6758,0.05185656954750194,4,28106.973190938144,285.999992021567,85.99999783970858,38786.683200804655,1.3799665633619245,84.99999667351618,147.00000067555308
Random matched local,Group_C3_dragon_100k_1.5x.ply,323,19,6762,6729,0.05163404209605513,33,28106.973190938144,197.00000434365958,241.00000101461168,42527.80961596276,1.513069704342052,274.9999996840181,356.0000053531431
Random matched local,Group_C3_dragon_100k_1.5x.ply,324,16,6762,6739,0.0517107757000023,23,28106.973190938144,180.00000500895632,180.00000500895632,51572.117923705046,1.8348513578236239,171.99999567941717,180.99999934495955
Random matched local,Group_C3_dragon_100k_1.5x.ply,325,19,6762,6752,0.051810529385133634,10,28106.973190938144,144.9999983431683,251.99999335216052,32609.963220013076,1.1602089986169952,242.99998968661814,327.0000056845094
Random matched local,Group_C3_dragon_100k_1.5x.ply,326,21,6762,6758,0.05185656954750194,4,28106.973190938144,118.99999534292266,257.9999866889366,29137.290213718887,1.0366569895584816,250.9999990161573,338.9999923580615
Random matched local,Group_C3_dragon_100k_1.5x.ply,327,16,6762,6750,0.05179518266434419,12,28106.973190938144,207.99999668120842,247.99998868739095,36918.584965477305,1.3135026925410835,318.000002018967,62.99999833804013
Random matched local,Group_C3_dragon_100k_1.5x.ply,328,19,6762,6759,0.05186424290789666,3,28106.973190938144,7.999999938029066,284.00000334956053,31528.888655102943,1.1217461389712373,217.99999468275405,169.99999334703236
Random matched local,Group_C3_dragon_100k_1.5x.ply,329,18,6762,6698,0.051396167923818875,64,28106.973190938144,338.9999923580615,279.99999868479097,29332.216120948477,1.0435921335850336,264.0000073464693,308.0000040174214
Random matched local,Group_C3_dragon_100k_1.5x.ply,330,17,6762,6748,0.05177983594355476,14,28106.973190938144,195.00000201127477,257.9999866889366,32013.447816706885,1.1389859590796567,67.00000300280972,308.99999835342464
Random matched local,Group_C3_dragon_100k_1.5x.ply,331,18,6762,6739,0.0517107757000023,23,28106.973190938144,118.99999534292266,104.99999950679661,46235.32098186903,1.644976877011274,289.9999966863366,37.999999919081475
Random matched local,Group_C3_dragon_100k_1.5x.ply,332,16,6762,6704,0.051442208086187186,58,28106.973190938144,130.99999567685308,257.9999866889366,28106.973190938144,1.0,308.99999835342464,51.999999170302104
Random matched local,Group_C3_dragon_100k_1.5x.ply,333,19,6762,6723,0.05158800193368682,39,28106.973190938144,154.0000020087107,250.9999990161573,34911.35668163457,1.2420888028202979,127.00000467246183,209.99999901359323
Random matched local,Group_C3_dragon_100k_1.5x.ply,334,18,6762,6759,0.05186424290789666,3,28106.973190938144,106.000000672989,259.0000083456965,33468.84546201091,1.1907666198935098,122.00000567168901,139.99999934239548
Random matched local,Group_C3_dragon_100k_1.5x.ply,335,19,6762,6736,0.05168775561881815,26,28106.973190938144,171.99999567941717,101.00000167221619,45724.324943605534,1.6267964761978473,302.00001068064535,14.000000104994276
Random matched local,Group_C3_dragon_100k_1.5x.ply,336,18,6762,6759,0.05186424290789666,3,28106.973190938144,161.99999767787153,247.99998868739095,38159.630515358665,1.3576570574188171,187.00000634211395,231.00000301306605
Random matched local,Group_C3_dragon_100k_1.5x.ply,337,18,6762,6761,0.05187958962868609,1,28106.973190938144,352.99999502437674,300.99998902388546,45796.48498661262,1.6293638121581044,1.9999999845072665,322.0000066837366
Random matched local,Group_C3_dragon_100k_1.5x.ply,338,16,6762,6743,0.051741469141581176,19,28106.973190938144,130.99999567685308,257.9999866889366,28106.973190938144,1.0,202.9999976804356,237.99999068584532
Random matched local,Group_C3_dragon_100k_1.5x.ply,339,16,6762,6748,0.05177983594355476,14,28106.973190938144,289.0000023503334,283.0000090135573,31889.684929335413,1.1345826785652195,242.99998968661814,327.0000056845094
Random matched local,Group_C3_dragon_100k_1.5x.ply,340,17,6762,6743,0.051741469141581176,19,28106.973190938144,154.0000020087107,250.9999990161573,34911.35668163457,1.2420888028202979,0.9999999922536332,166.00000234264112
Random matched local,Group_C3_dragon_100k_1.5x.ply,341,18,6762,6746,0.051764489222765324,16,28106.973190938144,33.99999866940647,290.9999910223398,36106.7480292202,1.2846188660706175,356.9999996891463,149.99999734394112
Random matched local,Group_C3_dragon_100k_1.5x.ply,342,18,6762,6729,0.05163404209605513,33,28106.973190938144,207.99999668120842,247.99998868739095,36918.584965477305,1.3135026925410835,67.99999733881295,321.0000123477334
Random matched local,Group_C3_dragon_100k_1.5x.ply,343,18,6762,6760,0.05187191626829137,2,28106.973190938144,156.99999867709872,241.00000101461168,44283.500387648906,1.5755343019975616,130.00000134084985,197.9999986796628
Random matched local,Group_C3_dragon_100k_1.5x.ply,344,18,6762,6759,0.05186424290789666,3,28106.973190938144,130.99999567685308,257.9999866889366,28106.973190938144,1.0,56.000000419977106,104.99999950679661
Random matched local,Group_C3_dragon_100k_1.5x.ply,345,19,6762,6759,0.05186424290789666,3,28106.973190938144,33.99999866940647,290.9999910223398,36106.7480292202,1.2846188660706175,304.999993688655,18.000000500895634
Random matched local,Group_C3_dragon_100k_1.5x.ply,346,16,6762,6757,0.05184889618710722,5,28106.973190938144,352.99999502437674,285.999992021567,32492.964720923053,1.1560463839414405,1.9999999845072665,295.9999900231126
Random matched local,Group_C3_dragon_100k_1.5x.ply,347,17,6762,6740,0.05171844906039702,22,28106.973190938144,168.0000046750259,232.9999916850725,51256.707877167,1.8236295857603217,222.99999368352687,209.00000467759
Random matched local,Group_C3_dragon_100k_1.5x.ply,348,18,6762,6744,0.05174914250197589,18,28106.973190938144,207.0000023452052,226.99999834829646,51181.769568072865,1.820963403650101,229.00000068068124,212.000001345978
Random matched local,Group_C3_dragon_100k_1.5x.ply,349,19,6762,6754,0.05182587610592307,8,28106.973190938144,352.99999502437674,285.999992021567,32492.964720923053,1.1560463839414405,173.99999801180195,18.999999959540737
Random matched local,Group_C3_dragon_100k_1.5x.ply,350,18,6762,6754,0.05182587610592307,8,28106.973190938144,352.99999502437674,285.999992021567,32492.964720923053,1.1560463839414405,156.99999867709872,214.00000367836282
Random matched local,Group_C3_dragon_100k_1.5x.ply,351,18,6762,6749,0.05178750930394948,13,28106.973190938144,130.99999567685308,257.9999866889366,28106.973190938144,1.0,149.0000030079379,180.00000500895632
Random matched local,Group_C3_dragon_100k_1.5x.ply,352,19,6762,6744,0.05174914250197589,18,28106.973190938144,171.99999567941717,246.99999435138773,40775.25966423602,1.450716851908558,202.9999976804356,209.00000467759
Random matched local,Group_C3_dragon_100k_1.5x.ply,353,18,6762,6751,0.051802856024738914,11,28106.973190938144,244.00001134337802,85.99999783970858,38862.72887553065,1.3826721437248257,224.99999601591168,176.00000034418676
Random matched local,Group_C3_dragon_100k_1.5x.ply,354,22,6762,6759,0.05186424290789666,3,28106.973190938144,159.0000010094835,257.9999866889366,29205.77742836692,1.0390936523105603,289.9999966863366,18.000000500895634
Random matched local,Group_C3_dragon_100k_1.5x.ply,355,20,6762,6760,0.05187191626829137,2,28106.973190938144,338.9999923580615,279.99999868479097,29332.216120948477,1.0435921335850336,202.00000334443237,228.000006344678
Random matched local,Group_C3_dragon_100k_1.5x.ply,356,19,6762,6761,0.05187958962868609,1,28106.973190938144,214.99999801436604,252.99998768816374,35276.594240803366,1.2550833560469168,281.9999873567974,175.00000600818353
Random matched local,Group_C3_dragon_100k_1.5x.ply,357,19,6762,6727,0.05161869537526569,35,28106.973190938144,45.00000125223908,294.00000135110616,40106.702442011556,1.4269306826301096,283.0000090135573,323.00000101973984
Random matched local,Group_C3_dragon_100k_1.5x.ply,358,18,6762,6751,0.051802856024738914,11,28106.973190938144,197.00000434365958,241.00000101461168,42527.80961596276,1.513069704342052,7.999999938029066,28.000000209988553
Random matched local,Group_C3_dragon_100k_1.5x.ply,359,19,6762,6726,0.05161102201487097,36,28106.973190938144,37.999999919081475,302.00001068064535,42737.40516221228,1.5205267700611418,318.000002018967,62.99999833804013
Random matched local,Group_C3_dragon_100k_1.5x.ply,360,17,6762,6756,0.0518412228267125,6,28106.973190938144,154.0000020087107,250.9999990161573,34911.35668163457,1.2420888028202979,353.99998936037997,350.00001201636707
Random matched local,Group_C3_dragon_100k_1.5x.ply,361,21,6762,6740,0.05171844906039702,22,28106.973190938144,12.999999792575526,283.0000090135573,32132.968429691537,1.1432383064303557,77.00000100435535,135.00000034162267
Random matched local,Group_C3_dragon_100k_1.5x.ply,362,17,6762,6752,0.051810529385133634,10,28106.973190938144,342.0000026868279,279.99999868479097,29793.853602133506,1.060016437904428,142.00000167478026,164.00000001025631
Random matched local,Group_C3_dragon_100k_1.5x.ply,363,18,6762,6753,0.05181820274552835,9,28106.973190938144,161.99999767787153,247.99998868739095,38159.630515358665,1.3576570574188171,15.000000417413029,154.0000020087107
Random matched local,Group_C3_dragon_100k_1.5x.ply,364,17,6762,6754,0.05182587610592307,8,28106.973190938144,285.999992021567,85.99999783970858,38786.683200804655,1.3799665633619245,139.99999934239548,156.0000043410955
Random matched local,Group_C3_dragon_100k_1.5x.ply,365,18,6762,6736,0.05168775561881815,26,28106.973190938144,79.99999767274336,95.00000150525098,38070.44620356284,1.3544840259013367,85.99999783970858,193.99999401489322
Random matched local,Group_C3_dragon_100k_1.5x.ply,366,17,6762,6748,0.05177983594355476,14,28106.973190938144,356.0000053531431,284.00000334956053,31023.165411200403,1.103753335531784,45.999999003336896,336.0000093500518
Random matched local,Group_C3_dragon_100k_1.5x.ply,367,18,6762,6760,0.05187191626829137,2,28106.973190938144,144.9999983431683,251.99999335216052,32609.963220013076,1.1602089986169952,249.00001034415084,337.99999802205826
Random matched local,Group_C3_dragon_100k_1.5x.ply,368,19,6762,6747,0.051772162583160045,15,28106.973190938144,12.999999792575526,84.99999667351618,42195.87184180898,1.501259902841946,309.99999268942787,357.99999402514953
Random matched local,Group_C3_dragon_100k_1.5x.ply,369,18,6762,6735,0.05168008225842343,27,28106.973190938144,356.0000053531431,284.00000334956053,31023.165411200403,1.103753335531784,237.99999068584532,120.00000333930423
Random matched local,Group_C3_dragon_100k_1.5x.ply,370,19,6762,6740,0.05171844906039702,22,28106.973190938144,127.99999900846505,250.00000468015406,35195.75654967757,1.2522072836012414,107.00000183918141,125.00000234007703
Random matched local,Group_C3_dragon_100k_1.5x.ply,371,19,6762,6727,0.05161869537526569,35,28106.973190938144,289.0000023503334,283.0000090135573,31889.684929335413,1.1345826785652195,343.99999135883434,164.99999434625954
Random matched local,Group_C3_dragon_100k_1.5x.ply,372,23,6762,6742,0.051733795781186455,20,28106.973190938144,197.00000434365958,241.00000101461168,42527.80961596276,1.513069704342052,319.99999069097345,356.0000053531431
Random matched local,Group_C3_dragon_100k_1.5x.ply,373,18,6762,6748,0.05177983594355476,14,28106.973190938144,45.00000125223908,292.0000126790997,38716.82064592346,1.3774809682604312,72.00000200358254,123.99999434369548
Random matched local,Group_C3_dragon_100k_1.5x.ply,374,19,6762,6762,0.05188726298908081,0,28106.973190938144,7.999999938029066,284.00000334956053,31528.888655102943,1.1217461389712373,352.99999502437674,313.0000030181942
Random matched local,Group_C3_dragon_100k_1.5x.ply,375,17,6762,6754,0.05182587610592307,8,28106.973190938144,118.99999534292266,257.9999866889366,29137.290213718887,1.0366569895584816,356.0000053531431,352.99999502437674
Random matched local,Group_C3_dragon_100k_1.5x.ply,376,18,6762,6736,0.05168775561881815,26,28106.973190938144,130.99999567685308,257.9999866889366,28106.973190938144,1.0,279.00000434878774,3.0000000834826057
Random matched local,Group_C3_dragon_100k_1.5x.ply,377,19,6762,6755,0.05183354946631778,7,28106.973190938144,173.00000367579872,90.99999684048139,39880.039278140735,1.4188663790734428,90.00000250447816,234.0000133418324
Random matched local,Group_C3_dragon_100k_1.5x.ply,378,19,6762,6762,0.05188726298908081,0,28106.973190938144,118.99999534292266,257.9999866889366,29137.290213718887,1.0366569895584816,289.9999966863366,18.000000500895634
Random matched local,Group_C3_dragon_100k_1.5x.ply,379,18,6762,6742,0.051733795781186455,20,28106.973190938144,289.0000023503334,283.0000090135573,31889.684929335413,1.1345826785652195,285.999992021567,47.000000169529294
Random matched local,Group_C3_dragon_100k_1.5x.ply,380,18,6762,6747,0.051772162583160045,15,28106.973190938144,173.00000367579872,90.99999684048139,39880.039278140735,1.4188663790734428,331.000010349279,9.000000250447817
Random matched local,Group_C3_dragon_100k_1.5x.ply,381,17,6762,6744,0.05174914250197589,18,28106.973190938144,212.99999568198123,241.00000101461168,40526.295496412546,1.44185911521339,244.00001134337802,219.00000267913563
Random matched local,Group_C3_dragon_100k_1.5x.ply,382,18,6762,6762,0.05188726298908081,0,28106.973190938144,159.0000010094835,257.9999866889366,29205.77742836692,1.0390936523105603,117.0000066709162,132.00000367323466
Random matched local,Group_C3_dragon_100k_1.5x.ply,383,17,6762,6757,0.05184889618710722,5,28106.973190938144,352.99999502437674,285.999992021567,32492.964720923053,1.1560463839414405,290.9999910223398,166.99999667864435
Random matched local,Group_C3_dragon_100k_1.5x.ply,384,17,6762,6755,0.05183354946631778,7,28106.973190938144,106.000000672989,259.0000083456965,33468.84546201091,1.1907666198935098,108.99999734137702,161.0000033418683
Random matched local,Group_C3_dragon_100k_1.5x.ply,385,19,6762,6751,0.051802856024738914,11,28106.973190938144,159.0000010094835,257.9999866889366,29205.77742836692,1.0390936523105603,327.0000056845094,328.99999435651586
Random matched local,Group_C3_dragon_100k_1.5x.ply,386,20,6762,6746,0.051764489222765324,16,28106.973190938144,289.0000023503334,283.0000090135573,31889.684929335413,1.1345826785652195,16.999999334703237,190.00000301050196
Random matched local,Group_C3_dragon_100k_1.5x.ply,387,17,6762,6741,0.051726122420791734,21,28106.973190938144,322.0000066837366,298.0000060158758,44437.94045566527,1.5810290262770923,313.99999735419743,308.0000040174214
Random matched local,Group_C3_dragon_100k_1.5x.ply,388,17,6762,6762,0.05188726298908081,0,28106.973190938144,171.99999567941717,246.99999435138773,40775.25966423602,1.450716851908558,15.999999876058132,190.99999734650518
Random matched local,Group_C3_dragon_100k_1.5x.ply,389,19,6762,6753,0.05181820274552835,9,28106.973190938144,130.99999567685308,257.9999866889366,28106.973190938144,1.0,334.9999876932919,336.0000093500518
Random matched local,Group_C3_dragon_100k_1.5x.ply,390,17,6762,6733,0.051664735537633996,29,28106.973190938144,350.00001201636707,279.99999868479097,30238.573216209727,1.0758388322638321,257.9999866889366,341.00000835082466
Random matched local,Group_C3_dragon_100k_1.5x.ply,391,21,6762,6756,0.0518412228267125,6,28106.973190938144,12.999999792575526,283.0000090135573,32132.968429691537,1.1432383064303557,224.00000167990842,161.0000033418683
Random matched local,Group_C3_dragon_100k_1.5x.ply,392,18,6762,6724,0.05159567529408154,38,28106.973190938144,122.00000567168901,98.9999993398314,41683.34677199687,1.4830251015942133,254.00000934492365,178.00000267657154
Random matched local,Group_C3_dragon_100k_1.5x.ply,393,18,6762,6751,0.051802856024738914,11,28106.973190938144,118.99999534292266,257.9999866889366,29137.290213718887,1.0366569895584816,190.99999734650518,224.00000167990842
Random matched local,Group_C3_dragon_100k_1.5x.ply,394,17,6762,6759,0.05186424290789666,3,28106.973190938144,338.9999923580615,279.99999868479097,29332.216120948477,1.0435921335850336,268.0000120112389,51.000001419204295
Random matched local,Group_C3_dragon_100k_1.5x.ply,395,20,6762,6759,0.05186424290789666,3,28106.973190938144,127.99999900846505,250.00000468015406,35195.75654967757,1.2522072836012414,33.000000918308665,329.9999886925191
Random matched local,Group_C3_dragon_100k_1.5x.ply,396,18,6762,6754,0.05182587610592307,8,28106.973190938144,244.00001134337802,85.99999783970858,38862.72887553065,1.3826721437248257,31.999999752116263,16.999999334703237
Random matched local,Group_C3_dragon_100k_1.5x.ply,397,16,6762,6724,0.05159567529408154,38,28106.973190938144,130.99999567685308,96.00000267144338,41391.3490358463,1.472636301129398,28.99999966863366,345.0000130155942
Random matched local,Group_C3_dragon_100k_1.5x.ply,398,18,6762,6760,0.05187191626829137,2,28106.973190938144,173.00000367579872,90.99999684048139,39880.039278140735,1.4188663790734428,168.99999901102913,98.9999993398314
Random matched local,Group_C3_dragon_100k_1.5x.ply,399,18,6762,6751,0.051802856024738914,11,28106.973190938144,209.00000467759,252.99998768816374,33430.398988329674,1.189398757426781,15.999999876058132,190.99999734650518
Random matched local,Group_C3_dragon_100k_1.5x.ply,400,16,6762,6723,0.05158800193368682,39,28106.973190938144,127.99999900846505,250.00000468015406,35195.75654967757,1.2522072836012414,54.999999253784715,303.9999993526518
Random matched local,Group_C3_dragon_100k_1.5x.ply,401,17,6762,6757,0.05184889618710722,5,28106.973190938144,207.99999668120842,247.99998868739095,36918.584965477305,1.3135026925410835,284.99999768556376,7.000000052497138
Random matched local,Group_C3_dragon_100k_1.5x.ply,402,17,6762,6756,0.0518412228267125,6,28106.973190938144,130.99999567685308,96.00000267144338,41391.3490358463,1.472636301129398,27.00000075134345,317.00000768296377
Random matched local,Group_C3_dragon_100k_1.5x.ply,403,21,6762,6758,0.05185656954750194,4,28106.973190938144,45.00000125223908,294.00000135110616,40106.702442011556,1.4269306826301096,185.99999834573237,178.00000267657154
Random matched local,Group_C3_dragon_100k_1.5x.ply,404,20,6762,6744,0.05174914250197589,18,28106.973190938144,161.99999767787153,232.9999916850725,53691.950711337005,1.9102715310749865,323.00000101973984,34.99999983559887
Random matched local,Group_C3_dragon_100k_1.5x.ply,405,18,6762,6750,0.05179518266434419,12,28106.973190938144,308.0000040174214,283.0000090135573,28227.415951815517,1.0042851558600485,176.99999468018999,236.9999963498421
Random matched local,Group_C3_dragon_100k_1.5x.ply,406,17,6762,6744,0.05174914250197589,18,28106.973190938144,356.0000053531431,284.00000334956053,31023.165411200403,1.103753335531784,178.99999701257477,135.9999946776259
Random matched local,Group_C3_dragon_100k_1.5x.ply,407,19,6762,6761,0.05187958962868609,1,28106.973190938144,352.99999502437674,300.99998902388546,45796.48498661262,1.6293638121581044,347.9999960236039,326.0000113485062
Random matched local,Group_C3_dragon_100k_1.5x.ply,408,18,6762,6762,0.05188726298908081,0,28106.973190938144,12.999999792575526,283.0000090135573,32132.968429691537,1.1432383064303557,328.00000002051263,303.0000050166486
Random matched local,Group_C3_dragon_100k_1.5x.ply,409,18,6762,6760,0.05187191626829137,2,28106.973190938144,118.99999534292266,257.9999866889366,29137.290213718887,1.0366569895584816,193.99999401489322,24.000000667860846
Random matched local,Group_C3_dragon_100k_1.5x.ply,410,18,6762,6741,0.051726122420791734,21,28106.973190938144,12.999999792575526,283.0000090135573,32132.968429691537,1.1432383064303557,158.00000667348027,222.99999368352687
Random matched local,Group_C3_dragon_100k_1.5x.ply,411,17,6762,6723,0.05158800193368682,39,28106.973190938144,350.00001201636707,279.99999868479097,30238.573216209727,1.0758388322638321,30.000000834826057,48.00000133572169
Random matched local,Group_C3_dragon_100k_1.5x.ply,412,17,6762,6751,0.051802856024738914,11,28106.973190938144,161.99999767787153,247.99998868739095,38159.630515358665,1.3576570574188171,241.00000101461168,102.00000283840859
Random matched local,Group_C3_dragon_100k_1.5x.ply,413,16,6762,6746,0.051764489222765324,16,28106.973190938144,156.99999867709872,241.00000101461168,44283.500387648906,1.5755343019975616,28.000000209988553,192.00000534288677
Random matched local,Group_C3_dragon_100k_1.5x.ply,414,18,6762,6758,0.05185656954750194,4,28106.973190938144,79.99999767274336,95.00000150525098,38070.44620356284,1.3544840259013367,75.99999983816295,147.00000067555308
Random matched local,Group_C3_dragon_100k_1.5x.ply,415,17,6762,6723,0.05158800193368682,39,28106.973190938144,192.00000534288677,249.00001034415084,36653.435919895644,1.304069124444639,244.00001134337802,219.00000267913563
Random matched local,Group_C3_dragon_100k_1.5x.ply,416,19,6762,6748,0.05177983594355476,14,28106.973190938144,265.99999601847577,83.00000117132056,39091.83927803985,1.3908235160178433,317.00000768296377,347.0000016876007
Random matched local,Group_C3_dragon_100k_1.5x.ply,417,17,6762,6760,0.05187191626829137,2,28106.973190938144,127.99999900846505,250.00000468015406,35195.75654967757,1.2522072836012414,57.99999933726732,350.00001201636707
Random matched local,Group_C3_dragon_100k_1.5x.ply,418,17,6762,6755,0.05183354946631778,7,28106.973190938144,337.99999802205826,299.000000351879,44505.41488395249,1.5834296557518084,115.00000433853141,6.000000166965211
Random matched local,Group_C3_dragon_100k_1.5x.ply,419,17,6762,6733,0.051664735537633996,29,28106.973190938144,226.00000401229323,247.99998868739095,39661.13949610182,1.4110782839074543,0.9999999922536332,166.00000234264112
Random matched local,Group_C3_dragon_100k_1.5x.ply,420,17,6762,6730,0.05164171545644984,32,28106.973190938144,289.0000023503334,283.0000090135573,31889.684929335413,1.1345826785652195,298.0000060158758,12.000000333930423
Random matched local,Group_C3_dragon_100k_1.5x.ply,421,18,6762,6753,0.05181820274552835,9,28106.973190938144,209.00000467759,252.99998768816374,33430.398988329674,1.189398757426781,59.00000050345972,68.99999850500534
Random matched local,Group_C3_dragon_100k_1.5x.ply,422,16,6762,6719,0.05155730849210795,43,28106.973190938144,350.00001201636707,279.99999868479097,30238.573216209727,1.0758388322638321,0.0,356.0000053531431
Random matched local,Group_C3_dragon_100k_1.5x.ply,423,19,6762,6739,0.0517107757000023,23,28106.973190938144,30.000000834826057,307.0000096814182,43494.96541929639,1.5474795213210446,292.0000126790997,6.000000166965211
Random matched local,Group_C3_dragon_100k_1.5x.ply,424,19,6762,6740,0.05171844906039702,22,28106.973190938144,118.99999534292266,257.9999866889366,29137.290213718887,1.0366569895584816,41.00000000256408,41.00000000256408
Random matched local,Group_C3_dragon_100k_1.5x.ply,425,17,6762,6738,0.051703102339607586,24,28106.973190938144,338.9999923580615,279.99999868479097,29332.216120948477,1.0435921335850336,348.9999903596071,288.00000801433015
Random matched local,Group_C3_dragon_100k_1.5x.ply,426,20,6762,6759,0.05186424290789666,3,28106.973190938144,285.999992021567,85.99999783970858,38786.683200804655,1.3799665633619245,240.00000667860846,212.000001345978
Random matched local,Group_C3_dragon_100k_1.5x.ply,427,18,6762,6714,0.05151894169013436,48,28106.973190938144,7.999999938029066,284.00000334956053,31528.888655102943,1.1217461389712373,117.0000066709162,132.00000367323466
Random matched local,Group_C3_dragon_100k_1.5x.ply,428,17,6762,6761,0.05187958962868609,1,28106.973190938144,342.0000026868279,279.99999868479097,29793.853602133506,1.060016437904428,7.999999938029066,42.00000116875648
Random matched local,Group_C3_dragon_100k_1.5x.ply,429,16,6762,6712,0.051503594969344924,50,28106.973190938144,122.00000567168901,257.9999866889366,28224.373651930124,1.004176915820656,324.9999896917463,3.999999969014533
Random matched local,Group_C3_dragon_100k_1.5x.ply,430,20,6762,6736,0.05168775561881815,26,28106.973190938144,209.99999901359323,236.9999963498421,41576.77169673699,1.4792333352401528,154.99999634471394,195.00000201127477
Random matched local,Group_C3_dragon_100k_1.5x.ply,431,18,6762,6753,0.05181820274552835,9,28106.973190938144,159.0000010094835,257.9999866889366,29205.77742836692,1.0390936523105603,41.00000000256408,41.00000000256408
Random matched local,Group_C3_dragon_100k_1.5x.ply,432,18,6762,6753,0.05181820274552835,9,28106.973190938144,7.999999938029066,284.00000334956053,31528.888655102943,1.1217461389712373,152.99999401232913,159.99999534548672
Random matched local,Group_C3_dragon_100k_1.5x.ply,433,18,6762,6756,0.0518412228267125,6,28106.973190938144,159.0000010094835,257.9999866889366,29205.77742836692,1.0390936523105603,24.000000667860846,159.99999534548672
Random matched local,Group_C3_dragon_100k_1.5x.ply,434,19,6762,6760,0.05187191626829137,2,28106.973190938144,342.0000026868279,279.99999868479097,29793.853602133506,1.060016437904428,271.9999893552518,7.999999938029066
Random matched local,Group_C3_dragon_100k_1.5x.ply,435,21,6762,6729,0.05163404209605513,33,28106.973190938144,237.99999068584532,86.99999900590097,38797.7726203351,1.3803611067179489,356.9999996891463,149.99999734394112
Random matched local,Group_C3_dragon_100k_1.5x.ply,436,18,6762,6733,0.051664735537633996,29,28106.973190938144,338.9999923580615,279.99999868479097,29332.216120948477,1.0435921335850336,255.00000368092688,36.99999875288908
Random matched local,Group_C3_dragon_100k_1.5x.ply,437,18,6762,6752,0.051810529385133634,10,28106.973190938144,139.99999934239548,241.00000101461168,45935.29583008822,1.6343024742663514,30.000000834826057,28.99999966863366
Random matched local,Group_C3_dragon_100k_1.5x.ply,438,18,6762,6742,0.051733795781186455,20,28106.973190938144,285.999992021567,85.99999783970858,38786.683200804655,1.3799665633619245,146.00000633954986,228.000006344678
Random matched local,Group_C3_dragon_100k_1.5x.ply,439,20,6762,6761,0.05187958962868609,1,28106.973190938144,226.00000401229323,247.99998868739095,39661.13949610182,1.4110782839074543,231.99999734906928,205.99999434882363
Random matched local,Group_C3_dragon_100k_1.5x.ply,440,20,6762,6757,0.05184889618710722,5,28106.973190938144,164.00000001025631,88.00000017209338,39866.12430288772,1.418371307079796,75.99999983816295,147.00000067555308
Random matched local,Group_C3_dragon_100k_1.5x.ply,441,17,6762,6760,0.05187191626829137,2,28106.973190938144,122.00000567168901,257.9999866889366,28224.373651930124,1.004176915820656,37.999999919081475,303.9999993526518
Random matched local,Group_C3_dragon_100k_1.5x.ply,442,17,6762,6760,0.05187191626829137,2,28106.973190938144,122.00000567168901,257.9999866889366,28224.373651930124,1.004176915820656,214.00000367836282,202.00000334443237
Random matched local,Group_C3_dragon_100k_1.5x.ply,443,17,6762,6723,0.05158800193368682,39,28106.973190938144,60.000001669652114,92.99999917286618,38083.56907742083,1.3549509162266962,250.9999990161573,9.000000250447817
Random matched local,Group_C3_dragon_100k_1.5x.ply,444,16,6762,6705,0.0514498814465819,57,28106.973190938144,130.99999567685308,257.9999866889366,28106.973190938144,1.0,47.000000169529294,312.000008682191
Random matched local,Group_C3_dragon_100k_1.5x.ply,445,21,6762,6753,0.05181820274552835,9,28106.973190938144,195.00000201127477,222.99999368352687,59527.334102914356,2.117884899897593,54.999999253784715,16.999999334703237
Random matched local,Group_C3_dragon_100k_1.5x.ply,446,18,6762,6738,0.051703102339607586,24,28106.973190938144,130.99999567685308,257.9999866889366,28106.973190938144,1.0,329.9999886925191,337.00000368605504
Random matched local,Group_C3_dragon_100k_1.5x.ply,447,17,6762,6756,0.0518412228267125,6,28106.973190938144,122.00000567168901,257.9999866889366,28224.373651930124,1.004176915820656,303.9999993526518,28.99999966863366
Random matched local,Group_C3_dragon_100k_1.5x.ply,448,18,6762,6755,0.05183354946631778,7,28106.973190938144,130.99999567685308,257.9999866889366,28106.973190938144,1.0,207.0000023452052,214.00000367836282
Random matched local,Group_C3_dragon_100k_1.5x.ply,449,19,6762,6747,0.051772162583160045,15,28106.973190938144,356.0000053531431,284.00000334956053,31023.165411200403,1.103753335531784,84.99999667351618,147.00000067555308
Random matched local,Group_C3_dragon_100k_1.5x.ply,450,16,6762,6758,0.05185656954750194,4,28106.973190938144,122.00000567168901,98.9999993398314,41683.34677199687,1.4830251015942133,168.99999901102913,169.99999334703236
Random matched local,Group_C3_dragon_100k_1.5x.ply,451,18,6762,6759,0.05186424290789666,3,28106.973190938144,244.00001134337802,85.99999783970858,38862.72887553065,1.3826721437248257,12.999999792575526,316.00001334696054
Random matched local,Group_C3_dragon_100k_1.5x.ply,452,18,6762,6750,0.05179518266434419,12,28106.973190938144,36.99999875288908,294.00000135110616,37728.35298018022,1.3423129101764706,269.0000063472421,357.99999402514953
Random matched local,Group_C3_dragon_100k_1.5x.ply,453,17,6762,6739,0.0517107757000023,23,28106.973190938144,54.0000015026869,318.9999963549702,57360.523003191985,2.040793315364365,144.9999983431683,205.0000000128204
Random matched local,Group_C3_dragon_100k_1.5x.ply,454,17,6762,6692,0.05135012776145057,70,28106.973190938144,63.99999950423253,95.00000150525098,38760.327110605795,1.379028856906668,19.99999941818584,163.0000056742531
Random matched local,Group_C3_dragon_100k_1.5x.ply,455,20,6762,6738,0.051703102339607586,24,28106.973190938144,352.99999502437674,285.999992021567,32492.964720923053,1.1560463839414405,357.99999402514953,310.9999870254311
Random matched local,Group_C3_dragon_100k_1.5x.ply,456,17,6762,6746,0.051764489222765324,16,28106.973190938144,192.99999967889,102.99999717441182,46784.692559360476,1.664522616559941,278.0000100127845,163.0000056742531
Random matched local,Group_C3_dragon_100k_1.5x.ply,457,19,6762,6753,0.05181820274552835,9,28106.973190938144,106.000000672989,259.0000083456965,33468.84546201091,1.1907666198935098,168.99999901102913,169.99999334703236
Random matched local,Group_C3_dragon_100k_1.5x.ply,458,18,6762,6729,0.05163404209605513,33,28106.973190938144,127.99999900846505,250.00000468015406,35195.75654967757,1.2522072836012414,221.99999934752364,183.00000167734436
Random matched local,Group_C3_dragon_100k_1.5x.ply,459,18,6762,6742,0.051733795781186455,20,28106.973190938144,195.00000201127477,257.9999866889366,32013.447816706885,1.1389859590796567,252.99998768816374,289.0000023503334
Random matched local,Group_C3_dragon_100k_1.5x.ply,460,17,6762,6734,0.05167240889802872,28,28106.973190938144,60.000001669652114,92.99999917286618,38083.56907742083,1.3549509162266962,199.00000667604436,123.99999434369548
Random matched local,Group_C3_dragon_100k_1.5x.ply,461,18,6762,6762,0.05188726298908081,0,28106.973190938144,127.99999900846505,250.00000468015406,35195.75654967757,1.2522072836012414,228.000006344678,154.0000020087107
Random matched local,Group_C3_dragon_100k_1.5x.ply,462,17,6762,6761,0.05187958962868609,1,28106.973190938144,154.0000020087107,250.9999990161573,34911.35668163457,1.2420888028202979,222.99999368352687,209.00000467759
Random matched local,Group_C3_dragon_100k_1.5x.ply,463,16,6762,6745,0.05175681586237061,17,28106.973190938144,336.0000093500518,293.00000701510294,38284.86923343879,1.3621128455689444,343.99999135883434,164.99999434625954
Random matched local,Group_C3_dragon_100k_1.5x.ply,464,18,6762,6726,0.05161102201487097,36,28106.973190938144,212.99999568198123,241.00000101461168,40526.295496412546,1.44185911521339,250.9999990161573,9.000000250447817
Random matched local,Group_C3_dragon_100k_1.5x.ply,465,17,6762,6743,0.051741469141581176,19,28106.973190938144,336.0000093500518,293.00000701510294,38284.86923343879,1.3621128455689444,207.0000023452052,214.00000367836282
Random matched local,Group_C3_dragon_100k_1.5x.ply,466,19,6762,6754,0.05182587610592307,8,28106.973190938144,130.99999567685308,257.9999866889366,28106.973190938144,1.0,176.99999468018999,178.99999701257477
Random matched local,Group_C3_dragon_100k_1.5x.ply,467,18,6762,6751,0.051802856024738914,11,28106.973190938144,127.99999900846505,250.00000468015406,35195.75654967757,1.2522072836012414,142.00000167478026,164.00000001025631
Random matched local,Group_C3_dragon_100k_1.5x.ply,468,17,6762,6730,0.05164171545644984,32,28106.973190938144,130.99999567685308,257.9999866889366,28106.973190938144,1.0,45.00000125223908,6.000000166965211
Random matched local,Group_C3_dragon_100k_1.5x.ply,469,18,6762,6732,0.051657062177239275,30,28106.973190938144,180.00000500895632,180.00000500895632,51572.117923705046,1.8348513578236239,185.99999834573237,178.00000267657154
Random matched local,Group_C3_dragon_100k_1.5x.ply,470,20,6762,6749,0.05178750930394948,13,28106.973190938144,328.99999435651586,285.999992021567,30851.007493074274,1.0976282392093655,123.00000000769225,214.00000367836282
Random matched local,Group_C3_dragon_100k_1.5x.ply,471,17,6762,6755,0.05183354946631778,7,28106.973190938144,12.999999792575526,283.0000090135573,32132.968429691537,1.1432383064303557,54.999999253784715,11.000000021511672
Random matched local,Group_C3_dragon_100k_1.5x.ply,472,18,6762,6729,0.05163404209605513,33,28106.973190938144,30.99999858592387,300.99998902388546,40508.09686834162,1.441211637879303,108.99999734137702,161.0000033418683
Random matched local,Group_C3_dragon_100k_1.5x.ply,473,17,6762,6762,0.05188726298908081,0,28106.973190938144,289.9999966863366,288.00000801433015,38003.220045862116,1.35209222948683,73.00000316977493,226.00000401229323
Random matched local,Group_C3_dragon_100k_1.5x.ply,474,17,6762,6742,0.051733795781186455,20,28106.973190938144,280.9999930207942,84.99999667351618,38980.960845947266,1.3868786432868183,31.999999752116263,6.000000166965211
Random matched local,Group_C3_dragon_100k_1.5x.ply,475,18,6762,6717,0.05154196177131851,45,28106.973190938144,226.00000401229323,247.99998868739095,39661.13949610182,1.4110782839074543,130.00000134084985,197.9999986796628
Random matched local,Group_C3_dragon_100k_1.5x.ply,476,19,6762,6748,0.05177983594355476,14,28106.973190938144,130.99999567685308,257.9999866889366,28106.973190938144,1.0,188.00000067811717,235.00000767783564
Random matched local,Group_C3_dragon_100k_1.5x.ply,477,18,6762,6742,0.051733795781186455,20,28106.973190938144,161.99999767787153,247.99998868739095,38159.630515358665,1.3576570574188171,161.99999767787153,176.00000034418676
Random matched local,Group_C3_dragon_100k_1.5x.ply,478,17,6762,6736,0.05168775561881815,26,28106.973190938144,210.99999334959645,237.99999068584532,40560.69870625646,1.4430831249852785,302.00001068064535,14.000000104994276
Random matched local,Group_C3_dragon_100k_1.5x.ply,479,23,6762,6737,0.051695428979212865,25,28106.973190938144,224.99999601591168,236.9999963498421,44867.444629511556,1.596310080232228,283.0000090135573,323.00000101973984
Random matched local,Group_C3_dragon_100k_1.5x.ply,480,17,6762,6730,0.05164171545644984,32,28106.973190938144,106.000000672989,259.0000083456965,33468.84546201091,1.1907666198935098,86.99999900590097,96.99999700744661
Random matched local,Group_C3_dragon_100k_1.5x.ply,481,18,6762,6757,0.05184889618710722,5,28106.973190938144,130.99999567685308,257.9999866889366,28106.973190938144,1.0,231.99999734906928,205.99999434882363
Random matched local,Group_C3_dragon_100k_1.5x.ply,482,19,6762,6762,0.05188726298908081,0,28106.973190938144,209.00000467759,252.99998768816374,33430.398988329674,1.189398757426781,39.99999883637168,59.00000050345972
Random matched local,Group_C3_dragon_100k_1.5x.ply,483,19,6762,6729,0.05163404209605513,33,28106.973190938144,60.000001669652114,92.99999917286618,38083.56907742083,1.3549509162266962,228.000006344678,154.0000020087107
Random matched local,Group_C3_dragon_100k_1.5x.ply,484,19,6762,6742,0.051733795781186455,20,28106.973190938144,338.9999923580615,279.99999868479097,29332.216120948477,1.0435921335850336,239.00001234260523,154.99999634471394
Random matched local,Group_C3_dragon_100k_1.5x.ply,485,17,6762,6747,0.051772162583160045,15,28106.973190938144,342.0000026868279,279.99999868479097,29793.853602133506,1.060016437904428,308.99999835342464,318.9999963549702
Random matched local,Group_C3_dragon_100k_1.5x.ply,486,18,6762,6761,0.05187958962868609,1,28106.973190938144,7.999999938029066,284.00000334956053,31528.888655102943,1.1217461389712373,97.999998173639,132.00000367323466
Random matched local,Group_C3_dragon_100k_1.5x.ply,487,18,6762,6746,0.051764489222765324,16,28106.973190938144,33.99999866940647,290.9999910223398,36106.7480292202,1.2846188660706175,290.9999910223398,166.99999667864435
Random matched local,Group_C3_dragon_100k_1.5x.ply,488,19,6762,6745,0.05175681586237061,17,28106.973190938144,210.99999334959645,229.00000068068124,47956.86075510072,1.7062264381624095,61.99999717184774,347.0000016876007
Random matched local,Group_C3_dragon_100k_1.5x.ply,489,18,6762,6726,0.05161102201487097,36,28106.973190938144,161.99999767787153,247.99998868739095,38159.630515358665,1.3576570574188171,284.00000334956053,11.000000021511672
Random matched local,Group_C3_dragon_100k_1.5x.ply,490,20,6762,6743,0.051741469141581176,19,28106.973190938144,308.0000040174214,283.0000090135573,28227.415951815517,1.0042851558600485,356.0000053531431,352.99999502437674
Random matched local,Group_C3_dragon_100k_1.5x.ply,491,18,6762,6734,0.05167240889802872,28,28106.973190938144,63.99999950423253,95.00000150525098,38760.327110605795,1.379028856906668,318.000002018967,9.99999970909292
Random matched local,Group_C3_dragon_100k_1.5x.ply,492,17,6762,6762,0.05188726298908081,0,28106.973190938144,336.0000093500518,293.00000701510294,38284.86923343879,1.3621128455689444,125.99999667608026,205.99999434882363
Random matched local,Group_C3_dragon_100k_1.5x.ply,493,17,6762,6757,0.05184889618710722,5,28106.973190938144,106.000000672989,259.0000083456965,33468.84546201091,1.1907666198935098,284.00000334956053,27.00000075134345
Random matched local,Group_C3_dragon_100k_1.5x.ply,494,17,6762,6727,0.05161869537526569,35,28106.973190938144,45.00000125223908,292.0000126790997,38716.82064592346,1.3774809682604312,90.99999684048139,224.00000167990842
Random matched local,Group_C3_dragon_100k_1.5x.ply,495,17,6762,6737,0.051695428979212865,25,28106.973190938144,139.99999934239548,241.00000101461168,45935.29583008822,1.6343024742663514,130.99999567685308,231.00000301306605
Random matched local,Group_C3_dragon_100k_1.5x.ply,496,17,6762,6752,0.051810529385133634,10,28106.973190938144,356.0000053531431,284.00000334956053,31023.165411200403,1.103753335531784,39.00000108527387,300.99998902388546
Random matched local,Group_C3_dragon_100k_1.5x.ply,497,19,6762,6744,0.05174914250197589,18,28106.973190938144,338.9999923580615,279.99999868479097,29332.216120948477,1.0435921335850336,268.0000120112389,73.00000316977493
Random matched local,Group_C3_dragon_100k_1.5x.ply,498,19,6762,6739,0.0517107757000023,23,28106.973190938144,144.9999983431683,251.99999335216052,32609.963220013076,1.1602089986169952,39.99999883637168,59.00000050345972
Random matched local,Group_C3_dragon_100k_1.5x.ply,499,17,6762,6759,0.05186424290789666,3,28106.973190938144,197.9999986796628,244.00001134337802,41284.371998684466,1.4688302336302363,309.99999268942787,352.0000006883735
Uniform matched local,Group_C4_happy_50k_0.75x.ply,0,14,5724,5714,0.0438455812954167,10,8512.6398023495,342.9999970228311,30.99999858592387,9120.318515241639,1.0713854605623532,0.0,356.0000053531431
Random matched local,Group_C4_happy_50k_0.75x.ply,0,17,5724,5723,0.04391464153896916,1,8512.6398023495,346.00000735159745,31.999999752116263,8512.6398023495,1.0,62.99999833804013,195.999996347278
Random matched local,Group_C4_happy_50k_0.75x.ply,1,17,5724,5718,0.043876274736995576,6,8512.6398023495,164.00000001025631,151.00000534032267,8826.155307864354,1.0368294104759752,88.00000017209338,214.00000367836282
Random matched local,Group_C4_happy_50k_0.75x.ply,2,14,5724,5660,0.04343121983410195,64,8512.6398023495,166.99999667864435,149.0000030079379,8924.279331175749,1.0483562723648467,204.00000567681718,175.00000600818353
Random matched local,Group_C4_happy_50k_0.75x.ply,3,16,5724,5720,0.04389162145778501,4,8512.6398023495,178.00000267657154,146.00000633954986,10112.519106589072,1.1879416187441647,75.99999983816295,327.0000056845094
Random matched local,Group_C4_happy_50k_0.75x.ply,4,14,5724,5699,0.04373048088949594,25,8512.6398023495,142.00000167478026,185.00000400972914,10599.66343493501,1.245167619098542,74.99999867197056,237.99999068584532
Random matched local,Group_C4_happy_50k_0.75x.ply,5,15,5724,5701,0.04374582761028537,23,8512.6398023495,164.00000001025631,151.00000534032267,8826.155307864354,1.0368294104759752,90.00000250447816,149.0000030079379
Random matched local,Group_C4_happy_50k_0.75x.ply,6,15,5724,5709,0.04380721449344312,15,8512.6398023495,358.99998836115276,33.99999866940647,9895.76016575837,1.1624784315468306,127.99999900846505,336.0000093500518
Random matched local,Group_C4_happy_50k_0.75x.ply,7,15,5724,5708,0.043799541133048396,16,8512.6398023495,352.0000006883735,39.99999883637168,8892.721381069216,1.044649085071685,89.00000133828577,159.99999534548672
Random matched local,Group_C4_happy_50k_0.75x.ply,8,14,5724,5701,0.04374582761028537,23,8512.6398023495,358.99998836115276,33.99999866940647,9895.76016575837,1.1624784315468306,199.00000667604436,217.00000034675082
Random matched local,Group_C4_happy_50k_0.75x.ply,9,14,5724,5684,0.043615380483575175,40,8512.6398023495,144.00000400716507,149.99999734394112,11721.219898255404,1.3769195185517342,3.0000000834826057,247.99998868739095
Random matched local,Group_C4_happy_50k_0.75x.ply,10,15,5724,5702,0.04375350097068009,22,8512.6398023495,166.99999667864435,149.0000030079379,8924.279331175749,1.0483562723648467,252.99998768816374,326.0000113485062
Random matched local,Group_C4_happy_50k_0.75x.ply,11,15,5724,5716,0.043860928016206134,8,8512.6398023495,328.00000002051263,3.999999969014533,10339.027593943698,1.2145501083095414,19.99999941818584,27.00000075134345
Random matched local,Group_C4_happy_50k_0.75x.ply,12,15,5724,5657,0.04340819975291779,67,8512.6398023495,341.00000835082466,25.999999585151052,9953.831838182181,1.169300248723658,270.00000068324533,347.9999960236039
Random matched local,Group_C4_happy_50k_0.75x.ply,13,15,5724,5687,0.04363840056475932,37,8512.6398023495,159.0000010094835,149.99999734394112,9335.83807354131,1.0967030545524323,152.99999401232913,159.99999534548672
Random matched local,Group_C4_happy_50k_0.75x.ply,14,15,5724,5710,0.04381488785383783,14,8512.6398023495,323.99999535574307,9.99999970909292,10246.50739244193,1.203681540667782,65.00000067042492,219.99999701513886
Random matched local,Group_C4_happy_50k_0.75x.ply,15,15,5724,5713,0.043837907935021986,11,8512.6398023495,351.0000063523703,327.0000056845094,9841.384966511372,1.1560908478466498,1.9999999845072665,295.9999900231126
Random matched local,Group_C4_happy_50k_0.75x.ply,16,14,5724,5714,0.0438455812954167,10,8512.6398023495,164.00000001025631,151.00000534032267,8826.155307864354,1.0368294104759752,187.00000634211395,231.00000301306605
Random matched local,Group_C4_happy_50k_0.75x.ply,17,16,5724,5707,0.043791867772653675,17,8512.6398023495,351.0000063523703,327.0000056845094,9841.384966511372,1.1560908478466498,342.9999970228311,318.9999963549702
Random matched local,Group_C4_happy_50k_0.75x.ply,18,16,5724,5706,0.04378419441225896,18,8512.6398023495,318.9999963549702,343.99999135883434,11805.938295096405,1.3868715896845476,257.9999866889366,65.00000067042492
Random matched local,Group_C4_happy_50k_0.75x.ply,19,14,5724,5720,0.04389162145778501,4,8512.6398023495,159.0000010094835,149.99999734394112,9335.83807354131,1.0967030545524323,246.99999435138773,200.99999534805082
Random matched local,Group_C4_happy_50k_0.75x.ply,20,14,5724,5682,0.043600033762785734,42,8512.6398023495,317.00000768296377,353.99998936037997,10570.388194943262,1.2417285871799508,61.99999717184774,347.0000016876007
Random matched local,Group_C4_happy_50k_0.75x.ply,21,14,5724,5701,0.04374582761028537,23,8512.6398023495,166.00000234264112,140.9999936783987,9670.834895993066,1.1360559263090049,33.000000918308665,329.9999886925191
Random matched local,Group_C4_happy_50k_0.75x.ply,22,16,5724,5711,0.04382256121423255,13,8512.6398023495,351.0000063523703,327.0000056845094,9841.384966511372,1.1560908478466498,252.99998768816374,329.9999886925191
Random matched local,Group_C4_happy_50k_0.75x.ply,23,17,5724,5722,0.043906968178574445,2,8512.6398023495,159.0000010094835,149.99999734394112,9335.83807354131,1.0967030545524323,109.99999850756943,360.00001001791264
Random matched local,Group_C4_happy_50k_0.75x.ply,24,14,5724,5703,0.043761174331074806,21,8512.6398023495,142.9999960107835,204.00000567681718,12553.576595527082,1.4746984351507832,230.00000867706282,169.99999334703236
Random matched local,Group_C4_happy_50k_0.75x.ply,25,16,5724,5669,0.043500280077654406,55,8512.6398023495,178.00000267657154,226.00000401229323,14443.21624503648,1.6966788893205762,100.0000005060238,324.9999896917463
Random matched local,Group_C4_happy_50k_0.75x.ply,26,16,5724,5712,0.043830234574627265,12,8512.6398023495,171.00000134341394,212.99999568198123,10081.265583511227,1.1842701932165371,15.999999876058132,39.00000108527387
Random matched local,Group_C4_happy_50k_0.75x.ply,27,17,5724,5695,0.04369978744791707,29,8512.6398023495,318.9999963549702,343.99999135883434,11805.938295096405,1.3868715896845476,222.99999368352687,209.00000467759
Random matched local,Group_C4_happy_50k_0.75x.ply,28,14,5724,5721,0.043899294818179724,3,8512.6398023495,317.00000768296377,353.99998936037997,10570.388194943262,1.2417285871799508,19.99999941818584,27.00000075134345
Random matched local,Group_C4_happy_50k_0.75x.ply,29,15,5724,5712,0.043830234574627265,12,8512.6398023495,327.0000056845094,7.000000052497138,10049.906643954191,1.1805863841649218,252.99998768816374,329.9999886925191
Random matched local,Group_C4_happy_50k_0.75x.ply,30,15,5724,5723,0.04391464153896916,1,8512.6398023495,274.0000053480149,82.00000000512816,14149.066830469557,1.6621244595083648,289.9999966863366,217.99999468275405
Random matched local,Group_C4_happy_50k_0.75x.ply,31,15,5724,5723,0.04391464153896916,1,8512.6398023495,351.0000063523703,327.0000056845094,9841.384966511372,1.1560908478466498,217.99999468275405,293.00000701510294
Random matched local,Group_C4_happy_50k_0.75x.ply,32,14,5724,5724,0.04392231489936388,0,8512.6398023495,169.99999334703236,144.9999983431683,9378.07855527263,1.1016651441876193,173.99999801180195,120.00000333930423
Random matched local,Group_C4_happy_50k_0.75x.ply,33,14,5724,5662,0.04344656655489138,62,8512.6398023495,144.9999983431683,185.99999834573237,11205.863361516274,1.3163793631234626,204.00000567681718,125.99999667608026
Random matched local,Group_C4_happy_50k_0.75x.ply,34,16,5724,5714,0.0438455812954167,10,8512.6398023495,351.0000063523703,327.0000056845094,9841.384966511372,1.1560908478466498,205.99999434882363,142.00000167478026
Random matched local,Group_C4_happy_50k_0.75x.ply,35,16,5724,5724,0.04392231489936388,0,8512.6398023495,142.00000167478026,185.00000400972914,10599.66343493501,1.245167619098542,288.00000801433015,209.99999901359323
Random matched local,Group_C4_happy_50k_0.75x.ply,36,14,5724,5701,0.04374582761028537,23,8512.6398023495,351.0000063523703,327.0000056845094,9841.384966511372,1.1560908478466498,205.0000000128204,72.00000200358254
Random matched local,Group_C4_happy_50k_0.75x.ply,37,15,5724,5710,0.04381488785383783,14,8512.6398023495,351.0000063523703,41.00000000256408,9757.436011448379,1.1462291648655583,219.00000267913563,147.00000067555308
Random matched local,Group_C4_happy_50k_0.75x.ply,38,17,5724,5723,0.04391464153896916,1,8512.6398023495,178.00000267657154,146.00000633954986,10112.519106589072,1.1879416187441647,54.999999253784715,224.99999601591168
Random matched local,Group_C4_happy_50k_0.75x.ply,39,16,5724,5722,0.043906968178574445,2,8512.6398023495,164.00000001025631,151.00000534032267,8826.155307864354,1.0368294104759752,195.999996347278,180.00000500895632
Random matched local,Group_C4_happy_50k_0.75x.ply,40,16,5724,5712,0.043830234574627265,12,8512.6398023495,351.0000063523703,30.99999858592387,9864.753928066286,1.1588360552203325,195.00000201127477,205.99999434882363
Random matched local,Group_C4_happy_50k_0.75x.ply,41,14,5724,5720,0.04389162145778501,4,8512.6398023495,317.00000768296377,353.99998936037997,10570.388194943262,1.2417285871799508,54.999999253784715,11.000000021511672
Random matched local,Group_C4_happy_50k_0.75x.ply,42,14,5724,5717,0.043868601376600855,7,8512.6398023495,341.00000835082466,25.999999585151052,9953.831838182181,1.169300248723658,292.0000126790997,185.99999834573237
Random matched local,Group_C4_happy_50k_0.75x.ply,43,15,5724,5711,0.04382256121423255,13,8512.6398023495,358.99998836115276,33.99999866940647,9895.76016575837,1.1624784315468306,304.999993688655,197.9999986796628
Random matched local,Group_C4_happy_50k_0.75x.ply,44,17,5724,5717,0.043868601376600855,7,8512.6398023495,149.99999734394112,156.99999867709872,10175.144376833578,1.1952983578637058,348.9999903596071,288.00000801433015
Random matched local,Group_C4_happy_50k_0.75x.ply,45,16,5724,5716,0.043860928016206134,8,8512.6398023495,352.0000006883735,39.99999883637168,8892.721381069216,1.044649085071685,260.0000026816997,224.99999601591168
Random matched local,Group_C4_happy_50k_0.75x.ply,46,16,5724,5697,0.0437151341687065,27,8512.6398023495,341.00000835082466,25.00000012650595,10505.588586665383,1.2341164234114341,304.999993688655,171.00000134341394
Random matched local,Group_C4_happy_50k_0.75x.ply,47,15,5724,5693,0.043684440727127634,31,8512.6398023495,346.00000735159745,31.999999752116263,8512.6398023495,1.0,351.0000063523703,39.00000108527387
Random matched local,Group_C4_happy_50k_0.75x.ply,48,15,5724,5724,0.04392231489936388,0,8512.6398023495,327.0000056845094,7.000000052497138,10049.906643954191,1.1805863841649218,51.999999170302104,319.99999069097345
Random matched local,Group_C4_happy_50k_0.75x.ply,49,15,5724,5701,0.04374582761028537,23,8512.6398023495,166.99999667864435,149.0000030079379,8924.279331175749,1.0483562723648467,358.99998836115276,101.00000167221619
Random matched local,Group_C4_happy_50k_0.75x.ply,50,14,5724,5696,0.04370746080831178,28,8512.6398023495,171.00000134341394,212.99999568198123,10081.265583511227,1.1842701932165371,207.0000023452052,151.00000534032267
Random matched local,Group_C4_happy_50k_0.75x.ply,51,17,5724,5717,0.043868601376600855,7,8512.6398023495,151.9999996763259,168.0000046750259,11967.739783042718,1.405878794465097,117.0000066709162,51.000001419204295
Random matched local,Group_C4_happy_50k_0.75x.ply,52,14,5724,5709,0.04380721449344312,15,8512.6398023495,346.00000735159745,31.999999752116263,8512.6398023495,1.0,3.0000000834826057,247.99998868739095
Random matched local,Group_C4_happy_50k_0.75x.ply,53,14,5724,5702,0.04375350097068009,22,8512.6398023495,351.0000063523703,41.00000000256408,9757.436011448379,1.1462291648655583,347.9999960236039,6.000000166965211
Random matched local,Group_C4_happy_50k_0.75x.ply,54,16,5724,5687,0.04363840056475932,37,8512.6398023495,166.99999667864435,149.0000030079379,8924.279331175749,1.0483562723648467,67.99999733881295,312.000008682191
Random matched local,Group_C4_happy_50k_0.75x.ply,55,14,5724,5717,0.043868601376600855,7,8512.6398023495,166.99999667864435,144.9999983431683,8967.041969299316,1.0533797009506265,353.99998936037997,350.00001201636707
Random matched local,Group_C4_happy_50k_0.75x.ply,56,15,5724,5707,0.043791867772653675,17,8512.6398023495,346.00000735159745,31.999999752116263,8512.6398023495,1.0,102.99999717441182,48.00000133572169
Random matched local,Group_C4_happy_50k_0.75x.ply,57,15,5724,5716,0.043860928016206134,8,8512.6398023495,351.0000063523703,327.0000056845094,9841.384966511372,1.1560908478466498,352.99999502437674,313.0000030181942
Random matched local,Group_C4_happy_50k_0.75x.ply,58,14,5724,5703,0.043761174331074806,21,8512.6398023495,178.00000267657154,146.00000633954986,10112.519106589072,1.1879416187441647,100.0000005060238,345.0000130155942
Random matched local,Group_C4_happy_50k_0.75x.ply,59,14,5724,5713,0.043837907935021986,11,8512.6398023495,351.0000063523703,327.0000056845094,9841.384966511372,1.1560908478466498,188.00000067811717,235.00000767783564
Random matched local,Group_C4_happy_50k_0.75x.ply,60,14,5724,5666,0.04347725999647025,58,8512.6398023495,351.0000063523703,30.99999858592387,9864.753928066286,1.1588360552203325,140.9999936783987,106.000000672989
Random matched local,Group_C4_happy_50k_0.75x.ply,61,15,5724,5701,0.04374582761028537,23,8512.6398023495,139.99999934239548,192.00000534288677,11059.982717529801,1.2992424176666362,134.00000600561944,214.00000367836282
Random matched local,Group_C4_happy_50k_0.75x.ply,62,15,5724,5711,0.04382256121423255,13,8512.6398023495,139.99999934239548,168.0000046750259,10286.708508641266,1.2084040611940519,132.99999800923788,164.00000001025631
Random matched local,Group_C4_happy_50k_0.75x.ply,63,17,5724,5713,0.043837907935021986,11,8512.6398023495,166.00000234264112,140.9999936783987,9670.834895993066,1.1360559263090049,68.99999850500534,183.99999601334758
Random matched local,Group_C4_happy_50k_0.75x.ply,64,14,5724,5706,0.04378419441225896,18,8512.6398023495,347.0000016876007,328.00000002051263,10545.421237787925,1.238795659470682,54.999999253784715,122.00000567168901
Random matched local,Group_C4_happy_50k_0.75x.ply,65,15,5724,5664,0.043461913275680816,60,8512.6398023495,351.0000063523703,327.0000056845094,9841.384966511372,1.1560908478466498,352.0000006883735,324.9999896917463
Random matched local,Group_C4_happy_50k_0.75x.ply,66,17,5724,5707,0.043791867772653675,17,8512.6398023495,7.000000052497138,34.99999983559887,10479.721156033602,1.2310777149458603,77.00000100435535,314.99999169020066
Random matched local,Group_C4_happy_50k_0.75x.ply,67,15,5724,5710,0.04381488785383783,14,8512.6398023495,164.00000001025631,151.00000534032267,8826.155307864354,1.0368294104759752,168.99999901102913,140.9999936783987
Random matched local,Group_C4_happy_50k_0.75x.ply,68,14,5724,5690,0.04366142064594348,34,8512.6398023495,156.0000043410955,219.99999701513886,13832.85680093056,1.624978516900559,173.99999801180195,120.00000333930423
Random matched local,Group_C4_happy_50k_0.75x.ply,69,16,5724,5687,0.04363840056475932,37,8512.6398023495,139.99999934239548,192.00000534288677,11059.982717529801,1.2992424176666362,323.00000101973984,54.0000015026869
Random matched local,Group_C4_happy_50k_0.75x.ply,70,15,5724,5706,0.04378419441225896,18,8512.6398023495,166.00000234264112,140.9999936783987,9670.834895993066,1.1360559263090049,79.99999767274336,109.99999850756943
Random matched local,Group_C4_happy_50k_0.75x.ply,71,15,5724,5676,0.04355399360041743,48,8512.6398023495,159.0000010094835,149.99999734394112,9335.83807354131,1.0967030545524323,115.00000433853141,6.000000166965211
Random matched local,Group_C4_happy_50k_0.75x.ply,72,15,5724,5691,0.04366909400633819,33,8512.6398023495,7.000000052497138,34.99999983559887,10479.721156033602,1.2310777149458603,205.0000000128204,169.99999334703236
Random matched local,Group_C4_happy_50k_0.75x.ply,73,14,5724,5683,0.043607707123180454,41,8512.6398023495,149.99999734394112,156.99999867709872,10175.144376833578,1.1952983578637058,166.99999667864435,190.99999734650518
Random matched local,Group_C4_happy_50k_0.75x.ply,74,16,5724,5716,0.043860928016206134,8,8512.6398023495,176.99999468018999,137.99999701001067,9770.038699315599,1.147709632518347,144.00000400716507,173.00000367579872
Random matched local,Group_C4_happy_50k_0.75x.ply,75,14,5724,5710,0.04381488785383783,14,8512.6398023495,346.00000735159745,31.999999752116263,8512.6398023495,1.0,79.99999767274336,109.99999850756943
Random matched local,Group_C4_happy_50k_0.75x.ply,76,16,5724,5704,0.04376884769146953,20,8512.6398023495,168.99999901102913,209.99999901359323,11162.694820687791,1.311308252183638,299.000000351879,229.00000068068124
Random matched local,Group_C4_happy_50k_0.75x.ply,77,15,5724,5724,0.04392231489936388,0,8512.6398023495,159.0000010094835,149.99999734394112,9335.83807354131,1.0967030545524323,100.0000005060238,345.0000130155942
Random matched local,Group_C4_happy_50k_0.75x.ply,78,15,5724,5722,0.043906968178574445,2,8512.6398023495,164.00000001025631,151.00000534032267,8826.155307864354,1.0368294104759752,327.0000056845094,348.9999903596071
Random matched local,Group_C4_happy_50k_0.75x.ply,79,15,5724,5672,0.04352330015883856,52,8512.6398023495,352.0000006883735,39.99999883637168,8892.721381069216,1.044649085071685,117.0000066709162,312.000008682191
Random matched local,Group_C4_happy_50k_0.75x.ply,80,15,5724,5721,0.043899294818179724,3,8512.6398023495,144.9999983431683,185.99999834573237,11205.863361516274,1.3163793631234626,82.00000000512816,187.00000634211395
Random matched local,Group_C4_happy_50k_0.75x.ply,81,16,5724,5672,0.04352330015883856,52,8512.6398023495,346.00000735159745,31.999999752116263,8512.6398023495,1.0,73.00000316977493,190.99999734650518
Random matched local,Group_C4_happy_50k_0.75x.ply,82,16,5724,5722,0.043906968178574445,2,8512.6398023495,159.0000010094835,149.99999734394112,9335.83807354131,1.0967030545524323,161.99999767787153,231.00000301306605
Random matched local,Group_C4_happy_50k_0.75x.ply,83,16,5724,5711,0.04382256121423255,13,8512.6398023495,166.99999667864435,149.0000030079379,8924.279331175749,1.0483562723648467,48.00000133572169,15.999999876058132
Random matched local,Group_C4_happy_50k_0.75x.ply,84,17,5724,5721,0.043899294818179724,3,8512.6398023495,151.9999996763259,168.0000046750259,11967.739783042718,1.405878794465097,327.0000056845094,328.99999435651586
Random matched local,Group_C4_happy_50k_0.75x.ply,85,16,5724,5724,0.04392231489936388,0,8512.6398023495,351.0000063523703,327.0000056845094,9841.384966511372,1.1560908478466498,231.99999734906928,205.99999434882363
Random matched local,Group_C4_happy_50k_0.75x.ply,86,17,5724,5701,0.04374582761028537,23,8512.6398023495,358.99998836115276,39.00000108527387,9698.28160341121,1.1392801561666535,329.9999886925191,337.00000368605504
Random matched local,Group_C4_happy_50k_0.75x.ply,87,17,5724,5694,0.04369211408752235,30,8512.6398023495,346.00000735159745,31.999999752116263,8512.6398023495,1.0,168.0000046750259,181.99999368096277
Random matched local,Group_C4_happy_50k_0.75x.ply,88,15,5724,5697,0.0437151341687065,27,8512.6398023495,166.99999667864435,149.0000030079379,8924.279331175749,1.0483562723648467,185.99999834573237,125.99999667608026
Random matched local,Group_C4_happy_50k_0.75x.ply,89,15,5724,5710,0.04381488785383783,14,8512.6398023495,323.00000101973984,338.9999923580615,12131.099858559854,1.4250690902264715,300.99998902388546,60.000001669652114
Random matched local,Group_C4_happy_50k_0.75x.ply,90,16,5724,5715,0.04385325465581142,9,8512.6398023495,144.9999983431683,185.99999834573237,11205.863361516274,1.3163793631234626,329.9999886925191,337.00000368605504
Random matched local,Group_C4_happy_50k_0.75x.ply,91,15,5724,5704,0.04376884769146953,20,8512.6398023495,358.99998836115276,33.99999866940647,9895.76016575837,1.1624784315468306,321.0000123477334,25.00000012650595
Random matched local,Group_C4_happy_50k_0.75x.ply,92,14,5724,5682,0.043600033762785734,42,8512.6398023495,178.00000267657154,146.00000633954986,10112.519106589072,1.1879416187441647,284.00000334956053,207.0000023452052
Random matched local,Group_C4_happy_50k_0.75x.ply,93,17,5724,5719,0.04388394809739029,5,8512.6398023495,7.000000052497138,34.99999983559887,10479.721156033602,1.2310777149458603,205.99999434882363,142.00000167478026
Random matched local,Group_C4_happy_50k_0.75x.ply,94,17,5724,5706,0.04378419441225896,18,8512.6398023495,327.0000056845094,7.000000052497138,10049.906643954191,1.1805863841649218,127.00000467246183,352.99999502437674
Random matched local,Group_C4_happy_50k_0.75x.ply,95,15,5724,5712,0.043830234574627265,12,8512.6398023495,190.99999734650518,214.00000367836282,14840.175297634662,1.7433106113028243,298.0000060158758,202.00000334443237
Random matched local,Group_C4_happy_50k_0.75x.ply,96,15,5724,5710,0.04381488785383783,14,8512.6398023495,166.99999667864435,149.0000030079379,8924.279331175749,1.0483562723648467,168.99999901102913,140.9999936783987
Random matched local,Group_C4_happy_50k_0.75x.ply,97,15,5724,5719,0.04388394809739029,5,8512.6398023495,166.99999667864435,149.0000030079379,8924.279331175749,1.0483562723648467,62.99999833804013,231.99999734906928
Random matched local,Group_C4_happy_50k_0.75x.ply,98,15,5724,5712,0.043830234574627265,12,8512.6398023495,166.99999667864435,149.0000030079379,8924.279331175749,1.0483562723648467,15.999999876058132,324.9999896917463
Random matched local,Group_C4_happy_50k_0.75x.ply,99,15,5724,5691,0.04366909400633819,33,8512.6398023495,351.0000063523703,327.0000056845094,9841.384966511372,1.1560908478466498,304.999993688655,197.9999986796628
Random matched local,Group_C4_happy_50k_0.75x.ply,100,18,5724,5714,0.0438455812954167,10,8512.6398023495,358.99998836115276,33.99999866940647,9895.76016575837,1.1624784315468306,24.000000667860846,339.9999866940647
Random matched local,Group_C4_happy_50k_0.75x.ply,101,17,5724,5724,0.04392231489936388,0,8512.6398023495,351.0000063523703,327.0000056845094,9841.384966511372,1.1560908478466498,30.000000834826057,28.99999966863366
Random matched local,Group_C4_happy_50k_0.75x.ply,102,18,5724,5712,0.043830234574627265,12,8512.6398023495,351.0000063523703,30.99999858592387,9864.753928066286,1.1588360552203325,305.99998802465825,154.0000020087107
Random matched local,Group_C4_happy_50k_0.75x.ply,103,14,5724,5681,0.04359236040239102,43,8512.6398023495,166.99999667864435,149.0000030079379,8924.279331175749,1.0483562723648467,202.9999976804356,159.99999534548672
Random matched local,Group_C4_happy_50k_0.75x.ply,104,16,5724,5709,0.04380721449344312,15,8512.6398023495,351.0000063523703,322.0000066837366,11102.660628389722,1.3042558931396782,135.00000034162267,114.000003172339
Random matched local,Group_C4_happy_50k_0.75x.ply,105,16,5724,5680,0.0435846870419963,44,8512.6398023495,348.9999903596071,30.99999858592387,8607.962899956821,1.0111978304991844,132.99999800923788,164.00000001025631
Random matched local,Group_C4_happy_50k_0.75x.ply,106,14,5724,5723,0.04391464153896916,1,8512.6398023495,352.0000006883735,39.99999883637168,8892.721381069216,1.044649085071685,132.99999800923788,178.99999701257477
Random matched local,Group_C4_happy_50k_0.75x.ply,107,16,5724,5699,0.04373048088949594,25,8512.6398023495,168.99999901102913,209.99999901359323,11162.694820687791,1.311308252183638,132.99999800923788,247.99998868739095
Random matched local,Group_C4_happy_50k_0.75x.ply,108,15,5724,5697,0.0437151341687065,27,8512.6398023495,144.9999983431683,185.99999834573237,11205.863361516274,1.3163793631234626,134.00000600561944,214.00000367836282
Random matched local,Group_C4_happy_50k_0.75x.ply,109,14,5724,5714,0.0438455812954167,10,8512.6398023495,164.00000001025631,151.00000534032267,8826.155307864354,1.0368294104759752,236.00000201383887,158.00000667348027
Random matched local,Group_C4_happy_50k_0.75x.ply,110,16,5724,5716,0.043860928016206134,8,8512.6398023495,159.0000010094835,135.9999946776259,11535.186412905858,1.355065723528221,242.99998968661814,327.0000056845094
Random matched local,Group_C4_happy_50k_0.75x.ply,111,15,5724,5707,0.043791867772653675,17,8512.6398023495,3.999999969014533,39.99999883637168,10337.640431301654,1.2143871550219298,161.99999767787153,241.00000101461168
Random matched local,Group_C4_happy_50k_0.75x.ply,112,16,5724,5724,0.04392231489936388,0,8512.6398023495,166.99999667864435,149.0000030079379,8924.279331175749,1.0483562723648467,33.99999866940647,115.99999867453464
Random matched local,Group_C4_happy_50k_0.75x.ply,113,14,5724,5720,0.04389162145778501,4,8512.6398023495,358.99998836115276,33.99999866940647,9895.76016575837,1.1624784315468306,113.00000200614662,348.9999903596071
Random matched local,Group_C4_happy_50k_0.75x.ply,114,16,5724,5722,0.043906968178574445,2,8512.6398023495,328.00000002051263,3.999999969014533,10339.027593943698,1.2145501083095414,197.00000434365958,77.00000100435535
Random matched local,Group_C4_happy_50k_0.75x.ply,115,16,5724,5705,0.04377652105186424,19,8512.6398023495,164.00000001025631,151.00000534032267,8826.155307864354,1.0368294104759752,28.99999966863366,345.0000130155942
Random matched local,Group_C4_happy_50k_0.75x.ply,116,17,5724,5700,0.04373815424989065,24,8512.6398023495,348.9999903596071,30.99999858592387,8607.962899956821,1.0111978304991844,298.0000060158758,192.00000534288677
Random matched local,Group_C4_happy_50k_0.75x.ply,117,14,5724,5691,0.04366909400633819,33,8512.6398023495,323.99999535574307,9.99999970909292,10246.50739244193,1.203681540667782,147.9999950115563,135.00000034162267
Random matched local,Group_C4_happy_50k_0.75x.ply,118,18,5724,5723,0.04391464153896916,1,8512.6398023495,356.0000053531431,45.00000125223908,10221.756194248672,1.2007739586758333,347.9999960236039,54.999999253784715
Random matched local,Group_C4_happy_50k_0.75x.ply,119,14,5724,5714,0.0438455812954167,10,8512.6398023495,139.99999934239548,168.0000046750259,10286.708508641266,1.2084040611940519,219.99999701513886,226.99999834829646
Random matched local,Group_C4_happy_50k_0.75x.ply,120,15,5724,5713,0.043837907935021986,11,8512.6398023495,346.00000735159745,31.999999752116263,8512.6398023495,1.0,358.99998836115276,101.00000167221619
Random matched local,Group_C4_happy_50k_0.75x.ply,121,15,5724,5683,0.043607707123180454,41,8512.6398023495,164.00000001025631,151.00000534032267,8826.155307864354,1.0368294104759752,239.00001234260523,154.99999634471394
Random matched local,Group_C4_happy_50k_0.75x.ply,122,15,5724,5712,0.043830234574627265,12,8512.6398023495,166.00000234264112,140.9999936783987,9670.834895993066,1.1360559263090049,239.00001234260523,290.9999910223398
Random matched local,Group_C4_happy_50k_0.75x.ply,123,14,5724,5708,0.043799541133048396,16,8512.6398023495,357.99999402514953,39.00000108527387,9594.201056425236,1.1270535673055524,54.999999253784715,122.00000567168901
Random matched local,Group_C4_happy_50k_0.75x.ply,124,14,5724,5679,0.043577013681601585,45,8512.6398023495,327.0000056845094,7.000000052497138,10049.906643954191,1.1805863841649218,100.0000005060238,324.9999896917463
Random matched local,Group_C4_happy_50k_0.75x.ply,125,14,5724,5659,0.043423546473707234,65,8512.6398023495,346.00000735159745,31.999999752116263,8512.6398023495,1.0,299.99999468788224,144.00000400716507
Random matched local,Group_C4_happy_50k_0.75x.ply,126,17,5724,5714,0.0438455812954167,10,8512.6398023495,346.00000735159745,31.999999752116263,8512.6398023495,1.0,56.000000419977106,231.00000301306605
Random matched local,Group_C4_happy_50k_0.75x.ply,127,15,5724,5717,0.043868601376600855,7,8512.6398023495,346.00000735159745,31.999999752116263,8512.6398023495,1.0,348.9999903596071,30.000000834826057
Random matched local,Group_C4_happy_50k_0.75x.ply,128,16,5724,5710,0.04381488785383783,14,8512.6398023495,328.00000002051263,3.999999969014533,10339.027593943698,1.2145501083095414,246.99999435138773,200.99999534805082
Random matched local,Group_C4_happy_50k_0.75x.ply,129,15,5724,5653,0.04337750631133892,71,8512.6398023495,323.00000101973984,25.00000012650595,11571.099935484326,1.3592845702564187,313.0000030181942,33.000000918308665
Random matched local,Group_C4_happy_50k_0.75x.ply,130,17,5724,5720,0.04389162145778501,4,8512.6398023495,166.99999667864435,149.0000030079379,8924.279331175749,1.0483562723648467,12.999999792575526,47.000000169529294
Random matched local,Group_C4_happy_50k_0.75x.ply,131,15,5724,5717,0.043868601376600855,7,8512.6398023495,166.99999667864435,149.0000030079379,8924.279331175749,1.0483562723648467,205.0000000128204,169.99999334703236
Random matched local,Group_C4_happy_50k_0.75x.ply,132,15,5724,5717,0.043868601376600855,7,8512.6398023495,166.00000234264112,140.9999936783987,9670.834895993066,1.1360559263090049,89.00000133828577,159.99999534548672
Random matched local,Group_C4_happy_50k_0.75x.ply,133,14,5724,5723,0.04391464153896916,1,8512.6398023495,351.0000063523703,327.0000056845094,9841.384966511372,1.1560908478466498,299.99999468788224,137.99999701001067
Random matched local,Group_C4_happy_50k_0.75x.ply,134,18,5724,5719,0.04388394809739029,5,8512.6398023495,351.0000063523703,327.0000056845094,9841.384966511372,1.1560908478466498,56.000000419977106,231.00000301306605
Random matched local,Group_C4_happy_50k_0.75x.ply,135,16,5724,5695,0.04369978744791707,29,8512.6398023495,159.0000010094835,149.99999734394112,9335.83807354131,1.0967030545524323,298.0000060158758,192.00000534288677
Random matched local,Group_C4_happy_50k_0.75x.ply,136,15,5724,5712,0.043830234574627265,12,8512.6398023495,346.00000735159745,31.999999752116263,8512.6398023495,1.0,161.99999767787153,231.00000301306605
Random matched local,Group_C4_happy_50k_0.75x.ply,137,14,5724,5690,0.04366142064594348,34,8512.6398023495,176.99999468018999,137.99999701001067,9770.038699315599,1.147709632518347,323.00000101973984,34.99999983559887
Random matched local,Group_C4_happy_50k_0.75x.ply,138,15,5724,5712,0.043830234574627265,12,8512.6398023495,318.000002018967,347.9999960236039,11630.18340906821,1.3662252461167526,308.0000040174214,341.00000835082466
Random matched local,Group_C4_happy_50k_0.75x.ply,139,15,5724,5719,0.04388394809739029,5,8512.6398023495,168.99999901102913,209.99999901359323,11162.694820687791,1.311308252183638,71.00000083739013,331.000010349279
Random matched local,Group_C4_happy_50k_0.75x.ply,140,14,5724,5712,0.043830234574627265,12,8512.6398023495,346.00000735159745,31.999999752116263,8512.6398023495,1.0,1.9999999845072665,322.0000066837366
Random matched local,Group_C4_happy_50k_0.75x.ply,141,14,5724,5690,0.04366142064594348,34,8512.6398023495,166.99999667864435,144.9999983431683,8967.041969299316,1.0533797009506265,305.99998802465825,154.0000020087107
Random matched local,Group_C4_happy_50k_0.75x.ply,142,15,5724,5681,0.04359236040239102,43,8512.6398023495,149.99999734394112,156.99999867709872,10175.144376833578,1.1952983578637058,106.000000672989,21.00000058437824
Random matched local,Group_C4_happy_50k_0.75x.ply,143,15,5724,5672,0.04352330015883856,52,8512.6398023495,159.0000010094835,149.99999734394112,9335.83807354131,1.0967030545524323,323.00000101973984,54.0000015026869
Random matched local,Group_C4_happy_50k_0.75x.ply,144,16,5724,5713,0.043837907935021986,11,8512.6398023495,342.0000026868279,27.00000075134345,9270.234541459517,1.0889964519467767,41.00000000256408,350.00001201636707
Random matched local,Group_C4_happy_50k_0.75x.ply,145,15,5724,5686,0.04363072720436461,38,8512.6398023495,3.999999969014533,39.99999883637168,10337.640431301654,1.2143871550219298,190.00000301050196,212.000001345978
Random matched local,Group_C4_happy_50k_0.75x.ply,146,17,5724,5710,0.04381488785383783,14,8512.6398023495,346.00000735159745,31.999999752116263,8512.6398023495,1.0,259.0000083456965,4.99999985454646
Random matched local,Group_C4_happy_50k_0.75x.ply,147,14,5724,5704,0.04376884769146953,20,8512.6398023495,166.00000234264112,140.9999936783987,9670.834895993066,1.1360559263090049,352.0000006883735,324.9999896917463
Random matched local,Group_C4_happy_50k_0.75x.ply,148,16,5724,5708,0.043799541133048396,16,8512.6398023495,142.9999960107835,171.00000134341394,10294.787154709997,1.2093530789201983,67.99999733881295,321.0000123477334
Random matched local,Group_C4_happy_50k_0.75x.ply,149,18,5724,5716,0.043860928016206134,8,8512.6398023495,166.99999667864435,149.0000030079379,8924.279331175749,1.0483562723648467,33.000000918308665,329.9999886925191
Random matched local,Group_C4_happy_50k_0.75x.ply,150,15,5724,5697,0.0437151341687065,27,8512.6398023495,348.9999903596071,30.99999858592387,8607.962899956821,1.0111978304991844,232.9999916850725,195.999996347278
Random matched local,Group_C4_happy_50k_0.75x.ply,151,14,5724,5707,0.043791867772653675,17,8512.6398023495,346.00000735159745,31.999999752116263,8512.6398023495,1.0,108.99999734137702,341.00000835082466
Random matched local,Group_C4_happy_50k_0.75x.ply,152,16,5724,5711,0.04382256121423255,13,8512.6398023495,164.00000001025631,151.00000534032267,8826.155307864354,1.0368294104759752,323.00000101973984,34.99999983559887
Random matched local,Group_C4_happy_50k_0.75x.ply,153,15,5724,5714,0.0438455812954167,10,8512.6398023495,351.0000063523703,327.0000056845094,9841.384966511372,1.1560908478466498,281.9999873567974,175.00000600818353
Random matched local,Group_C4_happy_50k_0.75x.ply,154,15,5724,5724,0.04392231489936388,0,8512.6398023495,328.99999435651586,18.999999959540737,10359.864589596582,1.2169978796397851,237.99999068584532,299.99999468788224
Random matched local,Group_C4_happy_50k_0.75x.ply,155,15,5724,5712,0.043830234574627265,12,8512.6398023495,323.00000101973984,0.9999999922536332,10413.985607052637,1.223355604001753,185.00000400972914,193.99999401489322
Random matched local,Group_C4_happy_50k_0.75x.ply,156,15,5724,5724,0.04392231489936388,0,8512.6398023495,352.0000006883735,327.0000056845094,10231.144172100981,1.201876786713937,82.00000000512816,187.00000634211395
Random matched local,Group_C4_happy_50k_0.75x.ply,157,16,5724,5719,0.04388394809739029,5,8512.6398023495,318.000002018967,347.9999960236039,11630.18340906821,1.3662252461167526,28.99999966863366,345.0000130155942
Random matched local,Group_C4_happy_50k_0.75x.ply,158,15,5724,5722,0.043906968178574445,2,8512.6398023495,346.00000735159745,31.999999752116263,8512.6398023495,1.0,345.0000130155942,352.99999502437674
Random matched local,Group_C4_happy_50k_0.75x.ply,159,15,5724,5717,0.043868601376600855,7,8512.6398023495,7.000000052497138,34.99999983559887,10479.721156033602,1.2310777149458603,65.00000067042492,219.99999701513886
Random matched local,Group_C4_happy_50k_0.75x.ply,160,17,5724,5715,0.04385325465581142,9,8512.6398023495,144.9999983431683,183.00000167734436,10373.267260464754,1.2185723231942363,342.9999970228311,261.99999135370615
Random matched local,Group_C4_happy_50k_0.75x.ply,161,15,5724,5710,0.04381488785383783,14,8512.6398023495,317.00000768296377,353.99998936037997,10570.388194943262,1.2417285871799508,15.999999876058132,11.000000021511672
Random matched local,Group_C4_happy_50k_0.75x.ply,162,14,5724,5677,0.04356166696081215,47,8512.6398023495,352.0000006883735,39.99999883637168,8892.721381069216,1.044649085071685,7.999999938029066,28.000000209988553
Random matched local,Group_C4_happy_50k_0.75x.ply,163,16,5724,5721,0.043899294818179724,3,8512.6398023495,351.0000063523703,322.0000066837366,11102.660628389722,1.3042558931396782,250.9999990161573,9.000000250447817
Random matched local,Group_C4_happy_50k_0.75x.ply,164,14,5724,5680,0.0435846870419963,44,8512.6398023495,351.0000063523703,327.0000056845094,9841.384966511372,1.1560908478466498,300.99998902388546,60.000001669652114
Random matched local,Group_C4_happy_50k_0.75x.ply,165,16,5724,5684,0.043615380483575175,40,8512.6398023495,342.0000026868279,27.00000075134345,9270.234541459517,1.0889964519467767,350.00001201636707,18.000000500895634
Random matched local,Group_C4_happy_50k_0.75x.ply,166,15,5724,5722,0.043906968178574445,2,8512.6398023495,351.0000063523703,327.0000056845094,9841.384966511372,1.1560908478466498,33.000000918308665,329.9999886925191
Random matched local,Group_C4_happy_50k_0.75x.ply,167,14,5724,5722,0.043906968178574445,2,8512.6398023495,348.9999903596071,30.99999858592387,8607.962899956821,1.0111978304991844,356.9999996891463,31.999999752116263
Random matched local,Group_C4_happy_50k_0.75x.ply,168,14,5724,5712,0.043830234574627265,12,8512.6398023495,142.9999960107835,171.00000134341394,10294.787154709997,1.2093530789201983,149.0000030079379,180.00000500895632
Random matched local,Group_C4_happy_50k_0.75x.ply,169,15,5724,5701,0.04374582761028537,23,8512.6398023495,171.00000134341394,212.99999568198123,10081.265583511227,1.1842701932165371,176.99999468018999,236.9999963498421
Random matched local,Group_C4_happy_50k_0.75x.ply,170,15,5724,5703,0.043761174331074806,21,8512.6398023495,144.9999983431683,209.99999901359323,13132.097307315542,1.5426586361249615,50.0000002530119,236.00000201383887
Random matched local,Group_C4_happy_50k_0.75x.ply,171,17,5724,5704,0.04376884769146953,20,8512.6398023495,161.0000033418683,154.99999634471394,11167.384376210615,1.311859145400279,106.000000672989,21.00000058437824
Random matched local,Group_C4_happy_50k_0.75x.ply,172,15,5724,5719,0.04388394809739029,5,8512.6398023495,346.00000735159745,31.999999752116263,8512.6398023495,1.0,348.9999903596071,30.000000834826057
Random matched local,Group_C4_happy_50k_0.75x.ply,173,15,5724,5714,0.0438455812954167,10,8512.6398023495,164.00000001025631,151.00000534032267,8826.155307864354,1.0368294104759752,239.00001234260523,154.99999634471394
Random matched local,Group_C4_happy_50k_0.75x.ply,174,15,5724,5713,0.043837907935021986,11,8512.6398023495,346.00000735159745,31.999999752116263,8512.6398023495,1.0,327.0000056845094,36.99999875288908
Random matched local,Group_C4_happy_50k_0.75x.ply,175,15,5724,5705,0.04377652105186424,19,8512.6398023495,342.9999970228311,30.99999858592387,9120.318515241639,1.0713854605623532,346.00000735159745,332.00000468528225
Random matched local,Group_C4_happy_50k_0.75x.ply,176,15,5724,5719,0.04388394809739029,5,8512.6398023495,142.9999960107835,171.00000134341394,10294.787154709997,1.2093530789201983,281.9999873567974,130.99999567685308
Random matched local,Group_C4_happy_50k_0.75x.ply,177,18,5724,5724,0.04392231489936388,0,8512.6398023495,140.9999936783987,193.99999401489322,11103.984738184401,1.304411439459671,305.99998802465825,154.0000020087107
Random matched local,Group_C4_happy_50k_0.75x.ply,178,16,5724,5713,0.043837907935021986,11,8512.6398023495,358.99998836115276,39.00000108527387,9698.28160341121,1.1392801561666535,190.99999734650518,193.99999401489322
Random matched local,Group_C4_happy_50k_0.75x.ply,179,17,5724,5688,0.043646073925154044,36,8512.6398023495,346.00000735159745,31.999999752116263,8512.6398023495,1.0,199.00000667604436,217.00000034675082
Random matched local,Group_C4_happy_50k_0.75x.ply,180,15,5724,5705,0.04377652105186424,19,8512.6398023495,327.0000056845094,7.000000052497138,10049.906643954191,1.1805863841649218,19.99999941818584,342.9999970228311
Random matched local,Group_C4_happy_50k_0.75x.ply,181,15,5724,5720,0.04389162145778501,4,8512.6398023495,327.0000056845094,7.000000052497138,10049.906643954191,1.1805863841649218,298.0000060158758,202.00000334443237
Random matched local,Group_C4_happy_50k_0.75x.ply,182,14,5724,5724,0.04392231489936388,0,8512.6398023495,149.99999734394112,156.99999867709872,10175.144376833578,1.1952983578637058,337.00000368605504,327.0000056845094
Random matched local,Group_C4_happy_50k_0.75x.ply,183,15,5724,5710,0.04381488785383783,14,8512.6398023495,164.00000001025631,151.00000534032267,8826.155307864354,1.0368294104759752,347.9999960236039,54.999999253784715
Random matched local,Group_C4_happy_50k_0.75x.ply,184,15,5724,5690,0.04366142064594348,34,8512.6398023495,356.0000053531431,45.00000125223908,10221.756194248672,1.2007739586758333,110.99999967376182,30.99999858592387
Random matched local,Group_C4_happy_50k_0.75x.ply,185,14,5724,5692,0.04367676736673291,32,8512.6398023495,324.9999896917463,28.000000209988553,10432.616738248462,1.2255442471992113,339.9999866940647,251.99999335216052
Random matched local,Group_C4_happy_50k_0.75x.ply,186,14,5724,5700,0.04373815424989065,24,8512.6398023495,166.99999667864435,149.0000030079379,8924.279331175749,1.0483562723648467,73.00000316977493,226.00000401229323
Random matched local,Group_C4_happy_50k_0.75x.ply,187,15,5724,5723,0.04391464153896916,1,8512.6398023495,329.9999886925191,9.99999970909292,10718.62248349781,1.2591420208499196,125.00000234007703,318.9999963549702
Random matched local,Group_C4_happy_50k_0.75x.ply,188,14,5724,5716,0.043860928016206134,8,8512.6398023495,328.00000002051263,3.999999969014533,10339.027593943698,1.2145501083095414,321.0000123477334,355.00001101713985
Random matched local,Group_C4_happy_50k_0.75x.ply,189,15,5724,5705,0.04377652105186424,19,8512.6398023495,346.00000735159745,31.999999752116263,8512.6398023495,1.0,276.9999883560246,183.00000167734436
Random matched local,Group_C4_happy_50k_0.75x.ply,190,15,5724,5720,0.04389162145778501,4,8512.6398023495,342.9999970228311,30.99999858592387,9120.318515241639,1.0713854605623532,332.9999990212855,34.99999983559887
Random matched local,Group_C4_happy_50k_0.75x.ply,191,14,5724,5681,0.04359236040239102,43,8512.6398023495,352.0000006883735,39.99999883637168,8892.721381069216,1.044649085071685,65.00000067042492,219.99999701513886
Random matched local,Group_C4_happy_50k_0.75x.ply,192,14,5724,5698,0.04372280752910122,26,8512.6398023495,159.0000010094835,149.99999734394112,9335.83807354131,1.0967030545524323,334.9999876932919,336.0000093500518
Random matched local,Group_C4_happy_50k_0.75x.ply,193,14,5724,5706,0.04378419441225896,18,8512.6398023495,352.0000006883735,39.99999883637168,8892.721381069216,1.044649085071685,15.999999876058132,355.00001101713985
Random matched local,Group_C4_happy_50k_0.75x.ply,194,15,5724,5716,0.043860928016206134,8,8512.6398023495,168.99999901102913,209.99999901359323,11162.694820687791,1.311308252183638,47.000000169529294,312.000008682191
Random matched local,Group_C4_happy_50k_0.75x.ply,195,16,5724,5723,0.04391464153896916,1,8512.6398023495,323.00000101973984,347.0000016876007,11451.06012170965,1.345183208450702,298.0000060158758,202.00000334443237
Random matched local,Group_C4_happy_50k_0.75x.ply,196,14,5724,5723,0.04391464153896916,1,8512.6398023495,7.000000052497138,34.99999983559887,10479.721156033602,1.2310777149458603,246.99999435138773,318.9999963549702
Random matched local,Group_C4_happy_50k_0.75x.ply,197,17,5724,5724,0.04392231489936388,0,8512.6398023495,327.0000056845094,7.000000052497138,10049.906643954191,1.1805863841649218,188.9999950141204,185.99999834573237
Random matched local,Group_C4_happy_50k_0.75x.ply,198,14,5724,5689,0.04365374728554876,35,8512.6398023495,352.0000006883735,39.99999883637168,8892.721381069216,1.044649085071685,65.00000067042492,28.000000209988553
Random matched local,Group_C4_happy_50k_0.75x.ply,199,14,5724,5708,0.043799541133048396,16,8512.6398023495,348.9999903596071,30.99999858592387,8607.962899956821,1.0111978304991844,65.00000067042492,219.99999701513886
Random matched local,Group_C4_happy_50k_0.75x.ply,200,14,5724,5686,0.04363072720436461,38,8512.6398023495,166.99999667864435,149.0000030079379,8924.279331175749,1.0483562723648467,147.9999950115563,232.9999916850725
Random matched local,Group_C4_happy_50k_0.75x.ply,201,16,5724,5722,0.043906968178574445,2,8512.6398023495,140.9999936783987,193.99999401489322,11103.984738184401,1.304411439459671,77.00000100435535,314.99999169020066
Random matched local,Group_C4_happy_50k_0.75x.ply,202,17,5724,5698,0.04372280752910122,26,8512.6398023495,166.00000234264112,140.9999936783987,9670.834895993066,1.1360559263090049,249.00001034415084,350.00001201636707
Random matched local,Group_C4_happy_50k_0.75x.ply,203,16,5724,5723,0.04391464153896916,1,8512.6398023495,346.00000735159745,31.999999752116263,8512.6398023495,1.0,292.0000126790997,185.99999834573237
Random matched local,Group_C4_happy_50k_0.75x.ply,204,14,5724,5704,0.04376884769146953,20,8512.6398023495,351.0000063523703,327.0000056845094,9841.384966511372,1.1560908478466498,276.9999883560246,149.99999734394112
Random matched local,Group_C4_happy_50k_0.75x.ply,205,15,5724,5695,0.04369978744791707,29,8512.6398023495,351.0000063523703,327.0000056845094,9841.384966511372,1.1560908478466498,19.99999941818584,27.00000075134345
Random matched local,Group_C4_happy_50k_0.75x.ply,206,16,5724,5717,0.043868601376600855,7,8512.6398023495,166.99999667864435,149.0000030079379,8924.279331175749,1.0483562723648467,90.00000250447816,234.0000133418324
Random matched local,Group_C4_happy_50k_0.75x.ply,207,15,5724,5702,0.04375350097068009,22,8512.6398023495,351.0000063523703,327.0000056845094,9841.384966511372,1.1560908478466498,190.99999734650518,224.00000167990842
Random matched local,Group_C4_happy_50k_0.75x.ply,208,17,5724,5713,0.043837907935021986,11,8512.6398023495,323.99999535574307,9.99999970909292,10246.50739244193,1.203681540667782,33.99999866940647,338.9999923580615
Random matched local,Group_C4_happy_50k_0.75x.ply,209,16,5724,5721,0.043899294818179724,3,8512.6398023495,176.99999468018999,137.99999701001067,9770.038699315599,1.147709632518347,241.00000101461168,355.00001101713985
Random matched local,Group_C4_happy_50k_0.75x.ply,210,15,5724,5724,0.04392231489936388,0,8512.6398023495,7.000000052497138,34.99999983559887,10479.721156033602,1.2310777149458603,193.99999401489322,195.999996347278
Random matched local,Group_C4_happy_50k_0.75x.ply,211,15,5724,5710,0.04381488785383783,14,8512.6398023495,327.0000056845094,7.000000052497138,10049.906643954191,1.1805863841649218,200.0000010120476,161.99999767787153
Random matched local,Group_C4_happy_50k_0.75x.ply,212,15,5724,5689,0.04365374728554876,35,8512.6398023495,166.99999667864435,149.0000030079379,8924.279331175749,1.0483562723648467,235.00000767783564,75.99999983816295
Random matched local,Group_C4_happy_50k_0.75x.ply,213,14,5724,5716,0.043860928016206134,8,8512.6398023495,351.0000063523703,30.99999858592387,9864.753928066286,1.1588360552203325,173.99999801180195,120.00000333930423
Random matched local,Group_C4_happy_50k_0.75x.ply,214,16,5724,5691,0.04366909400633819,33,8512.6398023495,357.99999402514953,39.00000108527387,9594.201056425236,1.1270535673055524,100.0000005060238,345.0000130155942
Random matched local,Group_C4_happy_50k_0.75x.ply,215,15,5724,5714,0.0438455812954167,10,8512.6398023495,144.00000400716507,166.99999667864435,10236.787401940212,1.202539710315811,229.00000068068124,185.00000400972914
Random matched local,Group_C4_happy_50k_0.75x.ply,216,15,5724,5720,0.04389162145778501,4,8512.6398023495,159.0000010094835,149.99999734394112,9335.83807354131,1.0967030545524323,183.00000167734436,202.9999976804356
Random matched local,Group_C4_happy_50k_0.75x.ply,217,17,5724,5715,0.04385325465581142,9,8512.6398023495,144.00000400716507,166.99999667864435,10236.787401940212,1.202539710315811,109.99999850756943,342.0000026868279
Random matched local,Group_C4_happy_50k_0.75x.ply,218,16,5724,5712,0.043830234574627265,12,8512.6398023495,358.99998836115276,33.99999866940647,9895.76016575837,1.1624784315468306,323.00000101973984,54.0000015026869
Random matched local,Group_C4_happy_50k_0.75x.ply,219,14,5724,5722,0.043906968178574445,2,8512.6398023495,164.00000001025631,151.00000534032267,8826.155307864354,1.0368294104759752,202.00000334443237,178.99999701257477
Random matched local,Group_C4_happy_50k_0.75x.ply,220,15,5724,5718,0.043876274736995576,6,8512.6398023495,164.00000001025631,151.00000534032267,8826.155307864354,1.0368294104759752,334.9999876932919,336.0000093500518
Random matched local,Group_C4_happy_50k_0.75x.ply,221,15,5724,5716,0.043860928016206134,8,8512.6398023495,166.99999667864435,212.99999568198123,10687.78077432932,1.2555189720795514,199.00000667604436,217.00000034675082
Random matched local,Group_C4_happy_50k_0.75x.ply,222,14,5724,5687,0.04363840056475932,37,8512.6398023495,164.00000001025631,151.00000534032267,8826.155307864354,1.0368294104759752,149.0000030079379,180.00000500895632
Random matched local,Group_C4_happy_50k_0.75x.ply,223,17,5724,5681,0.04359236040239102,43,8512.6398023495,166.99999667864435,149.0000030079379,8924.279331175749,1.0483562723648467,154.0000020087107,180.99999934495955
Random matched local,Group_C4_happy_50k_0.75x.ply,224,18,5724,5700,0.04373815424989065,24,8512.6398023495,144.00000400716507,149.99999734394112,11721.219898255404,1.3769195185517342,92.99999917286618,24.000000667860846
Random matched local,Group_C4_happy_50k_0.75x.ply,225,16,5724,5723,0.04391464153896916,1,8512.6398023495,346.00000735159745,31.999999752116263,8512.6398023495,1.0,188.00000067811717,235.00000767783564
Random matched local,Group_C4_happy_50k_0.75x.ply,226,14,5724,5721,0.043899294818179724,3,8512.6398023495,142.9999960107835,171.00000134341394,10294.787154709997,1.2093530789201983,192.99999967889,176.99999468018999
Random matched local,Group_C4_happy_50k_0.75x.ply,227,14,5724,5717,0.043868601376600855,7,8512.6398023495,356.0000053531431,45.00000125223908,10221.756194248672,1.2007739586758333,54.999999253784715,0.9999999922536332
Random matched local,Group_C4_happy_50k_0.75x.ply,228,16,5724,5700,0.04373815424989065,24,8512.6398023495,164.00000001025631,151.00000534032267,8826.155307864354,1.0368294104759752,159.0000010094835,168.0000046750259
Random matched local,Group_C4_happy_50k_0.75x.ply,229,14,5724,5718,0.043876274736995576,6,8512.6398023495,356.0000053531431,45.00000125223908,10221.756194248672,1.2007739586758333,108.0000030053738,318.000002018967
Random matched local,Group_C4_happy_50k_0.75x.ply,230,15,5724,5720,0.04389162145778501,4,8512.6398023495,166.99999667864435,144.9999983431683,8967.041969299316,1.0533797009506265,188.00000067811717,169.99999334703236
Random matched local,Group_C4_happy_50k_0.75x.ply,231,14,5724,5720,0.04389162145778501,4,8512.6398023495,358.99998836115276,33.99999866940647,9895.76016575837,1.1624784315468306,74.99999867197056,237.99999068584532
Random matched local,Group_C4_happy_50k_0.75x.ply,232,14,5724,5699,0.04373048088949594,25,8512.6398023495,164.00000001025631,151.00000534032267,8826.155307864354,1.0368294104759752,33.99999866940647,1.9999999845072665
Random matched local,Group_C4_happy_50k_0.75x.ply,233,15,5724,5711,0.04382256121423255,13,8512.6398023495,323.99999535574307,9.99999970909292,10246.50739244193,1.203681540667782,231.99999734906928,205.99999434882363
Random matched local,Group_C4_happy_50k_0.75x.ply,234,14,5724,5708,0.043799541133048396,16,8512.6398023495,342.0000026868279,27.00000075134345,9270.234541459517,1.0889964519467767,67.99999733881295,86.99999900590097
Random matched local,Group_C4_happy_50k_0.75x.ply,235,14,5724,5718,0.043876274736995576,6,8512.6398023495,346.00000735159745,31.999999752116263,8512.6398023495,1.0,159.0000010094835,168.0000046750259
Random matched local,Group_C4_happy_50k_0.75x.ply,236,17,5724,5715,0.04385325465581142,9,8512.6398023495,173.00000367579872,212.99999568198123,10946.62256477293,1.2859257314930261,188.00000067811717,169.99999334703236
Random matched local,Group_C4_happy_50k_0.75x.ply,237,14,5724,5696,0.04370746080831178,28,8512.6398023495,144.00000400716507,166.99999667864435,10236.787401940212,1.202539710315811,82.00000000512816,246.99999435138773
Random matched local,Group_C4_happy_50k_0.75x.ply,238,15,5724,5719,0.04388394809739029,5,8512.6398023495,341.00000835082466,25.999999585151052,9953.831838182181,1.169300248723658,56.000000419977106,104.99999950679661
Random matched local,Group_C4_happy_50k_0.75x.ply,239,15,5724,5689,0.04365374728554876,35,8512.6398023495,348.9999903596071,30.99999858592387,8607.962899956821,1.0111978304991844,324.9999896917463,15.999999876058132
Random matched local,Group_C4_happy_50k_0.75x.ply,240,15,5724,5723,0.04391464153896916,1,8512.6398023495,166.99999667864435,149.0000030079379,8924.279331175749,1.0483562723648467,185.00000400972914,193.99999401489322
Random matched local,Group_C4_happy_50k_0.75x.ply,241,16,5724,5722,0.043906968178574445,2,8512.6398023495,156.0000043410955,144.9999983431683,11126.86504017223,1.3070992428343085,217.99999468275405,169.99999334703236
Random matched local,Group_C4_happy_50k_0.75x.ply,242,14,5724,5714,0.0438455812954167,10,8512.6398023495,346.00000735159745,31.999999752116263,8512.6398023495,1.0,352.0000006883735,24.000000667860846
Random matched local,Group_C4_happy_50k_0.75x.ply,243,15,5724,5720,0.04389162145778501,4,8512.6398023495,342.0000026868279,27.00000075134345,9270.234541459517,1.0889964519467767,217.99999468275405,293.00000701510294
Random matched local,Group_C4_happy_50k_0.75x.ply,244,15,5724,5686,0.04363072720436461,38,8512.6398023495,346.00000735159745,31.999999752116263,8512.6398023495,1.0,308.0000040174214,341.00000835082466
Random matched local,Group_C4_happy_50k_0.75x.ply,245,15,5724,5707,0.043791867772653675,17,8512.6398023495,351.0000063523703,327.0000056845094,9841.384966511372,1.1560908478466498,22.999999501668448,255.00000368092688
Random matched local,Group_C4_happy_50k_0.75x.ply,246,17,5724,5719,0.04388394809739029,5,8512.6398023495,328.99999435651586,18.999999959540737,10359.864589596582,1.2169978796397851,229.00000068068124,212.000001345978
Random matched local,Group_C4_happy_50k_0.75x.ply,247,16,5724,5713,0.043837907935021986,11,8512.6398023495,149.99999734394112,156.99999867709872,10175.144376833578,1.1952983578637058,28.000000209988553,12.000000333930423
Random matched local,Group_C4_happy_50k_0.75x.ply,248,15,5724,5724,0.04392231489936388,0,8512.6398023495,342.9999970228311,30.99999858592387,9120.318515241639,1.0713854605623532,224.00000167990842,161.0000033418683
Random matched local,Group_C4_happy_50k_0.75x.ply,249,14,5724,5719,0.04388394809739029,5,8512.6398023495,348.9999903596071,30.99999858592387,8607.962899956821,1.0111978304991844,231.99999734906928,205.99999434882363
Random matched local,Group_C4_happy_50k_0.75x.ply,250,14,5724,5722,0.043906968178574445,2,8512.6398023495,327.0000056845094,7.000000052497138,10049.906643954191,1.1805863841649218,308.99999835342464,318.9999963549702
Random matched local,Group_C4_happy_50k_0.75x.ply,251,15,5724,5696,0.04370746080831178,28,8512.6398023495,327.0000056845094,7.000000052497138,10049.906643954191,1.1805863841649218,231.99999734906928,205.99999434882363
Random matched local,Group_C4_happy_50k_0.75x.ply,252,15,5724,5710,0.04381488785383783,14,8512.6398023495,351.0000063523703,327.0000056845094,9841.384966511372,1.1560908478466498,250.00000468015406,309.99999268942787
Random matched local,Group_C4_happy_50k_0.75x.ply,253,16,5724,5714,0.0438455812954167,10,8512.6398023495,357.99999402514953,39.00000108527387,9594.201056425236,1.1270535673055524,89.00000133828577,159.99999534548672
Random matched local,Group_C4_happy_50k_0.75x.ply,254,15,5724,5712,0.043830234574627265,12,8512.6398023495,323.00000101973984,0.9999999922536332,10413.985607052637,1.223355604001753,73.99999750577815,339.9999866940647
Random matched local,Group_C4_happy_50k_0.75x.ply,255,14,5724,5679,0.043577013681601585,45,8512.6398023495,342.9999970228311,30.99999858592387,9120.318515241639,1.0713854605623532,308.99999835342464,318.9999963549702
Random matched local,Group_C4_happy_50k_0.75x.ply,256,17,5724,5697,0.0437151341687065,27,8512.6398023495,144.00000400716507,166.99999667864435,10236.787401940212,1.202539710315811,102.00000283840859,337.00000368605504
Random matched local,Group_C4_happy_50k_0.75x.ply,257,16,5724,5687,0.04363840056475932,37,8512.6398023495,164.00000001025631,151.00000534032267,8826.155307864354,1.0368294104759752,195.00000201127477,205.99999434882363
Random matched local,Group_C4_happy_50k_0.75x.ply,258,15,5724,5707,0.043791867772653675,17,8512.6398023495,346.00000735159745,31.999999752116263,8512.6398023495,1.0,334.9999876932919,294.9999956871094
Random matched local,Group_C4_happy_50k_0.75x.ply,259,14,5724,5688,0.043646073925154044,36,8512.6398023495,347.0000016876007,44.00000008604669,10335.39417361425,1.2141232818005134,130.00000134084985,197.9999986796628
Random matched local,Group_C4_happy_50k_0.75x.ply,260,16,5724,5711,0.04382256121423255,13,8512.6398023495,324.9999896917463,28.000000209988553,10432.616738248462,1.2255442471992113,67.99999733881295,86.99999900590097
Random matched local,Group_C4_happy_50k_0.75x.ply,261,15,5724,5712,0.043830234574627265,12,8512.6398023495,144.00000400716507,166.99999667864435,10236.787401940212,1.202539710315811,144.00000400716507,173.00000367579872
Random matched local,Group_C4_happy_50k_0.75x.ply,262,16,5724,5720,0.04389162145778501,4,8512.6398023495,159.0000010094835,135.9999946776259,11535.186412905858,1.355065723528221,222.99999368352687,132.99999800923788
Random matched local,Group_C4_happy_50k_0.75x.ply,263,15,5724,5686,0.04363072720436461,38,8512.6398023495,341.00000835082466,25.999999585151052,9953.831838182181,1.169300248723658,139.99999934239548,156.0000043410955
Random matched local,Group_C4_happy_50k_0.75x.ply,264,16,5724,5670,0.04350795343804913,54,8512.6398023495,164.00000001025631,151.00000534032267,8826.155307864354,1.0368294104759752,90.00000250447816,149.0000030079379
Random matched local,Group_C4_happy_50k_0.75x.ply,265,14,5724,5697,0.0437151341687065,27,8512.6398023495,346.00000735159745,31.999999752116263,8512.6398023495,1.0,109.99999850756943,360.00001001791264
Random matched local,Group_C4_happy_50k_0.75x.ply,266,14,5724,5724,0.04392231489936388,0,8512.6398023495,149.99999734394112,156.99999867709872,10175.144376833578,1.1952983578637058,142.00000167478026,164.00000001025631
Random matched local,Group_C4_happy_50k_0.75x.ply,267,15,5724,5705,0.04377652105186424,19,8512.6398023495,346.00000735159745,31.999999752116263,8512.6398023495,1.0,168.99999901102913,169.99999334703236
Random matched local,Group_C4_happy_50k_0.75x.ply,268,16,5724,5724,0.04392231489936388,0,8512.6398023495,346.00000735159745,31.999999752116263,8512.6398023495,1.0,205.0000000128204,169.99999334703236
Random matched local,Group_C4_happy_50k_0.75x.ply,269,14,5724,5721,0.043899294818179724,3,8512.6398023495,346.00000735159745,31.999999752116263,8512.6398023495,1.0,352.0000006883735,24.000000667860846
Random matched local,Group_C4_happy_50k_0.75x.ply,270,14,5724,5712,0.043830234574627265,12,8512.6398023495,357.99999402514953,39.00000108527387,9594.201056425236,1.1270535673055524,276.9999883560246,149.99999734394112
Random matched local,Group_C4_happy_50k_0.75x.ply,271,15,5724,5697,0.0437151341687065,27,8512.6398023495,351.0000063523703,30.99999858592387,9864.753928066286,1.1588360552203325,16.999999334703237,30.000000834826057
Random matched local,Group_C4_happy_50k_0.75x.ply,272,14,5724,5721,0.043899294818179724,3,8512.6398023495,346.00000735159745,31.999999752116263,8512.6398023495,1.0,139.99999934239548,256.99999235293336
Random matched local,Group_C4_happy_50k_0.75x.ply,273,16,5724,5690,0.04366142064594348,34,8512.6398023495,328.00000002051263,3.999999969014533,10339.027593943698,1.2145501083095414,123.00000000769225,3.0000000834826057
Random matched local,Group_C4_happy_50k_0.75x.ply,274,14,5724,5717,0.043868601376600855,7,8512.6398023495,348.9999903596071,30.99999858592387,8607.962899956821,1.0111978304991844,16.999999334703237,30.000000834826057
Random matched local,Group_C4_happy_50k_0.75x.ply,275,15,5724,5723,0.04391464153896916,1,8512.6398023495,346.00000735159745,31.999999752116263,8512.6398023495,1.0,348.9999903596071,30.000000834826057
Random matched local,Group_C4_happy_50k_0.75x.ply,276,15,5724,5720,0.04389162145778501,4,8512.6398023495,351.0000063523703,327.0000056845094,9841.384966511372,1.1560908478466498,342.9999970228311,318.9999963549702
Random matched local,Group_C4_happy_50k_0.75x.ply,277,15,5724,5724,0.04392231489936388,0,8512.6398023495,151.9999996763259,168.0000046750259,11967.739783042718,1.405878794465097,256.99999235293336,345.0000130155942
Random matched local,Group_C4_happy_50k_0.75x.ply,278,15,5724,5660,0.04343121983410195,64,8512.6398023495,166.99999667864435,149.0000030079379,8924.279331175749,1.0483562723648467,221.00000501152041,130.00000134084985
Random matched local,Group_C4_happy_50k_0.75x.ply,279,14,5724,5698,0.04372280752910122,26,8512.6398023495,159.0000010094835,149.99999734394112,9335.83807354131,1.0967030545524323,152.99999401232913,159.99999534548672
Random matched local,Group_C4_happy_50k_0.75x.ply,280,16,5724,5708,0.043799541133048396,16,8512.6398023495,358.99998836115276,39.00000108527387,9698.28160341121,1.1392801561666535,228.000006344678,154.0000020087107
Random matched local,Group_C4_happy_50k_0.75x.ply,281,16,5724,5724,0.04392231489936388,0,8512.6398023495,352.0000006883735,39.99999883637168,8892.721381069216,1.044649085071685,239.00001234260523,224.00000167990842
Random matched local,Group_C4_happy_50k_0.75x.ply,282,17,5724,5711,0.04382256121423255,13,8512.6398023495,327.0000056845094,7.000000052497138,10049.906643954191,1.1805863841649218,239.00001234260523,154.99999634471394
Random matched local,Group_C4_happy_50k_0.75x.ply,283,14,5724,5689,0.04365374728554876,35,8512.6398023495,149.0000030079379,178.99999701257477,12148.778300640011,1.4271458187725659,188.00000067811717,169.99999334703236
Random matched local,Group_C4_happy_50k_0.75x.ply,284,17,5724,5703,0.043761174331074806,21,8512.6398023495,346.00000735159745,31.999999752116263,8512.6398023495,1.0,193.99999401489322,195.999996347278
Random matched local,Group_C4_happy_50k_0.75x.ply,285,18,5724,5720,0.04389162145778501,4,8512.6398023495,351.0000063523703,327.0000056845094,9841.384966511372,1.1560908478466498,54.999999253784715,122.00000567168901
Random matched local,Group_C4_happy_50k_0.75x.ply,286,15,5724,5713,0.043837907935021986,11,8512.6398023495,164.00000001025631,151.00000534032267,8826.155307864354,1.0368294104759752,88.00000017209338,214.00000367836282
Random matched local,Group_C4_happy_50k_0.75x.ply,287,14,5724,5688,0.043646073925154044,36,8512.6398023495,161.0000033418683,154.99999634471394,11167.384376210615,1.311859145400279,98.9999993398314,16.999999334703237
Random matched local,Group_C4_happy_50k_0.75x.ply,288,15,5724,5712,0.043830234574627265,12,8512.6398023495,164.00000001025631,151.00000534032267,8826.155307864354,1.0368294104759752,316.00001334696054,44.00000008604669
Random matched local,Group_C4_happy_50k_0.75x.ply,289,15,5724,5716,0.043860928016206134,8,8512.6398023495,3.999999969014533,39.99999883637168,10337.640431301654,1.2143871550219298,314.99999169020066,348.9999903596071
Random matched local,Group_C4_happy_50k_0.75x.ply,290,14,5724,5707,0.043791867772653675,17,8512.6398023495,166.99999667864435,149.0000030079379,8924.279331175749,1.0483562723648467,82.00000000512816,154.0000020087107
Random matched local,Group_C4_happy_50k_0.75x.ply,291,15,5724,5719,0.04388394809739029,5,8512.6398023495,171.00000134341394,212.99999568198123,10081.265583511227,1.1842701932165371,47.000000169529294,312.000008682191
Random matched local,Group_C4_happy_50k_0.75x.ply,292,16,5724,5710,0.04381488785383783,14,8512.6398023495,342.9999970228311,30.99999858592387,9120.318515241639,1.0713854605623532,65.00000067042492,219.99999701513886
Random matched local,Group_C4_happy_50k_0.75x.ply,293,15,5724,5705,0.04377652105186424,19,8512.6398023495,352.0000006883735,39.99999883637168,8892.721381069216,1.044649085071685,295.9999900231126,156.0000043410955
Random matched local,Group_C4_happy_50k_0.75x.ply,294,14,5724,5701,0.04374582761028537,23,8512.6398023495,166.99999667864435,149.0000030079379,8924.279331175749,1.0483562723648467,342.0000026868279,15.000000417413029
Random matched local,Group_C4_happy_50k_0.75x.ply,295,14,5724,5708,0.043799541133048396,16,8512.6398023495,169.99999334703236,144.9999983431683,9378.07855527263,1.1016651441876193,117.0000066709162,51.000001419204295
Random matched local,Group_C4_happy_50k_0.75x.ply,296,16,5724,5679,0.043577013681601585,45,8512.6398023495,346.00000735159745,31.999999752116263,8512.6398023495,1.0,61.000002835844505,328.99999435651586
Random matched local,Group_C4_happy_50k_0.75x.ply,297,17,5724,5706,0.04378419441225896,18,8512.6398023495,351.0000063523703,327.0000056845094,9841.384966511372,1.1560908478466498,67.99999733881295,321.0000123477334
Random matched local,Group_C4_happy_50k_0.75x.ply,298,15,5724,5722,0.043906968178574445,2,8512.6398023495,321.0000123477334,12.000000333930423,10683.225206107147,1.2549838186690998,77.00000100435535,314.99999169020066
Random matched local,Group_C4_happy_50k_0.75x.ply,299,17,5724,5698,0.04372280752910122,26,8512.6398023495,351.0000063523703,327.0000056845094,9841.384966511372,1.1560908478466498,307.0000096814182,187.00000634211395
Random matched local,Group_C4_happy_50k_0.75x.ply,300,15,5724,5693,0.043684440727127634,31,8512.6398023495,166.00000234264112,140.9999936783987,9670.834895993066,1.1360559263090049,140.9999936783987,106.000000672989
Random matched local,Group_C4_happy_50k_0.75x.ply,301,16,5724,5724,0.04392231489936388,0,8512.6398023495,178.00000267657154,146.00000633954986,10112.519106589072,1.1879416187441647,173.99999801180195,120.00000333930423
Random matched local,Group_C4_happy_50k_0.75x.ply,302,16,5724,5706,0.04378419441225896,18,8512.6398023495,351.0000063523703,327.0000056845094,9841.384966511372,1.1560908478466498,188.9999950141204,284.99999768556376
Random matched local,Group_C4_happy_50k_0.75x.ply,303,14,5724,5713,0.043837907935021986,11,8512.6398023495,351.0000063523703,30.99999858592387,9864.753928066286,1.1588360552203325,274.0000053480149,222.99999368352687
Random matched local,Group_C4_happy_50k_0.75x.ply,304,17,5724,5719,0.04388394809739029,5,8512.6398023495,168.99999901102913,209.99999901359323,11162.694820687791,1.311308252183638,164.99999434625954,200.0000010120476
Random matched local,Group_C4_happy_50k_0.75x.ply,305,14,5724,5709,0.04380721449344312,15,8512.6398023495,346.00000735159745,31.999999752116263,8512.6398023495,1.0,85.99999783970858,193.99999401489322
Random matched local,Group_C4_happy_50k_0.75x.ply,306,17,5724,5720,0.04389162145778501,4,8512.6398023495,351.0000063523703,327.0000056845094,9841.384966511372,1.1560908478466498,113.00000200614662,239.00001234260523
Random matched local,Group_C4_happy_50k_0.75x.ply,307,14,5724,5718,0.043876274736995576,6,8512.6398023495,166.99999667864435,144.9999983431683,8967.041969299316,1.0533797009506265,188.00000067811717,235.00000767783564
Random matched local,Group_C4_happy_50k_0.75x.ply,308,15,5724,5693,0.043684440727127634,31,8512.6398023495,142.9999960107835,171.00000134341394,10294.787154709997,1.2093530789201983,171.00000134341394,164.99999434625954
Random matched local,Group_C4_happy_50k_0.75x.ply,309,15,5724,5712,0.043830234574627265,12,8512.6398023495,331.000010349279,36.00000100179127,11413.304273747215,1.3407479393873951,88.00000017209338,214.00000367836282
Random matched local,Group_C4_happy_50k_0.75x.ply,310,14,5724,5716,0.043860928016206134,8,8512.6398023495,140.9999936783987,193.99999401489322,11103.984738184401,1.304411439459671,54.999999253784715,123.99999434369548
Random matched local,Group_C4_happy_50k_0.75x.ply,311,14,5724,5716,0.043860928016206134,8,8512.6398023495,164.00000001025631,151.00000534032267,8826.155307864354,1.0368294104759752,88.00000017209338,214.00000367836282
Random matched local,Group_C4_happy_50k_0.75x.ply,312,15,5724,5705,0.04377652105186424,19,8512.6398023495,164.00000001025631,151.00000534032267,8826.155307864354,1.0368294104759752,161.99999767787153,159.0000010094835
Random matched local,Group_C4_happy_50k_0.75x.ply,313,14,5724,5679,0.043577013681601585,45,8512.6398023495,342.9999970228311,30.99999858592387,9120.318515241639,1.0713854605623532,332.9999990212855,34.99999983559887
Random matched local,Group_C4_happy_50k_0.75x.ply,314,15,5724,5715,0.04385325465581142,9,8512.6398023495,358.99998836115276,39.00000108527387,9698.28160341121,1.1392801561666535,67.99999733881295,312.000008682191
Random matched local,Group_C4_happy_50k_0.75x.ply,315,15,5724,5694,0.04369211408752235,30,8512.6398023495,346.00000735159745,31.999999752116263,8512.6398023495,1.0,24.000000667860846,339.9999866940647
Random matched local,Group_C4_happy_50k_0.75x.ply,316,14,5724,5695,0.04369978744791707,29,8512.6398023495,351.0000063523703,327.0000056845094,9841.384966511372,1.1560908478466498,15.999999876058132,39.00000108527387
Random matched local,Group_C4_happy_50k_0.75x.ply,317,15,5724,5723,0.04391464153896916,1,8512.6398023495,166.99999667864435,149.0000030079379,8924.279331175749,1.0483562723648467,33.99999866940647,115.99999867453464
Random matched local,Group_C4_happy_50k_0.75x.ply,318,15,5724,5703,0.043761174331074806,21,8512.6398023495,346.00000735159745,31.999999752116263,8512.6398023495,1.0,307.0000096814182,187.00000634211395
Random matched local,Group_C4_happy_50k_0.75x.ply,319,14,5724,5696,0.04370746080831178,28,8512.6398023495,346.00000735159745,31.999999752116263,8512.6398023495,1.0,107.00000183918141,0.9999999922536332
Random matched local,Group_C4_happy_50k_0.75x.ply,320,14,5724,5724,0.04392231489936388,0,8512.6398023495,323.99999535574307,9.99999970909292,10246.50739244193,1.203681540667782,144.9999983431683,219.99999701513886
Random matched local,Group_C4_happy_50k_0.75x.ply,321,14,5724,5724,0.04392231489936388,0,8512.6398023495,7.000000052497138,34.99999983559887,10479.721156033602,1.2310777149458603,204.00000567681718,125.99999667608026
Random matched local,Group_C4_happy_50k_0.75x.ply,322,14,5724,5687,0.04363840056475932,37,8512.6398023495,347.0000016876007,328.00000002051263,10545.421237787925,1.238795659470682,66.00000183661733,178.00000267657154
Random matched local,Group_C4_happy_50k_0.75x.ply,323,15,5724,5721,0.043899294818179724,3,8512.6398023495,164.00000001025631,151.00000534032267,8826.155307864354,1.0368294104759752,109.99999850756943,342.0000026868279
Random matched local,Group_C4_happy_50k_0.75x.ply,324,18,5724,5710,0.04381488785383783,14,8512.6398023495,351.0000063523703,327.0000056845094,9841.384966511372,1.1560908478466498,106.000000672989,21.00000058437824
Random matched local,Group_C4_happy_50k_0.75x.ply,325,15,5724,5691,0.04366909400633819,33,8512.6398023495,164.00000001025631,151.00000534032267,8826.155307864354,1.0368294104759752,323.00000101973984,34.99999983559887
Random matched local,Group_C4_happy_50k_0.75x.ply,326,15,5724,5700,0.04373815424989065,24,8512.6398023495,164.00000001025631,151.00000534032267,8826.155307864354,1.0368294104759752,266.999990354479,360.00001001791264
Random matched local,Group_C4_happy_50k_0.75x.ply,327,15,5724,5716,0.043860928016206134,8,8512.6398023495,351.0000063523703,327.0000056845094,9841.384966511372,1.1560908478466498,308.99999835342464,318.9999963549702
Random matched local,Group_C4_happy_50k_0.75x.ply,328,15,5724,5687,0.04363840056475932,37,8512.6398023495,166.99999667864435,149.0000030079379,8924.279331175749,1.0483562723648467,130.99999567685308,240.00000667860846
Random matched local,Group_C4_happy_50k_0.75x.ply,329,16,5724,5724,0.04392231489936388,0,8512.6398023495,144.9999983431683,183.00000167734436,10373.267260464754,1.2185723231942363,18.000000500895634,45.999999003336896
Random matched local,Group_C4_happy_50k_0.75x.ply,330,15,5724,5712,0.043830234574627265,12,8512.6398023495,323.99999535574307,9.99999970909292,10246.50739244193,1.203681540667782,7.000000052497138,337.99999802205826
Random matched local,Group_C4_happy_50k_0.75x.ply,331,14,5724,5695,0.04369978744791707,29,8512.6398023495,352.0000006883735,39.99999883637168,8892.721381069216,1.044649085071685,86.99999900590097,161.99999767787153
Random matched local,Group_C4_happy_50k_0.75x.ply,332,15,5724,5705,0.04377652105186424,19,8512.6398023495,341.00000835082466,25.999999585151052,9953.831838182181,1.169300248723658,108.0000030053738,39.99999883637168
Random matched local,Group_C4_happy_50k_0.75x.ply,333,15,5724,5681,0.04359236040239102,43,8512.6398023495,346.00000735159745,31.999999752116263,8512.6398023495,1.0,295.9999900231126,156.0000043410955
Random matched local,Group_C4_happy_50k_0.75x.ply,334,16,5724,5721,0.043899294818179724,3,8512.6398023495,3.999999969014533,39.99999883637168,10337.640431301654,1.2143871550219298,12.999999792575526,47.000000169529294
Random matched local,Group_C4_happy_50k_0.75x.ply,335,14,5724,5720,0.04389162145778501,4,8512.6398023495,346.00000735159745,31.999999752116263,8512.6398023495,1.0,318.000002018967,9.99999970909292
Random matched local,Group_C4_happy_50k_0.75x.ply,336,15,5724,5722,0.043906968178574445,2,8512.6398023495,351.0000063523703,327.0000056845094,9841.384966511372,1.1560908478466498,327.0000056845094,328.99999435651586
Random matched local,Group_C4_happy_50k_0.75x.ply,337,15,5724,5708,0.043799541133048396,16,8512.6398023495,142.00000167478026,185.00000400972914,10599.66343493501,1.245167619098542,130.00000134084985,197.9999986796628
Random matched local,Group_C4_happy_50k_0.75x.ply,338,14,5724,5724,0.04392231489936388,0,8512.6398023495,173.00000367579872,212.99999568198123,10946.62256477293,1.2859257314930261,281.9999873567974,151.00000534032267
Random matched local,Group_C4_happy_50k_0.75x.ply,339,15,5724,5707,0.043791867772653675,17,8512.6398023495,171.00000134341394,212.99999568198123,10081.265583511227,1.1842701932165371,16.999999334703237,9.99999970909292
Random matched local,Group_C4_happy_50k_0.75x.ply,340,20,5724,5705,0.04377652105186424,19,8512.6398023495,7.000000052497138,34.99999983559887,10479.721156033602,1.2310777149458603,104.99999950679661,24.000000667860846
Random matched local,Group_C4_happy_50k_0.75x.ply,341,14,5724,5719,0.04388394809739029,5,8512.6398023495,346.00000735159745,31.999999752116263,8512.6398023495,1.0,47.000000169529294,312.000008682191
Random matched local,Group_C4_happy_50k_0.75x.ply,342,16,5724,5708,0.043799541133048396,16,8512.6398023495,166.00000234264112,209.00000467759,12445.731596513227,1.4620296271760715,122.00000567168901,319.99999069097345
Random matched local,Group_C4_happy_50k_0.75x.ply,343,15,5724,5701,0.04374582761028537,23,8512.6398023495,342.9999970228311,30.99999858592387,9120.318515241639,1.0713854605623532,239.00001234260523,154.99999634471394
Random matched local,Group_C4_happy_50k_0.75x.ply,344,17,5724,5716,0.043860928016206134,8,8512.6398023495,346.00000735159745,31.999999752116263,8512.6398023495,1.0,66.00000183661733,345.0000130155942
Random matched local,Group_C4_happy_50k_0.75x.ply,345,14,5724,5705,0.04377652105186424,19,8512.6398023495,346.00000735159745,31.999999752116263,8512.6398023495,1.0,88.00000017209338,214.00000367836282
Random matched local,Group_C4_happy_50k_0.75x.ply,346,14,5724,5717,0.043868601376600855,7,8512.6398023495,351.0000063523703,41.00000000256408,9757.436011448379,1.1462291648655583,61.000002835844505,257.9999866889366
Random matched local,Group_C4_happy_50k_0.75x.ply,347,16,5724,5672,0.04352330015883856,52,8512.6398023495,352.0000006883735,39.99999883637168,8892.721381069216,1.044649085071685,7.999999938029066,42.00000116875648
Random matched local,Group_C4_happy_50k_0.75x.ply,348,15,5724,5711,0.04382256121423255,13,8512.6398023495,149.99999734394112,156.99999867709872,10175.144376833578,1.1952983578637058,313.99999735419743,12.000000333930423
Random matched local,Group_C4_happy_50k_0.75x.ply,349,15,5724,5724,0.04392231489936388,0,8512.6398023495,164.00000001025631,151.00000534032267,8826.155307864354,1.0368294104759752,161.0000033418683,156.99999867709872
Random matched local,Group_C4_happy_50k_0.75x.ply,350,14,5724,5703,0.043761174331074806,21,8512.6398023495,166.99999667864435,149.0000030079379,8924.279331175749,1.0483562723648467,242.99998968661814,327.0000056845094
Random matched local,Group_C4_happy_50k_0.75x.ply,351,14,5724,5711,0.04382256121423255,13,8512.6398023495,89.00000133828577,101.00000167221619,14609.870831828472,1.7162561991400278,260.0000026816997,205.0000000128204
Random matched local,Group_C4_happy_50k_0.75x.ply,352,14,5724,5702,0.04375350097068009,22,8512.6398023495,159.0000010094835,149.99999734394112,9335.83807354131,1.0967030545524323,276.9999883560246,149.99999734394112
Random matched local,Group_C4_happy_50k_0.75x.ply,353,15,5724,5710,0.04381488785383783,14,8512.6398023495,159.0000010094835,149.99999734394112,9335.83807354131,1.0967030545524323,334.9999876932919,61.99999717184774
Random matched local,Group_C4_happy_50k_0.75x.ply,354,17,5724,5713,0.043837907935021986,11,8512.6398023495,324.9999896917463,28.000000209988553,10432.616738248462,1.2255442471992113,338.9999923580615,334.9999876932919
Random matched local,Group_C4_happy_50k_0.75x.ply,355,14,5724,5717,0.043868601376600855,7,8512.6398023495,178.00000267657154,146.00000633954986,10112.519106589072,1.1879416187441647,228.000006344678,154.0000020087107
Random matched local,Group_C4_happy_50k_0.75x.ply,356,15,5724,5711,0.04382256121423255,13,8512.6398023495,317.00000768296377,353.99998936037997,10570.388194943262,1.2417285871799508,90.99999684048139,22.000000043023345
Random matched local,Group_C4_happy_50k_0.75x.ply,357,15,5724,5694,0.04369211408752235,30,8512.6398023495,346.00000735159745,31.999999752116263,8512.6398023495,1.0,199.00000667604436,217.00000034675082
Random matched local,Group_C4_happy_50k_0.75x.ply,358,14,5724,5688,0.043646073925154044,36,8512.6398023495,164.00000001025631,151.00000534032267,8826.155307864354,1.0368294104759752,202.9999976804356,209.00000467759
Random matched local,Group_C4_happy_50k_0.75x.ply,359,16,5724,5714,0.0438455812954167,10,8512.6398023495,351.0000063523703,327.0000056845094,9841.384966511372,1.1560908478466498,352.0000006883735,324.9999896917463
Random matched local,Group_C4_happy_50k_0.75x.ply,360,15,5724,5670,0.04350795343804913,54,8512.6398023495,149.99999734394112,156.99999867709872,10175.144376833578,1.1952983578637058,317.00000768296377,347.0000016876007
Random matched local,Group_C4_happy_50k_0.75x.ply,361,14,5724,5719,0.04388394809739029,5,8512.6398023495,164.00000001025631,151.00000534032267,8826.155307864354,1.0368294104759752,47.000000169529294,36.99999875288908
Random matched local,Group_C4_happy_50k_0.75x.ply,362,16,5724,5689,0.04365374728554876,35,8512.6398023495,351.0000063523703,327.0000056845094,9841.384966511372,1.1560908478466498,221.99999934752364,183.00000167734436
Random matched local,Group_C4_happy_50k_0.75x.ply,363,15,5724,5691,0.04366909400633819,33,8512.6398023495,164.00000001025631,151.00000534032267,8826.155307864354,1.0368294104759752,278.0000100127845,163.0000056742531
Random matched local,Group_C4_happy_50k_0.75x.ply,364,14,5724,5707,0.043791867772653675,17,8512.6398023495,342.0000026868279,27.00000075134345,9270.234541459517,1.0889964519467767,327.0000056845094,328.99999435651586
Random matched local,Group_C4_happy_50k_0.75x.ply,365,14,5724,5710,0.04381488785383783,14,8512.6398023495,346.00000735159745,31.999999752116263,8512.6398023495,1.0,222.99999368352687,132.99999800923788
Random matched local,Group_C4_happy_50k_0.75x.ply,366,14,5724,5706,0.04378419441225896,18,8512.6398023495,351.0000063523703,327.0000056845094,9841.384966511372,1.1560908478466498,67.99999733881295,321.0000123477334
Random matched local,Group_C4_happy_50k_0.75x.ply,367,15,5724,5723,0.04391464153896916,1,8512.6398023495,166.99999667864435,149.0000030079379,8924.279331175749,1.0483562723648467,67.00000300280972,332.9999990212855
Random matched local,Group_C4_happy_50k_0.75x.ply,368,16,5724,5723,0.04391464153896916,1,8512.6398023495,144.00000400716507,166.99999667864435,10236.787401940212,1.202539710315811,327.0000056845094,328.99999435651586
Random matched local,Group_C4_happy_50k_0.75x.ply,369,15,5724,5700,0.04373815424989065,24,8512.6398023495,159.0000010094835,149.99999734394112,9335.83807354131,1.0967030545524323,236.9999963498421,147.00000067555308
Random matched local,Group_C4_happy_50k_0.75x.ply,370,14,5724,5714,0.0438455812954167,10,8512.6398023495,351.0000063523703,327.0000056845094,9841.384966511372,1.1560908478466498,351.0000063523703,318.000002018967
Random matched local,Group_C4_happy_50k_0.75x.ply,371,16,5724,5694,0.04369211408752235,30,8512.6398023495,342.0000026868279,27.00000075134345,9270.234541459517,1.0889964519467767,294.9999956871094,173.00000367579872
Random matched local,Group_C4_happy_50k_0.75x.ply,372,14,5724,5709,0.04380721449344312,15,8512.6398023495,166.99999667864435,149.0000030079379,8924.279331175749,1.0483562723648467,202.9999976804356,159.99999534548672
Random matched local,Group_C4_happy_50k_0.75x.ply,373,18,5724,5692,0.04367676736673291,32,8512.6398023495,342.0000026868279,27.00000075134345,9270.234541459517,1.0889964519467767,164.99999434625954,200.0000010120476
Random matched local,Group_C4_happy_50k_0.75x.ply,374,15,5724,5663,0.0434542399152861,61,8512.6398023495,140.9999936783987,193.99999401489322,11103.984738184401,1.304411439459671,139.00000500639226,250.9999990161573
Random matched local,Group_C4_happy_50k_0.75x.ply,375,15,5724,5706,0.04378419441225896,18,8512.6398023495,139.99999934239548,192.00000534288677,11059.982717529801,1.2992424176666362,164.00000001025631,195.00000201127477
Random matched local,Group_C4_happy_50k_0.75x.ply,376,14,5724,5714,0.0438455812954167,10,8512.6398023495,144.9999983431683,183.00000167734436,10373.267260464754,1.2185723231942363,255.00000368092688,217.00000034675082
Random matched local,Group_C4_happy_50k_0.75x.ply,377,14,5724,5710,0.04381488785383783,14,8512.6398023495,346.00000735159745,31.999999752116263,8512.6398023495,1.0,329.9999886925191,337.00000368605504
Random matched local,Group_C4_happy_50k_0.75x.ply,378,14,5724,5690,0.04366142064594348,34,8512.6398023495,351.0000063523703,327.0000056845094,9841.384966511372,1.1560908478466498,278.0000100127845,163.0000056742531
Random matched local,Group_C4_happy_50k_0.75x.ply,379,14,5724,5683,0.043607707123180454,41,8512.6398023495,159.0000010094835,149.99999734394112,9335.83807354131,1.0967030545524323,102.99999717441182,36.99999875288908
Random matched local,Group_C4_happy_50k_0.75x.ply,380,16,5724,5723,0.04391464153896916,1,8512.6398023495,183.99999601334758,214.00000367836282,12817.859649658203,1.5057443927229783,56.000000419977106,104.99999950679661
Random matched local,Group_C4_happy_50k_0.75x.ply,381,14,5724,5715,0.04385325465581142,9,8512.6398023495,328.00000002051263,3.999999969014533,10339.027593943698,1.2145501083095414,88.00000017209338,244.00001134337802
Random matched local,Group_C4_happy_50k_0.75x.ply,382,14,5724,5717,0.043868601376600855,7,8512.6398023495,166.99999667864435,144.9999983431683,8967.041969299316,1.0533797009506265,185.99999834573237,178.00000267657154
Random matched local,Group_C4_happy_50k_0.75x.ply,383,14,5724,5714,0.0438455812954167,10,8512.6398023495,166.99999667864435,149.0000030079379,8924.279331175749,1.0483562723648467,176.99999468018999,154.99999634471394
Random matched local,Group_C4_happy_50k_0.75x.ply,384,14,5724,5704,0.04376884769146953,20,8512.6398023495,327.0000056845094,7.000000052497138,10049.906643954191,1.1805863841649218,252.99998768816374,329.9999886925191
Random matched local,Group_C4_happy_50k_0.75x.ply,385,15,5724,5712,0.043830234574627265,12,8512.6398023495,142.9999960107835,171.00000134341394,10294.787154709997,1.2093530789201983,22.999999501668448,255.00000368092688
Random matched local,Group_C4_happy_50k_0.75x.ply,386,15,5724,5652,0.04336983295094421,72,8512.6398023495,9.99999970909292,33.000000918308665,11009.679352941592,1.293333162047207,230.00000867706282,169.99999334703236
Random matched local,Group_C4_happy_50k_0.75x.ply,387,15,5724,5706,0.04378419441225896,18,8512.6398023495,351.0000063523703,327.0000056845094,9841.384966511372,1.1560908478466498,356.9999996891463,329.9999886925191
Random matched local,Group_C4_happy_50k_0.75x.ply,388,15,5724,5702,0.04375350097068009,22,8512.6398023495,342.9999970228311,30.99999858592387,9120.318515241639,1.0713854605623532,353.99998936037997,350.00001201636707
Random matched local,Group_C4_happy_50k_0.75x.ply,389,16,5724,5717,0.043868601376600855,7,8512.6398023495,351.0000063523703,327.0000056845094,9841.384966511372,1.1560908478466498,61.99999717184774,347.0000016876007
Random matched local,Group_C4_happy_50k_0.75x.ply,390,15,5724,5700,0.04373815424989065,24,8512.6398023495,351.0000063523703,327.0000056845094,9841.384966511372,1.1560908478466498,255.9999980169301,16.999999334703237
Random matched local,Group_C4_happy_50k_0.75x.ply,391,15,5724,5723,0.04391464153896916,1,8512.6398023495,142.9999960107835,171.00000134341394,10294.787154709997,1.2093530789201983,28.99999966863366,355.00001101713985
Random matched local,Group_C4_happy_50k_0.75x.ply,392,16,5724,5708,0.043799541133048396,16,8512.6398023495,166.99999667864435,212.99999568198123,10687.78077432932,1.2555189720795514,95.00000150525098,337.00000368605504
Random matched local,Group_C4_happy_50k_0.75x.ply,393,16,5724,5717,0.043868601376600855,7,8512.6398023495,323.00000101973984,0.9999999922536332,10413.985607052637,1.223355604001753,22.999999501668448,255.00000368092688
Random matched local,Group_C4_happy_50k_0.75x.ply,394,14,5724,5709,0.04380721449344312,15,8512.6398023495,144.00000400716507,166.99999667864435,10236.787401940212,1.202539710315811,254.00000934492365,357.99999402514953
Random matched local,Group_C4_happy_50k_0.75x.ply,395,14,5724,5715,0.04385325465581142,9,8512.6398023495,342.9999970228311,30.99999858592387,9120.318515241639,1.0713854605623532,33.99999866940647,115.99999867453464
Random matched local,Group_C4_happy_50k_0.75x.ply,396,15,5724,5692,0.04367676736673291,32,8512.6398023495,159.0000010094835,149.99999734394112,9335.83807354131,1.0967030545524323,149.0000030079379,151.00000534032267
Random matched local,Group_C4_happy_50k_0.75x.ply,397,15,5724,5720,0.04389162145778501,4,8512.6398023495,352.0000006883735,39.99999883637168,8892.721381069216,1.044649085071685,286.9999863575702,168.0000046750259
Random matched local,Group_C4_happy_50k_0.75x.ply,398,15,5724,5682,0.043600033762785734,42,8512.6398023495,159.0000010094835,149.99999734394112,9335.83807354131,1.0967030545524323,59.00000050345972,244.00001134337802
Random matched local,Group_C4_happy_50k_0.75x.ply,399,15,5724,5715,0.04385325465581142,9,8512.6398023495,164.00000001025631,151.00000534032267,8826.155307864354,1.0368294104759752,0.9999999922536332,346.00000735159745
Random matched local,Group_C4_happy_50k_0.75x.ply,400,15,5724,5720,0.04389162145778501,4,8512.6398023495,324.9999896917463,28.000000209988553,10432.616738248462,1.2255442471992113,171.99999567941717,180.99999934495955
Random matched local,Group_C4_happy_50k_0.75x.ply,401,15,5724,5714,0.0438455812954167,10,8512.6398023495,351.0000063523703,327.0000056845094,9841.384966511372,1.1560908478466498,45.00000125223908,6.000000166965211
Random matched local,Group_C4_happy_50k_0.75x.ply,402,14,5724,5709,0.04380721449344312,15,8512.6398023495,161.0000033418683,154.99999634471394,11167.384376210615,1.311859145400279,252.99998768816374,329.9999886925191
Random matched local,Group_C4_happy_50k_0.75x.ply,403,15,5724,5723,0.04391464153896916,1,8512.6398023495,346.00000735159745,31.999999752116263,8512.6398023495,1.0,112.00000083995421,54.999999253784715
Random matched local,Group_C4_happy_50k_0.75x.ply,404,17,5724,5705,0.04377652105186424,19,8512.6398023495,139.99999934239548,168.0000046750259,10286.708508641266,1.2084040611940519,28.99999966863366,345.0000130155942
Random matched local,Group_C4_happy_50k_0.75x.ply,405,16,5724,5723,0.04391464153896916,1,8512.6398023495,169.99999334703236,144.9999983431683,9378.07855527263,1.1016651441876193,178.99999701257477,135.9999946776259
Random matched local,Group_C4_happy_50k_0.75x.ply,406,18,5724,5724,0.04392231489936388,0,8512.6398023495,351.0000063523703,327.0000056845094,9841.384966511372,1.1560908478466498,168.99999901102913,279.00000434878774
Random matched local,Group_C4_happy_50k_0.75x.ply,407,15,5724,5715,0.04385325465581142,9,8512.6398023495,358.99998836115276,39.00000108527387,9698.28160341121,1.1392801561666535,7.000000052497138,337.99999802205826
Random matched local,Group_C4_happy_50k_0.75x.ply,408,15,5724,5715,0.04385325465581142,9,8512.6398023495,142.00000167478026,185.00000400972914,10599.66343493501,1.245167619098542,164.00000001025631,195.00000201127477
Random matched local,Group_C4_happy_50k_0.75x.ply,409,15,5724,5711,0.04382256121423255,13,8512.6398023495,164.00000001025631,151.00000534032267,8826.155307864354,1.0368294104759752,54.999999253784715,224.99999601591168
Random matched local,Group_C4_happy_50k_0.75x.ply,410,15,5724,5716,0.043860928016206134,8,8512.6398023495,351.0000063523703,327.0000056845094,9841.384966511372,1.1560908478466498,65.00000067042492,264.0000073464693
Random matched local,Group_C4_happy_50k_0.75x.ply,411,17,5724,5722,0.043906968178574445,2,8512.6398023495,164.00000001025631,151.00000534032267,8826.155307864354,1.0368294104759752,90.99999684048139,22.000000043023345
Random matched local,Group_C4_happy_50k_0.75x.ply,412,17,5724,5724,0.04392231489936388,0,8512.6398023495,159.0000010094835,149.99999734394112,9335.83807354131,1.0967030545524323,219.99999701513886,219.00000267913563
Random matched local,Group_C4_happy_50k_0.75x.ply,413,17,5724,5708,0.043799541133048396,16,8512.6398023495,351.0000063523703,322.0000066837366,11102.660628389722,1.3042558931396782,161.99999767787153,241.00000101461168
Random matched local,Group_C4_happy_50k_0.75x.ply,414,15,5724,5710,0.04381488785383783,14,8512.6398023495,317.00000768296377,353.99998936037997,10570.388194943262,1.2417285871799508,264.0000073464693,6.000000166965211
Random matched local,Group_C4_happy_50k_0.75x.ply,415,15,5724,5702,0.04375350097068009,22,8512.6398023495,176.99999468018999,137.99999701001067,9770.038699315599,1.147709632518347,236.9999963498421,202.9999976804356
Random matched local,Group_C4_happy_50k_0.75x.ply,416,15,5724,5723,0.04391464153896916,1,8512.6398023495,166.99999667864435,149.0000030079379,8924.279331175749,1.0483562723648467,127.00000467246183,352.99999502437674
Random matched local,Group_C4_happy_50k_0.75x.ply,417,15,5724,5650,0.043354486230154775,74,8512.6398023495,166.99999667864435,144.9999983431683,8967.041969299316,1.0533797009506265,257.9999866889366,341.00000835082466
Random matched local,Group_C4_happy_50k_0.75x.ply,418,16,5724,5699,0.04373048088949594,25,8512.6398023495,352.0000006883735,39.99999883637168,8892.721381069216,1.044649085071685,255.00000368092688,217.00000034675082
Random matched local,Group_C4_happy_50k_0.75x.ply,419,16,5724,5703,0.043761174331074806,21,8512.6398023495,327.0000056845094,7.000000052497138,10049.906643954191,1.1805863841649218,144.9999983431683,205.0000000128204
Random matched local,Group_C4_happy_50k_0.75x.ply,420,15,5724,5721,0.043899294818179724,3,8512.6398023495,176.99999468018999,137.99999701001067,9770.038699315599,1.147709632518347,185.99999834573237,127.99999900846505
Random matched local,Group_C4_happy_50k_0.75x.ply,421,16,5724,5723,0.04391464153896916,1,8512.6398023495,178.00000267657154,146.00000633954986,10112.519106589072,1.1879416187441647,6.000000166965211,14.000000104994276
Random matched local,Group_C4_happy_50k_0.75x.ply,422,14,5724,5714,0.0438455812954167,10,8512.6398023495,139.99999934239548,192.00000534288677,11059.982717529801,1.2992424176666362,202.00000334443237,192.00000534288677
Random matched local,Group_C4_happy_50k_0.75x.ply,423,17,5724,5713,0.043837907935021986,11,8512.6398023495,328.00000002051263,3.999999969014533,10339.027593943698,1.2145501083095414,16.999999334703237,9.99999970909292
Random matched local,Group_C4_happy_50k_0.75x.ply,424,15,5724,5698,0.04372280752910122,26,8512.6398023495,159.0000010094835,149.99999734394112,9335.83807354131,1.0967030545524323,236.9999963498421,202.9999976804356
Random matched local,Group_C4_happy_50k_0.75x.ply,425,16,5724,5717,0.043868601376600855,7,8512.6398023495,342.0000026868279,27.00000075134345,9270.234541459517,1.0889964519467767,207.0000023452052,151.00000534032267
Random matched local,Group_C4_happy_50k_0.75x.ply,426,15,5724,5708,0.043799541133048396,16,8512.6398023495,324.9999896917463,28.000000209988553,10432.616738248462,1.2255442471992113,358.99998836115276,101.00000167221619
Random matched local,Group_C4_happy_50k_0.75x.ply,427,15,5724,5704,0.04376884769146953,20,8512.6398023495,178.00000267657154,146.00000633954986,10112.519106589072,1.1879416187441647,154.99999634471394,195.00000201127477
Random matched local,Group_C4_happy_50k_0.75x.ply,428,15,5724,5689,0.04365374728554876,35,8512.6398023495,358.99998836115276,39.00000108527387,9698.28160341121,1.1392801561666535,47.000000169529294,312.000008682191
Random matched local,Group_C4_happy_50k_0.75x.ply,429,17,5724,5719,0.04388394809739029,5,8512.6398023495,164.00000001025631,151.00000534032267,8826.155307864354,1.0368294104759752,166.99999667864435,190.99999734650518
Random matched local,Group_C4_happy_50k_0.75x.ply,430,16,5724,5713,0.043837907935021986,11,8512.6398023495,352.0000006883735,327.0000056845094,10231.144172100981,1.201876786713937,86.99999900590097,161.99999767787153
Random matched local,Group_C4_happy_50k_0.75x.ply,431,15,5724,5718,0.043876274736995576,6,8512.6398023495,327.0000056845094,7.000000052497138,10049.906643954191,1.1805863841649218,299.99999468788224,144.00000400716507
Random matched local,Group_C4_happy_50k_0.75x.ply,432,15,5724,5720,0.04389162145778501,4,8512.6398023495,351.0000063523703,322.0000066837366,11102.660628389722,1.3042558931396782,358.99998836115276,61.99999717184774
Random matched local,Group_C4_happy_50k_0.75x.ply,433,16,5724,5706,0.04378419441225896,18,8512.6398023495,185.00000400972914,214.00000367836282,13003.339452191818,1.5275331453120897,108.99999734137702,341.00000835082466
Random matched local,Group_C4_happy_50k_0.75x.ply,434,15,5724,5699,0.04373048088949594,25,8512.6398023495,164.00000001025631,151.00000534032267,8826.155307864354,1.0368294104759752,352.99999502437674,313.0000030181942
Random matched local,Group_C4_happy_50k_0.75x.ply,435,15,5724,5672,0.04352330015883856,52,8512.6398023495,341.00000835082466,25.999999585151052,9953.831838182181,1.169300248723658,270.00000068324533,347.9999960236039
Random matched local,Group_C4_happy_50k_0.75x.ply,436,14,5724,5713,0.043837907935021986,11,8512.6398023495,327.0000056845094,7.000000052497138,10049.906643954191,1.1805863841649218,314.99999169020066,348.9999903596071
Random matched local,Group_C4_happy_50k_0.75x.ply,437,16,5724,5715,0.04385325465581142,9,8512.6398023495,346.00000735159745,31.999999752116263,8512.6398023495,1.0,71.00000083739013,331.000010349279
Random matched local,Group_C4_happy_50k_0.75x.ply,438,14,5724,5698,0.04372280752910122,26,8512.6398023495,342.0000026868279,27.00000075134345,9270.234541459517,1.0889964519467767,27.00000075134345,317.00000768296377
Random matched local,Group_C4_happy_50k_0.75x.ply,439,16,5724,5724,0.04392231489936388,0,8512.6398023495,164.00000001025631,151.00000534032267,8826.155307864354,1.0368294104759752,33.99999866940647,338.9999923580615
Random matched local,Group_C4_happy_50k_0.75x.ply,440,15,5724,5718,0.043876274736995576,6,8512.6398023495,139.99999934239548,192.00000534288677,11059.982717529801,1.2992424176666362,41.00000000256408,350.00001201636707
Random matched local,Group_C4_happy_50k_0.75x.ply,441,15,5724,5722,0.043906968178574445,2,8512.6398023495,169.99999334703236,144.9999983431683,9378.07855527263,1.1016651441876193,337.00000368605504,327.0000056845094
Random matched local,Group_C4_happy_50k_0.75x.ply,442,16,5724,5712,0.043830234574627265,12,8512.6398023495,324.9999896917463,34.99999983559887,12942.893445984391,1.5204324095108706,48.00000133572169,15.999999876058132
Random matched local,Group_C4_happy_50k_0.75x.ply,443,15,5724,5683,0.043607707123180454,41,8512.6398023495,327.0000056845094,7.000000052497138,10049.906643954191,1.1805863841649218,108.0000030053738,318.000002018967
Random matched local,Group_C4_happy_50k_0.75x.ply,444,15,5724,5713,0.043837907935021986,11,8512.6398023495,346.00000735159745,31.999999752116263,8512.6398023495,1.0,332.9999990212855,34.99999983559887
Random matched local,Group_C4_happy_50k_0.75x.ply,445,14,5724,5683,0.043607707123180454,41,8512.6398023495,166.99999667864435,149.0000030079379,8924.279331175749,1.0483562723648467,168.99999901102913,140.9999936783987
Random matched local,Group_C4_happy_50k_0.75x.ply,446,15,5724,5720,0.04389162145778501,4,8512.6398023495,327.0000056845094,7.000000052497138,10049.906643954191,1.1805863841649218,110.99999967376182,42.99999891985429
Random matched local,Group_C4_happy_50k_0.75x.ply,447,14,5724,5724,0.04392231489936388,0,8512.6398023495,351.0000063523703,327.0000056845094,9841.384966511372,1.1560908478466498,134.00000600561944,139.99999934239548
Random matched local,Group_C4_happy_50k_0.75x.ply,448,15,5724,5714,0.0438455812954167,10,8512.6398023495,166.99999667864435,212.99999568198123,10687.78077432932,1.2555189720795514,281.9999873567974,151.00000534032267
Random matched local,Group_C4_happy_50k_0.75x.ply,449,15,5724,5724,0.04392231489936388,0,8512.6398023495,159.0000010094835,149.99999734394112,9335.83807354131,1.0967030545524323,130.00000134084985,79.99999767274336
Random matched local,Group_C4_happy_50k_0.75x.ply,450,15,5724,5718,0.043876274736995576,6,8512.6398023495,164.00000001025631,151.00000534032267,8826.155307864354,1.0368294104759752,161.0000033418683,156.99999867709872
Random matched local,Group_C4_happy_50k_0.75x.ply,451,15,5724,5681,0.04359236040239102,43,8512.6398023495,346.00000735159745,31.999999752116263,8512.6398023495,1.0,104.99999950679661,24.000000667860846
Random matched local,Group_C4_happy_50k_0.75x.ply,452,14,5724,5723,0.04391464153896916,1,8512.6398023495,352.0000006883735,39.99999883637168,8892.721381069216,1.044649085071685,185.99999834573237,125.99999667608026
Random matched local,Group_C4_happy_50k_0.75x.ply,453,14,5724,5685,0.04362305384396989,39,8512.6398023495,351.0000063523703,30.99999858592387,9864.753928066286,1.1588360552203325,274.9999996840181,61.000002835844505
Random matched local,Group_C4_happy_50k_0.75x.ply,454,14,5724,5664,0.043461913275680816,60,8512.6398023495,149.0000030079379,161.99999767787153,10725.783907677516,1.2599832903439876,113.00000200614662,294.00000135110616
Random matched local,Group_C4_happy_50k_0.75x.ply,455,15,5724,5713,0.043837907935021986,11,8512.6398023495,346.00000735159745,31.999999752116263,8512.6398023495,1.0,237.99999068584532,299.99999468788224
Random matched local,Group_C4_happy_50k_0.75x.ply,456,14,5724,5707,0.043791867772653675,17,8512.6398023495,166.99999667864435,149.0000030079379,8924.279331175749,1.0483562723648467,244.00001134337802,219.00000267913563
Random matched local,Group_C4_happy_50k_0.75x.ply,457,15,5724,5682,0.043600033762785734,42,8512.6398023495,327.0000056845094,7.000000052497138,10049.906643954191,1.1805863841649218,195.00000201127477,205.99999434882363
Random matched local,Group_C4_happy_50k_0.75x.ply,458,16,5724,5692,0.04367676736673291,32,8512.6398023495,159.0000010094835,149.99999734394112,9335.83807354131,1.0967030545524323,140.9999936783987,106.000000672989
Random matched local,Group_C4_happy_50k_0.75x.ply,459,16,5724,5671,0.04351562679844384,53,8512.6398023495,6.000000166965211,327.0000056845094,13365.574119504818,1.570085711346074,214.00000367836282,122.00000567168901
Random matched local,Group_C4_happy_50k_0.75x.ply,460,15,5724,5710,0.04381488785383783,14,8512.6398023495,171.00000134341394,212.99999568198123,10081.265583511227,1.1842701932165371,295.9999900231126,156.0000043410955
Random matched local,Group_C4_happy_50k_0.75x.ply,461,14,5724,5692,0.04367676736673291,32,8512.6398023495,351.0000063523703,327.0000056845094,9841.384966511372,1.1560908478466498,90.00000250447816,234.0000133418324
Random matched local,Group_C4_happy_50k_0.75x.ply,462,14,5724,5712,0.043830234574627265,12,8512.6398023495,139.99999934239548,168.0000046750259,10286.708508641266,1.2084040611940519,132.99999800923788,164.00000001025631
Random matched local,Group_C4_happy_50k_0.75x.ply,463,16,5724,5690,0.04366142064594348,34,8512.6398023495,348.9999903596071,30.99999858592387,8607.962899956821,1.0111978304991844,209.00000467759,142.9999960107835
Random matched local,Group_C4_happy_50k_0.75x.ply,464,15,5724,5714,0.0438455812954167,10,8512.6398023495,199.00000667604436,144.9999983431683,15439.983241814227,1.8137714739853987,204.00000567681718,231.00000301306605
Random matched local,Group_C4_happy_50k_0.75x.ply,465,15,5724,5690,0.04366142064594348,34,8512.6398023495,166.99999667864435,149.0000030079379,8924.279331175749,1.0483562723648467,37.999999919081475,123.99999434369548
Random matched local,Group_C4_happy_50k_0.75x.ply,466,15,5724,5692,0.04367676736673291,32,8512.6398023495,342.0000026868279,27.00000075134345,9270.234541459517,1.0889964519467767,130.99999567685308,231.00000301306605
Random matched local,Group_C4_happy_50k_0.75x.ply,467,14,5724,5669,0.043500280077654406,55,8512.6398023495,146.00000633954986,183.00000167734436,11104.699993921706,1.3044954622485958,281.9999873567974,151.00000534032267
Random matched local,Group_C4_happy_50k_0.75x.ply,468,15,5724,5712,0.043830234574627265,12,8512.6398023495,351.0000063523703,322.0000066837366,11102.660628389722,1.3042558931396782,284.99999768556376,187.00000634211395
Random matched local,Group_C4_happy_50k_0.75x.ply,469,16,5724,5705,0.04377652105186424,19,8512.6398023495,166.99999667864435,144.9999983431683,8967.041969299316,1.0533797009506265,264.0000073464693,12.999999792575526
Random matched local,Group_C4_happy_50k_0.75x.ply,470,17,5724,5706,0.04378419441225896,18,8512.6398023495,164.00000001025631,151.00000534032267,8826.155307864354,1.0368294104759752,28.99999966863366,355.00001101713985
Random matched local,Group_C4_happy_50k_0.75x.ply,471,15,5724,5706,0.04378419441225896,18,8512.6398023495,351.0000063523703,327.0000056845094,9841.384966511372,1.1560908478466498,304.999993688655,197.9999986796628
Random matched local,Group_C4_happy_50k_0.75x.ply,472,15,5724,5704,0.04376884769146953,20,8512.6398023495,323.00000101973984,0.9999999922536332,10413.985607052637,1.223355604001753,51.999999170302104,319.99999069097345
Random matched local,Group_C4_happy_50k_0.75x.ply,473,14,5724,5721,0.043899294818179724,3,8512.6398023495,164.00000001025631,151.00000534032267,8826.155307864354,1.0368294104759752,249.00001034415084,337.99999802205826
Random matched local,Group_C4_happy_50k_0.75x.ply,474,17,5724,5711,0.04382256121423255,13,8512.6398023495,347.0000016876007,44.00000008604669,10335.39417361425,1.2141232818005134,16.999999334703237,30.000000834826057
Random matched local,Group_C4_happy_50k_0.75x.ply,475,15,5724,5715,0.04385325465581142,9,8512.6398023495,323.00000101973984,347.0000016876007,11451.06012170965,1.345183208450702,54.999999253784715,122.00000567168901
Random matched local,Group_C4_happy_50k_0.75x.ply,476,15,5724,5687,0.04363840056475932,37,8512.6398023495,166.99999667864435,149.0000030079379,8924.279331175749,1.0483562723648467,82.00000000512816,154.0000020087107
Random matched local,Group_C4_happy_50k_0.75x.ply,477,18,5724,5683,0.043607707123180454,41,8512.6398023495,164.00000001025631,151.00000534032267,8826.155307864354,1.0368294104759752,149.0000030079379,180.00000500895632
Random matched local,Group_C4_happy_50k_0.75x.ply,478,14,5724,5711,0.04382256121423255,13,8512.6398023495,166.99999667864435,149.0000030079379,8924.279331175749,1.0483562723648467,324.9999896917463,3.999999969014533
Random matched local,Group_C4_happy_50k_0.75x.ply,479,14,5724,5724,0.04392231489936388,0,8512.6398023495,346.00000735159745,31.999999752116263,8512.6398023495,1.0,109.99999850756943,342.0000026868279
Random matched local,Group_C4_happy_50k_0.75x.ply,480,14,5724,5705,0.04377652105186424,19,8512.6398023495,356.0000053531431,45.00000125223908,10221.756194248672,1.2007739586758333,257.9999866889366,341.00000835082466
Random matched local,Group_C4_happy_50k_0.75x.ply,481,14,5724,5715,0.04385325465581142,9,8512.6398023495,3.999999969014533,39.99999883637168,10337.640431301654,1.2143871550219298,12.999999792575526,47.000000169529294
Random matched local,Group_C4_happy_50k_0.75x.ply,482,15,5724,5718,0.043876274736995576,6,8512.6398023495,324.9999896917463,28.000000209988553,10432.616738248462,1.2255442471992113,74.99999867197056,237.99999068584532
Random matched local,Group_C4_happy_50k_0.75x.ply,483,16,5724,5705,0.04377652105186424,19,8512.6398023495,346.00000735159745,31.999999752116263,8512.6398023495,1.0,30.000000834826057,28.99999966863366
Random matched local,Group_C4_happy_50k_0.75x.ply,484,14,5724,5724,0.04392231489936388,0,8512.6398023495,341.00000835082466,25.999999585151052,9953.831838182181,1.169300248723658,151.9999996763259,222.99999368352687
Random matched local,Group_C4_happy_50k_0.75x.ply,485,19,5724,5720,0.04389162145778501,4,8512.6398023495,348.9999903596071,30.99999858592387,8607.962899956821,1.0111978304991844,90.99999684048139,22.000000043023345
Random matched local,Group_C4_happy_50k_0.75x.ply,486,14,5724,5649,0.043346812869760054,75,8512.6398023495,159.0000010094835,149.99999734394112,9335.83807354131,1.0967030545524323,341.00000835082466,308.99999835342464
Random matched local,Group_C4_happy_50k_0.75x.ply,487,15,5724,5715,0.04385325465581142,9,8512.6398023495,323.00000101973984,347.0000016876007,11451.06012170965,1.345183208450702,159.0000010094835,188.00000067811717
Random matched local,Group_C4_happy_50k_0.75x.ply,488,18,5724,5712,0.043830234574627265,12,8512.6398023495,327.0000056845094,7.000000052497138,10049.906643954191,1.1805863841649218,22.999999501668448,255.00000368092688
Random matched local,Group_C4_happy_50k_0.75x.ply,489,16,5724,5701,0.04374582761028537,23,8512.6398023495,346.00000735159745,31.999999752116263,8512.6398023495,1.0,166.99999667864435,190.99999734650518
Random matched local,Group_C4_happy_50k_0.75x.ply,490,15,5724,5724,0.04392231489936388,0,8512.6398023495,176.99999468018999,137.99999701001067,9770.038699315599,1.147709632518347,62.99999833804013,195.999996347278
Random matched local,Group_C4_happy_50k_0.75x.ply,491,14,5724,5673,0.043530973519233275,51,8512.6398023495,159.0000010094835,149.99999734394112,9335.83807354131,1.0967030545524323,36.00000100179127,350.00001201636707
Random matched local,Group_C4_happy_50k_0.75x.ply,492,15,5724,5717,0.043868601376600855,7,8512.6398023495,342.0000026868279,27.00000075134345,9270.234541459517,1.0889964519467767,90.99999684048139,22.000000043023345
Random matched local,Group_C4_happy_50k_0.75x.ply,493,15,5724,5722,0.043906968178574445,2,8512.6398023495,351.0000063523703,327.0000056845094,9841.384966511372,1.1560908478466498,190.99999734650518,224.00000167990842
Random matched local,Group_C4_happy_50k_0.75x.ply,494,15,5724,5717,0.043868601376600855,7,8512.6398023495,164.00000001025631,151.00000534032267,8826.155307864354,1.0368294104759752,207.0000023452052,214.00000367836282
Random matched local,Group_C4_happy_50k_0.75x.ply,495,17,5724,5718,0.043876274736995576,6,8512.6398023495,346.00000735159745,31.999999752116263,8512.6398023495,1.0,51.999999170302104,319.99999069097345
Random matched local,Group_C4_happy_50k_0.75x.ply,496,15,5724,5704,0.04376884769146953,20,8512.6398023495,327.0000056845094,7.000000052497138,10049.906643954191,1.1805863841649218,209.00000467759,142.9999960107835
Random matched local,Group_C4_happy_50k_0.75x.ply,497,15,5724,5720,0.04389162145778501,4,8512.6398023495,164.00000001025631,151.00000534032267,8826.155307864354,1.0368294104759752,149.0000030079379,151.00000534032267
Random matched local,Group_C4_happy_50k_0.75x.ply,498,16,5724,5716,0.043860928016206134,8,8512.6398023495,166.99999667864435,149.0000030079379,8924.279331175749,1.0483562723648467,299.000000351879,154.99999634471394
Random matched local,Group_C4_happy_50k_0.75x.ply,499,17,5724,5724,0.04392231489936388,0,8512.6398023495,351.0000063523703,327.0000056845094,9841.384966511372,1.1560908478466498,112.00000083995421,31.999999752116263
Uniform matched local,Group_C5_lucy_50k.ply,0,7,2766,2752,0.021117087806262997,14,7605.40144502624,0.0,178.00000267657154,7849.361285690434,1.0320771812543488,0.0,176.00000034418676
Random matched local,Group_C5_lucy_50k.ply,0,7,2766,2746,0.02107104764389469,20,7605.40144502624,180.99999934495955,221.99999934752364,12304.122782935781,1.617813717247286,187.00000634211395,231.00000301306605
Random matched local,Group_C5_lucy_50k.ply,1,7,2766,2764,0.021209168130999607,2,7605.40144502624,0.9999999922536332,328.00000002051263,10425.642502209372,1.3708208011856502,299.99999468788224,318.000002018967
Random matched local,Group_C5_lucy_50k.ply,2,7,2766,2764,0.021209168130999607,2,7605.40144502624,0.9999999922536332,328.00000002051263,10425.642502209372,1.3708208011856502,341.00000835082466,308.99999835342464
Random matched local,Group_C5_lucy_50k.ply,3,8,2766,2755,0.02114010788744715,11,7605.40144502624,156.99999867709872,224.00000167990842,13662.161905903462,1.7963761682610726,67.99999733881295,86.99999900590097
Random matched local,Group_C5_lucy_50k.ply,4,7,2766,2668,0.020472525533106713,98,7605.40144502624,337.99999802205826,44.00000008604669,17409.553212567793,2.2891037821485734,334.9999876932919,294.9999956871094
Random matched local,Group_C5_lucy_50k.ply,5,7,2766,2725,0.02090990707560562,41,7605.40144502624,178.00000267657154,358.99998836115276,7605.40144502624,1.0,62.99999833804013,15.999999876058132
Random matched local,Group_C5_lucy_50k.ply,6,8,2766,2748,0.021086394364684125,18,7605.40144502624,187.00000634211395,212.99999568198123,11087.042241057088,1.4577852755304275,86.99999900590097,342.0000026868279
Random matched local,Group_C5_lucy_50k.ply,7,7,2766,2743,0.02104802756271054,23,7605.40144502624,350.00001201636707,318.9999963549702,11737.642209391948,1.5433297366660506,188.00000067811717,152.99999401232913
Random matched local,Group_C5_lucy_50k.ply,8,8,2766,2744,0.021055700923105256,22,7605.40144502624,0.0,178.00000267657154,7849.361285690434,1.0320771812543488,307.0000096814182,7.000000052497138
Random matched local,Group_C5_lucy_50k.ply,9,8,2766,2759,0.02117080132902602,7,7605.40144502624,18.999999959540737,183.99999601334758,15164.842290326584,1.9939568476354455,199.00000667604436,123.99999434369548
Random matched local,Group_C5_lucy_50k.ply,10,7,2766,2739,0.021017334121131666,27,7605.40144502624,166.99999667864435,147.9999950115563,13626.3222733805,1.7916637763141097,270.00000068324533,347.9999960236039
Random matched local,Group_C5_lucy_50k.ply,11,7,2766,2752,0.021117087806262997,14,7605.40144502624,0.9999999922536332,328.00000002051263,10425.642502209372,1.3708208011856502,279.00000434878774,283.0000090135573
Random matched local,Group_C5_lucy_50k.ply,12,7,2766,2751,0.02110941444586828,15,7605.40144502624,0.9999999922536332,328.00000002051263,10425.642502209372,1.3708208011856502,1.9999999845072665,322.0000066837366
Random matched local,Group_C5_lucy_50k.ply,13,7,2766,2745,0.021063374283499973,21,7605.40144502624,338.9999923580615,30.000000834826057,12605.52228974902,1.6574433816367111,338.9999923580615,39.99999883637168
Random matched local,Group_C5_lucy_50k.ply,14,9,2766,2698,0.020702726344948245,68,7605.40144502624,0.9999999922536332,328.00000002051263,10425.642502209372,1.3708208011856502,356.9999996891463,329.9999886925191
Random matched local,Group_C5_lucy_50k.ply,15,7,2766,2759,0.02117080132902602,7,7605.40144502624,180.99999934495955,216.0000060107476,9703.721881897982,1.2758987085742852,274.0000053480149,350.00001201636707
Random matched local,Group_C5_lucy_50k.ply,16,8,2766,2729,0.02094060051718449,37,7605.40144502624,178.00000267657154,358.99998836115276,7605.40144502624,1.0,219.99999701513886,226.99999834829646
Random matched local,Group_C5_lucy_50k.ply,17,7,2766,2765,0.021216841491394325,1,7605.40144502624,168.0000046750259,209.99999901359323,11600.322959836849,1.5252742466899227,30.000000834826057,48.00000133572169
Random matched local,Group_C5_lucy_50k.ply,18,7,2766,2748,0.021086394364684125,18,7605.40144502624,355.00001101713985,323.00000101973984,10626.001791520552,1.3971651422121465,88.00000017209338,33.99999866940647
Random matched local,Group_C5_lucy_50k.ply,19,8,2766,2757,0.021155454608236587,9,7605.40144502624,332.9999990212855,24.000000667860846,11353.20308779882,1.492781567135231,37.999999919081475,358.99998836115276
Random matched local,Group_C5_lucy_50k.ply,20,8,2766,2742,0.02104035420231582,24,7605.40144502624,151.00000534032267,166.00000234264112,12242.682709181605,1.6097352385241992,132.99999800923788,247.99998868739095
Random matched local,Group_C5_lucy_50k.ply,21,7,2766,2746,0.02107104764389469,20,7605.40144502624,161.0000033418683,214.99999801436604,12429.202883696753,1.6342599366434718,73.00000316977493,30.000000834826057
Random matched local,Group_C5_lucy_50k.ply,22,8,2766,2757,0.021155454608236587,9,7605.40144502624,347.0000016876007,324.9999896917463,10666.681715279572,1.402513962264982,337.00000368605504,327.0000056845094
Random matched local,Group_C5_lucy_50k.ply,23,8,2766,2763,0.02120149477060489,3,7605.40144502624,161.0000033418683,154.99999634471394,14850.663744713649,1.952646924959582,337.99999802205826,53.0000003364945
Random matched local,Group_C5_lucy_50k.ply,24,8,2766,2748,0.021086394364684125,18,7605.40144502624,156.0000043410955,154.99999634471394,11370.802713819772,1.4950956627353338,230.00000867706282,169.99999334703236
Random matched local,Group_C5_lucy_50k.ply,25,9,2766,2749,0.021094067725078845,17,7605.40144502624,337.00000368605504,25.999999585151052,11693.362362128644,1.5375075788768306,229.00000068068124,185.00000400972914
Random matched local,Group_C5_lucy_50k.ply,26,7,2766,2744,0.021055700923105256,22,7605.40144502624,6.000000166965211,328.99999435651586,11614.957131630134,1.5271984280627358,15.999999876058132,324.9999896917463
Random matched local,Group_C5_lucy_50k.ply,27,8,2766,2761,0.021186148049815456,5,7605.40144502624,7.999999938029066,190.00000301050196,13205.722343823141,1.7363609849233381,274.0000053480149,350.00001201636707
Random matched local,Group_C5_lucy_50k.ply,28,9,2766,2750,0.021101741085473563,16,7605.40144502624,357.99999402514953,0.0,14308.698906386195,1.8813864080434253,347.9999960236039,6.000000166965211
Random matched local,Group_C5_lucy_50k.ply,29,6,2766,2605,0.019989103828239502,161,7605.40144502624,151.9999996763259,166.00000234264112,14847.307165792166,1.952205583506965,279.00000434878774,342.9999970228311
Random matched local,Group_C5_lucy_50k.ply,30,7,2766,2753,0.021124761166657714,13,7605.40144502624,180.99999934495955,4.99999985454646,9819.281002706733,1.2910930571756103,190.99999734650518,14.000000104994276
Random matched local,Group_C5_lucy_50k.ply,31,7,2766,2741,0.021032680841921104,25,7605.40144502624,178.00000267657154,358.99998836115276,7605.40144502624,1.0,152.99999401232913,159.99999534548672
Random matched local,Group_C5_lucy_50k.ply,32,7,2766,2692,0.020656686182579938,74,7605.40144502624,0.0,180.00000500895632,7954.8413103277035,1.0459462748715243,115.99999867453464,144.00000400716507
Random matched local,Group_C5_lucy_50k.ply,33,8,2766,2747,0.021078721004289407,19,7605.40144502624,24.000000667860846,339.9999866940647,15631.06686615747,2.055258618383627,63.99999950423253,356.9999996891463
Random matched local,Group_C5_lucy_50k.ply,34,8,2766,2654,0.020365098487580665,112,7605.40144502624,24.000000667860846,339.9999866940647,15631.06686615747,2.055258618383627,229.00000068068124,212.000001345978
Random matched local,Group_C5_lucy_50k.ply,35,7,2766,2754,0.02113243452705243,12,7605.40144502624,336.0000093500518,28.99999966863366,11787.721933412158,1.5499144941416683,15.999999876058132,39.00000108527387
Random matched local,Group_C5_lucy_50k.ply,36,8,2766,2655,0.020372771847975382,111,7605.40144502624,7.999999938029066,180.00000500895632,9778.962647619326,1.28579177815979,313.0000030181942,33.000000918308665
Random matched local,Group_C5_lucy_50k.ply,37,8,2766,2703,0.02074109314692183,63,7605.40144502624,0.0,178.00000267657154,7849.361285690434,1.0320771812543488,231.00000301306605,195.00000201127477
Random matched local,Group_C5_lucy_50k.ply,38,8,2766,2734,0.02097896731915808,32,7605.40144502624,90.00000250447816,348.9999903596071,35553.04945007829,4.674710428774167,276.9999883560246,123.00000000769225
Random matched local,Group_C5_lucy_50k.ply,39,8,2766,2751,0.02110941444586828,15,7605.40144502624,180.99999934495955,4.99999985454646,9819.281002706733,1.2910930571756103,190.99999734650518,14.000000104994276
Random matched local,Group_C5_lucy_50k.ply,40,7,2766,2704,0.020748766507316548,62,7605.40144502624,356.9999996891463,328.00000002051263,10903.962387526331,1.4337129297306554,127.00000467246183,209.99999901359323
Random matched local,Group_C5_lucy_50k.ply,41,7,2766,2702,0.020733419786527114,64,7605.40144502624,0.0,178.00000267657154,7849.361285690434,1.0320771812543488,144.9999983431683,219.99999701513886
Random matched local,Group_C5_lucy_50k.ply,42,7,2766,2644,0.02028836488363349,122,7605.40144502624,185.99999834573237,1.9999999845072665,8807.08083633549,1.1580034137573527,224.99999601591168,246.99999435138773
Random matched local,Group_C5_lucy_50k.ply,43,8,2766,2732,0.020963620598368645,34,7605.40144502624,332.9999990212855,24.000000667860846,11353.20308779882,1.492781567135231,348.9999903596071,30.000000834826057
Random matched local,Group_C5_lucy_50k.ply,44,7,2766,2731,0.020955947237973924,35,7605.40144502624,169.99999334703236,221.00000501152041,11856.921448195277,1.559013226836229,100.0000005060238,345.0000130155942
Random matched local,Group_C5_lucy_50k.ply,45,8,2766,2750,0.021101741085473563,16,7605.40144502624,164.00000001025631,228.000006344678,14529.956273796144,1.9104785432856284,16.999999334703237,61.99999717184774
Random matched local,Group_C5_lucy_50k.ply,46,8,2766,2757,0.021155454608236587,9,7605.40144502624,0.0,180.00000500895632,7954.8413103277035,1.0459462748715243,317.00000768296377,31.999999752116263
Random matched local,Group_C5_lucy_50k.ply,47,9,2766,2714,0.020825500111263724,52,7605.40144502624,7.999999938029066,180.00000500895632,9778.962647619326,1.28579177815979,15.999999876058132,190.99999734650518
Random matched local,Group_C5_lucy_50k.ply,48,8,2766,2759,0.02117080132902602,7,7605.40144502624,212.99999568198123,192.00000534288677,21310.108752290078,2.801970271566191,274.0000053480149,222.99999368352687
Random matched local,Group_C5_lucy_50k.ply,49,7,2766,2752,0.021117087806262997,14,7605.40144502624,338.9999923580615,328.00000002051263,13013.441700580692,1.7110788687020837,1.9999999845072665,295.9999900231126
Random matched local,Group_C5_lucy_50k.ply,50,8,2766,2705,0.020756439867711265,61,7605.40144502624,176.00000034418676,9.000000250447817,10780.962045527687,1.417540168452014,67.00000300280972,332.9999990212855
Random matched local,Group_C5_lucy_50k.ply,51,8,2766,2741,0.021032680841921104,25,7605.40144502624,355.00001101713985,305.99998802465825,18259.099692352545,2.4008068245093863,1.9999999845072665,295.9999900231126
Random matched local,Group_C5_lucy_50k.ply,52,8,2766,2747,0.021078721004289407,19,7605.40144502624,178.00000267657154,358.99998836115276,7605.40144502624,1.0,188.00000067811717,6.000000166965211
Random matched local,Group_C5_lucy_50k.ply,53,7,2766,2757,0.021155454608236587,9,7605.40144502624,0.9999999922536332,180.99999934495955,8092.281246973464,1.0640176334499254,275.99999402002135,106.000000672989
Random matched local,Group_C5_lucy_50k.ply,54,7,2766,2739,0.021017334121131666,27,7605.40144502624,178.00000267657154,358.99998836115276,7605.40144502624,1.0,273.00001101201167,242.99998968661814
Random matched local,Group_C5_lucy_50k.ply,55,7,2766,2710,0.020794806669684855,56,7605.40144502624,142.9999960107835,168.99999901102913,19105.954603715378,2.5121559646545992,199.00000667604436,123.99999434369548
Random matched local,Group_C5_lucy_50k.ply,56,7,2766,2747,0.021078721004289407,19,7605.40144502624,334.9999876932919,51.999999170302104,22950.113312272002,3.0176070886147444,268.0000120112389,252.99998768816374
Random matched local,Group_C5_lucy_50k.ply,57,7,2766,2743,0.02104802756271054,23,7605.40144502624,176.00000034418676,9.000000250447817,10780.962045527687,1.417540168452014,300.99998902388546,60.000001669652114
Random matched local,Group_C5_lucy_50k.ply,58,7,2766,2715,0.020833173471658445,51,7605.40144502624,178.00000267657154,358.99998836115276,7605.40144502624,1.0,130.00000134084985,197.9999986796628
Random matched local,Group_C5_lucy_50k.ply,59,7,2766,2722,0.020886886994421466,44,7605.40144502624,169.99999334703236,221.00000501152041,11856.921448195277,1.559013226836229,256.99999235293336,180.99999934495955
Random matched local,Group_C5_lucy_50k.ply,60,7,2766,2738,0.02100966076073695,28,7605.40144502624,176.00000034418676,9.000000250447817,10780.962045527687,1.417540168452014,50.0000002530119,56.000000419977106
Random matched local,Group_C5_lucy_50k.ply,61,7,2766,2726,0.020917580436000338,40,7605.40144502624,337.99999802205826,44.00000008604669,17409.553212567793,2.2891037821485734,337.99999802205826,53.0000003364945
Random matched local,Group_C5_lucy_50k.ply,62,7,2766,2730,0.020948273877579207,36,7605.40144502624,178.00000267657154,358.99998836115276,7605.40144502624,1.0,158.00000667348027,222.99999368352687
Random matched local,Group_C5_lucy_50k.ply,63,8,2766,2747,0.021078721004289407,19,7605.40144502624,323.99999535574307,318.000002018967,20176.54072154652,2.6529225140037176,308.99999835342464,51.999999170302104
Random matched local,Group_C5_lucy_50k.ply,64,7,2766,2764,0.021209168130999607,2,7605.40144502624,158.00000667348027,205.0000000128204,14366.962692954323,1.889047251062597,230.00000867706282,169.99999334703236
Random matched local,Group_C5_lucy_50k.ply,65,7,2766,2747,0.021078721004289407,19,7605.40144502624,347.0000016876007,324.9999896917463,10666.681715279572,1.402513962264982,30.000000834826057,28.99999966863366
Random matched local,Group_C5_lucy_50k.ply,66,8,2766,2766,0.021224514851789045,0,7605.40144502624,176.00000034418676,4.99999985454646,9044.761500082725,1.1892549743048466,185.00000400972914,14.000000104994276
Random matched local,Group_C5_lucy_50k.ply,67,7,2766,2717,0.02084852019244788,49,7605.40144502624,7.999999938029066,190.00000301050196,13205.722343823141,1.7363609849233381,137.00000267400745,212.99999568198123
Random matched local,Group_C5_lucy_50k.ply,68,7,2766,2751,0.02110941444586828,15,7605.40144502624,158.00000667348027,205.0000000128204,14366.962692954323,1.889047251062597,164.00000001025631,195.00000201127477
Random matched local,Group_C5_lucy_50k.ply,69,7,2766,2741,0.021032680841921104,25,7605.40144502624,336.0000093500518,28.99999966863366,11787.721933412158,1.5499144941416683,84.00000233751295,347.0000016876007
Random matched local,Group_C5_lucy_50k.ply,70,7,2766,2729,0.02094060051718449,37,7605.40144502624,127.00000467246183,224.00000167990842,29959.493432163206,3.939238927585609,83.00000117132056,27.00000075134345
Random matched local,Group_C5_lucy_50k.ply,71,7,2766,2747,0.021078721004289407,19,7605.40144502624,185.00000400972914,7.999999938029066,10609.681941260977,1.3950193185659474,193.99999401489322,15.999999876058132
Random matched local,Group_C5_lucy_50k.ply,72,7,2766,2744,0.021055700923105256,22,7605.40144502624,323.99999535574307,318.000002018967,20176.54072154652,2.6529225140037176,204.00000567681718,231.00000301306605
Random matched local,Group_C5_lucy_50k.ply,73,7,2766,2705,0.020756439867711265,61,7605.40144502624,156.99999867709872,135.9999946776259,17188.868246787835,2.2600869094200102,281.9999873567974,331.000010349279
Random matched local,Group_C5_lucy_50k.ply,74,8,2766,2757,0.021155454608236587,9,7605.40144502624,342.0000026868279,28.000000209988553,12330.76261094779,1.6213164683123766,352.0000006883735,24.000000667860846
Random matched local,Group_C5_lucy_50k.ply,75,8,2766,2687,0.020618319380606348,79,7605.40144502624,7.999999938029066,180.00000500895632,9778.962647619326,1.28579177815979,331.000010349279,16.999999334703237
Random matched local,Group_C5_lucy_50k.ply,76,7,2766,2733,0.020971293958763362,33,7605.40144502624,0.9999999922536332,328.00000002051263,10425.642502209372,1.3708208011856502,207.0000023452052,151.00000534032267
Random matched local,Group_C5_lucy_50k.ply,77,7,2766,2755,0.02114010788744715,11,7605.40144502624,156.0000043410955,154.99999634471394,11370.802713819772,1.4950956627353338,152.99999401232913,159.99999534548672
Random matched local,Group_C5_lucy_50k.ply,78,7,2766,2762,0.021193821410210173,4,7605.40144502624,351.0000063523703,33.000000918308665,15324.243829270039,2.014915838438975,0.9999999922536332,34.99999983559887
Random matched local,Group_C5_lucy_50k.ply,79,7,2766,2764,0.021209168130999607,2,7605.40144502624,331.000010349279,12.999999792575526,13192.042831547004,1.7345623274329982,324.9999896917463,3.999999969014533
Random matched local,Group_C5_lucy_50k.ply,80,10,2766,2748,0.021086394364684125,18,7605.40144502624,7.999999938029066,178.99999701257477,9388.761086897417,1.2344859314477679,48.00000133572169,15.999999876058132
Random matched local,Group_C5_lucy_50k.ply,81,7,2766,2753,0.021124761166657714,13,7605.40144502624,231.00000301306605,104.99999950679661,40651.3923455861,5.345068585718271,241.00000101461168,102.00000283840859
Random matched local,Group_C5_lucy_50k.ply,82,8,2766,2763,0.02120149477060489,3,7605.40144502624,332.00000468528225,343.99999135883434,17177.83005769588,2.2586355476251407,328.00000002051263,352.99999502437674
Random matched local,Group_C5_lucy_50k.ply,83,7,2766,2700,0.02071807306573768,66,7605.40144502624,185.99999834573237,1.9999999845072665,8807.08083633549,1.1580034137573527,15.999999876058132,324.9999896917463
Random matched local,Group_C5_lucy_50k.ply,84,8,2766,2766,0.021224514851789045,0,7605.40144502624,147.9999950115563,175.00000600818353,16253.59846540719,2.137112496019086,202.9999976804356,339.9999866940647
Random matched local,Group_C5_lucy_50k.ply,85,7,2766,2712,0.02081015339047429,54,7605.40144502624,180.99999934495955,216.0000060107476,9703.721881897982,1.2758987085742852,185.99999834573237,212.99999568198123
Random matched local,Group_C5_lucy_50k.ply,86,8,2766,2751,0.02110941444586828,15,7605.40144502624,15.999999876058132,332.9999990212855,13089.753379506514,1.7211127478440884,316.00001334696054,44.00000008604669
Random matched local,Group_C5_lucy_50k.ply,87,8,2766,2765,0.021216841491394325,1,7605.40144502624,338.9999923580615,328.00000002051263,13013.441700580692,1.7110788687020837,329.9999886925191,337.00000368605504
Random matched local,Group_C5_lucy_50k.ply,88,8,2766,2746,0.02107104764389469,20,7605.40144502624,192.99999967889,1.9999999845072665,11158.28112137219,1.4671521552185063,231.00000301306605,195.00000201127477
Random matched local,Group_C5_lucy_50k.ply,89,7,2766,2725,0.02090990707560562,41,7605.40144502624,168.0000046750259,209.99999901359323,11600.322959836849,1.5252742466899227,207.99999668120842,3.999999969014533
Random matched local,Group_C5_lucy_50k.ply,90,9,2766,2764,0.021209168130999607,2,7605.40144502624,350.00001201636707,318.9999963549702,11737.642209391948,1.5433297366660506,33.000000918308665,329.9999886925191
Random matched local,Group_C5_lucy_50k.ply,91,8,2766,2736,0.020994314039947514,30,7605.40144502624,355.00001101713985,323.00000101973984,10626.001791520552,1.3971651422121465,117.0000066709162,132.00000367323466
Random matched local,Group_C5_lucy_50k.ply,92,8,2766,2751,0.02110941444586828,15,7605.40144502624,197.00000434365958,1.9999999845072665,11179.561457358115,1.4699502108030464,204.00000567681718,355.00001101713985
Random matched local,Group_C5_lucy_50k.ply,93,7,2766,2745,0.021063374283499973,21,7605.40144502624,158.00000667348027,205.0000000128204,14366.962692954323,1.889047251062597,159.0000010094835,7.999999938029066
Random matched local,Group_C5_lucy_50k.ply,94,7,2766,2732,0.020963620598368645,34,7605.40144502624,154.99999634471394,202.9999976804356,15548.521822149103,2.0444051421266503,51.000001419204295,323.00000101973984
Random matched local,Group_C5_lucy_50k.ply,95,7,2766,2722,0.020886886994421466,44,7605.40144502624,156.0000043410955,154.99999634471394,11370.802713819772,1.4950956627353338,264.0000073464693,6.000000166965211
Random matched local,Group_C5_lucy_50k.ply,96,7,2766,2722,0.020886886994421466,44,7605.40144502624,355.00001101713985,176.00000034418676,9639.36167315018,1.2674362744459866,350.00001201636707,50.0000002530119
Random matched local,Group_C5_lucy_50k.ply,97,7,2766,2751,0.02110941444586828,15,7605.40144502624,332.00000468528225,18.999999959540737,12053.722192433255,1.5848896707899773,166.00000234264112,110.99999967376182
Random matched local,Group_C5_lucy_50k.ply,98,7,2766,2730,0.020948273877579207,36,7605.40144502624,0.9999999922536332,328.00000002051263,10425.642502209372,1.3708208011856502,45.999999003336896,336.0000093500518
Random matched local,Group_C5_lucy_50k.ply,99,8,2766,2762,0.021193821410210173,4,7605.40144502624,178.00000267657154,358.99998836115276,7605.40144502624,1.0,185.99999834573237,357.99999402514953
Random matched local,Group_C5_lucy_50k.ply,100,7,2766,2691,0.02064901282218522,75,7605.40144502624,341.00000835082466,41.00000000256408,15676.08167317288,2.0611774127222016,97.999998173639,197.00000434365958
Random matched local,Group_C5_lucy_50k.ply,101,7,2766,2739,0.021017334121131666,27,7605.40144502624,156.0000043410955,154.99999634471394,11370.802713819772,1.4950956627353338,117.0000066709162,132.00000367323466
Random matched local,Group_C5_lucy_50k.ply,102,9,2766,2766,0.021224514851789045,0,7605.40144502624,156.0000043410955,154.99999634471394,11370.802713819772,1.4950956627353338,6.000000166965211,294.00000135110616
Random matched local,Group_C5_lucy_50k.ply,103,7,2766,2753,0.021124761166657714,13,7605.40144502624,347.0000016876007,324.9999896917463,10666.681715279572,1.402513962264982,342.9999970228311,318.9999963549702
Random matched local,Group_C5_lucy_50k.ply,104,9,2766,2757,0.021155454608236587,9,7605.40144502624,27.00000075134345,343.99999135883434,17221.663609023923,2.2643990239708516,66.00000183661733,357.99999402514953
Random matched local,Group_C5_lucy_50k.ply,105,8,2766,2722,0.020886886994421466,44,7605.40144502624,166.99999667864435,217.99999468275405,10978.001208344767,1.443447960991478,161.99999767787153,132.00000367323466
Random matched local,Group_C5_lucy_50k.ply,106,8,2766,2706,0.020764113228105983,60,7605.40144502624,166.99999667864435,147.9999950115563,13626.3222733805,1.7916637763141097,224.00000167990842,161.0000033418683
Random matched local,Group_C5_lucy_50k.ply,107,7,2766,2751,0.02110941444586828,15,7605.40144502624,156.0000043410955,154.99999634471394,11370.802713819772,1.4950956627353338,329.9999886925191,337.00000368605504
Random matched local,Group_C5_lucy_50k.ply,108,7,2766,2756,0.021147781247841866,10,7605.40144502624,178.00000267657154,358.99998836115276,7605.40144502624,1.0,232.9999916850725,264.0000073464693
Random matched local,Group_C5_lucy_50k.ply,109,8,2766,2757,0.021155454608236587,9,7605.40144502624,176.00000034418676,226.99999834829646,14859.841874808319,1.953853715970025,65.00000067042492,39.99999883637168
Random matched local,Group_C5_lucy_50k.ply,110,7,2766,2721,0.02087921363402675,45,7605.40144502624,166.99999667864435,217.99999468275405,10978.001208344767,1.443447960991478,15.999999876058132,34.99999983559887
Random matched local,Group_C5_lucy_50k.ply,111,8,2766,2763,0.02120149477060489,3,7605.40144502624,149.99999734394112,214.99999801436604,16593.35577783506,2.1817856555996444,219.99999701513886,219.00000267913563
Random matched local,Group_C5_lucy_50k.ply,112,7,2766,2757,0.021155454608236587,9,7605.40144502624,199.00000667604436,205.0000000128204,13313.8353174383,1.750576273149295,135.00000034162267,114.000003172339
Random matched local,Group_C5_lucy_50k.ply,113,8,2766,2735,0.020986640679552797,31,7605.40144502624,212.99999568198123,192.00000534288677,21310.108752290078,2.801970271566191,221.99999934752364,183.00000167734436
Random matched local,Group_C5_lucy_50k.ply,114,8,2766,2763,0.02120149477060489,3,7605.40144502624,149.0000030079379,171.00000134341394,14189.080758528276,1.8656583562472713,27.00000075134345,317.00000768296377
Random matched local,Group_C5_lucy_50k.ply,115,8,2766,2729,0.02094060051718449,37,7605.40144502624,154.99999634471394,222.99999368352687,14377.721085036097,1.8904618236081148,197.9999986796628,239.00001234260523
Random matched local,Group_C5_lucy_50k.ply,116,8,2766,2703,0.02074109314692183,63,7605.40144502624,178.99999701257477,352.99999502437674,10421.561800743923,1.3702842481193924,221.99999934752364,197.00000434365958
Random matched local,Group_C5_lucy_50k.ply,117,8,2766,2727,0.020925253796395055,39,7605.40144502624,187.00000634211395,212.99999568198123,11087.042241057088,1.4577852755304275,193.99999401489322,204.00000567681718
Random matched local,Group_C5_lucy_50k.ply,118,8,2766,2724,0.020902233715210904,42,7605.40144502624,192.99999967889,209.00000467759,12817.237987991208,1.685280925752235,289.9999966863366,0.0
Random matched local,Group_C5_lucy_50k.ply,119,7,2766,2710,0.020794806669684855,56,7605.40144502624,332.9999990212855,24.000000667860846,11353.20308779882,1.492781567135231,242.99998968661814,147.00000067555308
Random matched local,Group_C5_lucy_50k.ply,120,7,2766,2751,0.02110941444586828,15,7605.40144502624,3.0000000834826057,323.99999535574307,11464.082505092148,1.5073606025871782,44.00000008604669,75.99999983816295
Random matched local,Group_C5_lucy_50k.ply,121,8,2766,2662,0.020426485370738406,104,7605.40144502624,164.00000001025631,144.9999983431683,12678.402514497111,1.6670260743157086,83.00000117132056,27.00000075134345
Random matched local,Group_C5_lucy_50k.ply,122,7,2766,2751,0.02110941444586828,15,7605.40144502624,144.9999983431683,212.99999568198123,19002.82970144729,2.4985965354760737,135.9999946776259,202.9999976804356
Random matched local,Group_C5_lucy_50k.ply,123,7,2766,2754,0.02113243452705243,12,7605.40144502624,156.0000043410955,154.99999634471394,11370.802713819772,1.4950956627353338,207.0000023452052,151.00000534032267
Random matched local,Group_C5_lucy_50k.ply,124,7,2766,2750,0.021101741085473563,16,7605.40144502624,328.00000002051263,18.000000500895634,14054.24322963746,1.8479291765497292,304.999993688655,351.0000063523703
Random matched local,Group_C5_lucy_50k.ply,125,7,2766,2745,0.021063374283499973,21,7605.40144502624,166.99999667864435,217.99999468275405,10978.001208344767,1.443447960991478,60.000001669652114,7.000000052497138
Random matched local,Group_C5_lucy_50k.ply,126,9,2766,2760,0.02117847468942074,6,7605.40144502624,180.99999934495955,216.0000060107476,9703.721881897982,1.2758987085742852,45.00000125223908,6.000000166965211
Random matched local,Group_C5_lucy_50k.ply,127,8,2766,2721,0.02087921363402675,45,7605.40144502624,347.0000016876007,324.9999896917463,10666.681715279572,1.402513962264982,348.9999903596071,30.000000834826057
Random matched local,Group_C5_lucy_50k.ply,128,7,2766,2758,0.021163127968631304,8,7605.40144502624,323.00000101973984,48.00000133572169,22662.275093646087,2.979760536962411,139.00000500639226,250.9999990161573
Random matched local,Group_C5_lucy_50k.ply,129,8,2766,2729,0.02094060051718449,37,7605.40144502624,178.00000267657154,358.99998836115276,7605.40144502624,1.0,229.00000068068124,212.000001345978
Random matched local,Group_C5_lucy_50k.ply,130,8,2766,2766,0.021224514851789045,0,7605.40144502624,178.00000267657154,358.99998836115276,7605.40144502624,1.0,144.9999983431683,205.0000000128204
Random matched local,Group_C5_lucy_50k.ply,131,8,2766,2759,0.02117080132902602,7,7605.40144502624,337.00000368605504,25.999999585151052,11693.362362128644,1.5375075788768306,62.99999833804013,51.999999170302104
Random matched local,Group_C5_lucy_50k.ply,132,7,2766,2751,0.02110941444586828,15,7605.40144502624,178.00000267657154,358.99998836115276,7605.40144502624,1.0,7.999999938029066,190.00000301050196
Random matched local,Group_C5_lucy_50k.ply,133,8,2766,2756,0.021147781247841866,10,7605.40144502624,15.999999876058132,332.9999990212855,13089.753379506514,1.7211127478440884,207.0000023452052,151.00000534032267
Random matched local,Group_C5_lucy_50k.ply,134,10,2766,2755,0.02114010788744715,11,7605.40144502624,178.00000267657154,358.99998836115276,7605.40144502624,1.0,312.000008682191,22.000000043023345
Random matched local,Group_C5_lucy_50k.ply,135,8,2766,2704,0.020748766507316548,62,7605.40144502624,0.9999999922536332,328.00000002051263,10425.642502209372,1.3708208011856502,176.00000034418676,18.000000500895634
Random matched local,Group_C5_lucy_50k.ply,136,7,2766,2753,0.021124761166657714,13,7605.40144502624,317.00000768296377,15.999999876058132,24317.138451190032,3.1973510704149466,224.00000167990842,161.0000033418683
Random matched local,Group_C5_lucy_50k.ply,137,7,2766,2760,0.02117847468942074,6,7605.40144502624,139.99999934239548,222.99999368352687,22883.328524502842,3.0088258575052627,130.99999567685308,231.00000301306605
Random matched local,Group_C5_lucy_50k.ply,138,8,2766,2733,0.020971293958763362,33,7605.40144502624,178.00000267657154,358.99998836115276,7605.40144502624,1.0,161.99999767787153,159.0000010094835
Random matched local,Group_C5_lucy_50k.ply,139,7,2766,2709,0.020787133309290138,57,7605.40144502624,332.9999990212855,24.000000667860846,11353.20308779882,1.492781567135231,259.0000083456965,185.00000400972914
Random matched local,Group_C5_lucy_50k.ply,140,8,2766,2748,0.021086394364684125,18,7605.40144502624,156.99999867709872,224.00000167990842,13662.161905903462,1.7963761682610726,146.00000633954986,228.000006344678
Random matched local,Group_C5_lucy_50k.ply,141,8,2766,2766,0.021224514851789045,0,7605.40144502624,178.00000267657154,358.99998836115276,7605.40144502624,1.0,190.00000301050196,339.9999866940647
Random matched local,Group_C5_lucy_50k.ply,142,8,2766,2730,0.020948273877579207,36,7605.40144502624,176.00000034418676,4.99999985454646,9044.761500082725,1.1892549743048466,279.00000434878774,3.0000000834826057
Random matched local,Group_C5_lucy_50k.ply,143,7,2766,2756,0.021147781247841866,10,7605.40144502624,334.9999876932919,326.0000113485062,13004.602479540612,1.7099166393176164,279.00000434878774,342.9999970228311
Random matched local,Group_C5_lucy_50k.ply,144,7,2766,2728,0.020932927156789773,38,7605.40144502624,166.99999667864435,217.99999468275405,10978.001208344767,1.443447960991478,156.99999867709872,214.00000367836282
Random matched local,Group_C5_lucy_50k.ply,145,9,2766,2764,0.021209168130999607,2,7605.40144502624,156.0000043410955,144.00000400716507,13763.323303096551,1.8096774249960799,67.00000300280972,308.99999835342464
Random matched local,Group_C5_lucy_50k.ply,146,8,2766,2755,0.02114010788744715,11,7605.40144502624,0.9999999922536332,328.00000002051263,10425.642502209372,1.3708208011856502,260.0000026816997,250.00000468015406
Random matched local,Group_C5_lucy_50k.ply,147,8,2766,2762,0.021193821410210173,4,7605.40144502624,178.99999701257477,352.99999502437674,10421.561800743923,1.3702842481193924,180.99999934495955,338.9999923580615
Random matched local,Group_C5_lucy_50k.ply,148,7,2766,2762,0.021193821410210173,4,7605.40144502624,355.00001101713985,323.00000101973984,10626.001791520552,1.3971651422121465,67.99999733881295,86.99999900590097
Random matched local,Group_C5_lucy_50k.ply,149,7,2766,2689,0.020633666101395783,77,7605.40144502624,355.00001101713985,323.00000101973984,10626.001791520552,1.3971651422121465,346.00000735159745,332.00000468528225
Random matched local,Group_C5_lucy_50k.ply,150,7,2766,2746,0.02107104764389469,20,7605.40144502624,16.999999334703237,171.00000134341394,11589.681806643148,1.5238750893580426,289.0000023503334,67.00000300280972
Random matched local,Group_C5_lucy_50k.ply,151,8,2766,2766,0.021224514851789045,0,7605.40144502624,178.00000267657154,358.99998836115276,7605.40144502624,1.0,279.00000434878774,283.0000090135573
Random matched local,Group_C5_lucy_50k.ply,152,7,2766,2764,0.021209168130999607,2,7605.40144502624,151.00000534032267,166.00000234264112,12242.682709181605,1.6097352385241992,112.00000083995421,212.000001345978
Random matched local,Group_C5_lucy_50k.ply,153,7,2766,2727,0.020925253796395055,39,7605.40144502624,176.00000034418676,9.000000250447817,10780.962045527687,1.417540168452014,77.00000100435535,314.99999169020066
Random matched local,Group_C5_lucy_50k.ply,154,9,2766,2766,0.021224514851789045,0,7605.40144502624,178.00000267657154,358.99998836115276,7605.40144502624,1.0,260.0000026816997,205.0000000128204
Random matched local,Group_C5_lucy_50k.ply,155,7,2766,2668,0.020472525533106713,98,7605.40144502624,15.999999876058132,332.9999990212855,13089.753379506514,1.7211127478440884,30.000000834826057,28.99999966863366
Random matched local,Group_C5_lucy_50k.ply,156,8,2766,2748,0.021086394364684125,18,7605.40144502624,0.9999999922536332,180.99999934495955,8092.281246973464,1.0640176334499254,260.0000026816997,205.0000000128204
Random matched local,Group_C5_lucy_50k.ply,157,7,2766,2754,0.02113243452705243,12,7605.40144502624,345.0000130155942,318.9999963549702,11224.362475812928,1.4758408950461657,307.0000096814182,7.000000052497138
Random matched local,Group_C5_lucy_50k.ply,158,8,2766,2699,0.020710399705342962,67,7605.40144502624,347.0000016876007,324.9999896917463,10666.681715279572,1.402513962264982,338.9999923580615,334.9999876932919
Random matched local,Group_C5_lucy_50k.ply,159,8,2766,2741,0.021032680841921104,25,7605.40144502624,338.9999923580615,28.000000209988553,11797.242913364378,1.551166364936529,292.0000126790997,6.000000166965211
Random matched local,Group_C5_lucy_50k.ply,160,7,2766,2684,0.020595299299422196,82,7605.40144502624,168.0000046750259,209.99999901359323,11600.322959836849,1.5252742466899227,288.00000801433015,319.99999069097345
Random matched local,Group_C5_lucy_50k.ply,161,7,2766,2751,0.02110941444586828,15,7605.40144502624,0.9999999922536332,328.00000002051263,10425.642502209372,1.3708208011856502,140.9999936783987,106.000000672989
Random matched local,Group_C5_lucy_50k.ply,162,7,2766,2766,0.021224514851789045,0,7605.40144502624,147.00000067555308,168.99999901102913,15396.123090066201,2.0243669188738114,232.9999916850725,195.999996347278
Random matched local,Group_C5_lucy_50k.ply,163,7,2766,2727,0.020925253796395055,39,7605.40144502624,343.99999135883434,304.999993688655,20284.24483685454,2.6670840432913607,270.00000068324533,210.99999334959645
Random matched local,Group_C5_lucy_50k.ply,164,7,2766,2766,0.021224514851789045,0,7605.40144502624,178.00000267657154,358.99998836115276,7605.40144502624,1.0,303.0000050166486,356.9999996891463
Random matched local,Group_C5_lucy_50k.ply,165,8,2766,2766,0.021224514851789045,0,7605.40144502624,0.9999999922536332,328.00000002051263,10425.642502209372,1.3708208011856502,293.00000701510294,341.00000835082466
Random matched local,Group_C5_lucy_50k.ply,166,7,2766,2721,0.02087921363402675,45,7605.40144502624,0.0,180.00000500895632,7954.8413103277035,1.0459462748715243,275.99999402002135,106.000000672989
Random matched local,Group_C5_lucy_50k.ply,167,7,2766,2751,0.02110941444586828,15,7605.40144502624,166.99999667864435,217.99999468275405,10978.001208344767,1.443447960991478,309.99999268942787,357.99999402514953
Random matched local,Group_C5_lucy_50k.ply,168,8,2766,2732,0.020963620598368645,34,7605.40144502624,334.9999876932919,51.999999170302104,22950.113312272002,3.0176070886147444,222.99999368352687,132.99999800923788
Random matched local,Group_C5_lucy_50k.ply,169,7,2766,2755,0.02114010788744715,11,7605.40144502624,166.99999667864435,217.99999468275405,10978.001208344767,1.443447960991478,62.99999833804013,15.999999876058132
Random matched local,Group_C5_lucy_50k.ply,170,9,2766,2723,0.020894560354816186,43,7605.40144502624,7.999999938029066,180.00000500895632,9778.962647619326,1.28579177815979,219.99999701513886,161.0000033418683
Random matched local,Group_C5_lucy_50k.ply,171,8,2766,2743,0.02104802756271054,23,7605.40144502624,24.000000667860846,339.9999866940647,15631.06686615747,2.055258618383627,33.99999866940647,338.9999923580615
Random matched local,Group_C5_lucy_50k.ply,172,7,2766,2742,0.02104035420231582,24,7605.40144502624,178.00000267657154,358.99998836115276,7605.40144502624,1.0,219.00000267913563,151.00000534032267
Random matched local,Group_C5_lucy_50k.ply,173,7,2766,2676,0.020533912416264455,90,7605.40144502624,180.99999934495955,216.0000060107476,9703.721881897982,1.2758987085742852,37.999999919081475,303.9999993526518
Random matched local,Group_C5_lucy_50k.ply,174,9,2766,2732,0.020963620598368645,34,7605.40144502624,168.0000046750259,209.99999901359323,11600.322959836849,1.5252742466899227,60.000001669652114,7.000000052497138
Random matched local,Group_C5_lucy_50k.ply,175,9,2766,2742,0.02104035420231582,24,7605.40144502624,120.99999767530745,221.99999934752364,36153.03275998959,4.753599533346508,102.00000283840859,188.9999950141204
Random matched local,Group_C5_lucy_50k.ply,176,7,2766,2741,0.021032680841921104,25,7605.40144502624,158.00000667348027,205.0000000128204,14366.962692954323,1.889047251062597,100.0000005060238,345.0000130155942
Random matched local,Group_C5_lucy_50k.ply,177,7,2766,2751,0.02110941444586828,15,7605.40144502624,151.00000534032267,166.00000234264112,12242.682709181605,1.6097352385241992,144.00000400716507,173.00000367579872
Random matched local,Group_C5_lucy_50k.ply,178,7,2766,2705,0.020756439867711265,61,7605.40144502624,178.00000267657154,358.99998836115276,7605.40144502624,1.0,135.00000034162267,114.000003172339
Random matched local,Group_C5_lucy_50k.ply,179,7,2766,2705,0.020756439867711265,61,7605.40144502624,180.99999934495955,216.0000060107476,9703.721881897982,1.2758987085742852,185.99999834573237,212.99999568198123
Random matched local,Group_C5_lucy_50k.ply,180,9,2766,2714,0.020825500111263724,52,7605.40144502624,156.0000043410955,154.99999634471394,11370.802713819772,1.4950956627353338,68.99999850500534,22.000000043023345
Random matched local,Group_C5_lucy_50k.ply,181,7,2766,2724,0.020902233715210904,42,7605.40144502624,156.0000043410955,154.99999634471394,11370.802713819772,1.4950956627353338,135.9999946776259,202.9999976804356
Random matched local,Group_C5_lucy_50k.ply,182,7,2766,2709,0.020787133309290138,57,7605.40144502624,332.00000468528225,18.999999959540737,12053.722192433255,1.5848896707899773,224.99999601591168,176.00000034418676
Random matched local,Group_C5_lucy_50k.ply,183,7,2766,2736,0.020994314039947514,30,7605.40144502624,151.00000534032267,159.99999534548672,11882.643069117523,1.5623952469844313,154.0000020087107,171.00000134341394
Random matched local,Group_C5_lucy_50k.ply,184,7,2766,2738,0.02100966076073695,28,7605.40144502624,357.99999402514953,183.99999601334758,8494.161377268389,1.1168590427035745,95.00000150525098,299.000000351879
Random matched local,Group_C5_lucy_50k.ply,185,8,2766,2761,0.021186148049815456,5,7605.40144502624,7.999999938029066,190.00000301050196,13205.722343823141,1.7363609849233381,114.000003172339,149.99999734394112
Random matched local,Group_C5_lucy_50k.ply,186,9,2766,2757,0.021155454608236587,9,7605.40144502624,332.9999990212855,24.000000667860846,11353.20308779882,1.492781567135231,161.99999767787153,241.00000101461168
Random matched local,Group_C5_lucy_50k.ply,187,8,2766,2730,0.020948273877579207,36,7605.40144502624,15.000000417413029,180.99999934495955,10927.641687314372,1.4368264142665081,139.99999934239548,222.99999368352687
Random matched local,Group_C5_lucy_50k.ply,188,8,2766,2734,0.02097896731915808,32,7605.40144502624,347.0000016876007,33.99999866940647,13716.042534378934,1.8034606895535954,130.00000134084985,197.9999986796628
Random matched local,Group_C5_lucy_50k.ply,189,8,2766,2748,0.021086394364684125,18,7605.40144502624,0.9999999922536332,180.99999934495955,8092.281246973464,1.0640176334499254,83.00000117132056,27.00000075134345
Random matched local,Group_C5_lucy_50k.ply,190,7,2766,2717,0.02084852019244788,49,7605.40144502624,0.0,178.00000267657154,7849.361285690434,1.0320771812543488,338.9999923580615,334.9999876932919
Random matched local,Group_C5_lucy_50k.ply,191,7,2766,2726,0.020917580436000338,40,7605.40144502624,178.00000267657154,358.99998836115276,7605.40144502624,1.0,185.99999834573237,357.99999402514953
Random matched local,Group_C5_lucy_50k.ply,192,9,2766,2765,0.021216841491394325,1,7605.40144502624,323.00000101973984,24.000000667860846,18089.995896520693,2.378572127622683,82.00000000512816,7.000000052497138
Random matched local,Group_C5_lucy_50k.ply,193,7,2766,2748,0.021086394364684125,18,7605.40144502624,30.99999858592387,356.9999996891463,26434.368338466677,3.475736097501356,294.9999956871094,352.99999502437674
Random matched local,Group_C5_lucy_50k.ply,194,7,2766,2728,0.020932927156789773,38,7605.40144502624,269.0000063472421,185.00000400972914,36192.14917017409,4.758742774037645,246.99999435138773,139.00000500639226
Random matched local,Group_C5_lucy_50k.ply,195,7,2766,2688,0.020625992741001065,78,7605.40144502624,154.99999634471394,214.00000367836282,13490.64239785691,1.7738238402496798,127.00000467246183,173.00000367579872
Random matched local,Group_C5_lucy_50k.ply,196,7,2766,2730,0.020948273877579207,36,7605.40144502624,0.0,178.00000267657154,7849.361285690434,1.0320771812543488,84.00000233751295,347.0000016876007
Random matched local,Group_C5_lucy_50k.ply,197,7,2766,2722,0.020886886994421466,44,7605.40144502624,356.9999996891463,328.00000002051263,10903.962387526331,1.4337129297306554,205.0000000128204,251.99999335216052
Random matched local,Group_C5_lucy_50k.ply,198,8,2766,2740,0.021025007481526387,26,7605.40144502624,357.99999402514953,0.0,14308.698906386195,1.8813864080434253,347.9999960236039,6.000000166965211
Random matched local,Group_C5_lucy_50k.ply,199,7,2766,2730,0.020948273877579207,36,7605.40144502624,347.0000016876007,324.9999896917463,10666.681715279572,1.402513962264982,338.9999923580615,39.99999883637168
Random matched local,Group_C5_lucy_50k.ply,200,7,2766,2748,0.021086394364684125,18,7605.40144502624,0.0,178.00000267657154,7849.361285690434,1.0320771812543488,202.00000334443237,358.99998836115276
Random matched local,Group_C5_lucy_50k.ply,201,8,2766,2741,0.021032680841921104,25,7605.40144502624,154.99999634471394,214.00000367836282,13490.64239785691,1.7738238402496798,293.00000701510294,11.000000021511672
Random matched local,Group_C5_lucy_50k.ply,202,8,2766,2764,0.021209168130999607,2,7605.40144502624,178.00000267657154,358.99998836115276,7605.40144502624,1.0,237.99999068584532,185.99999834573237
Random matched local,Group_C5_lucy_50k.ply,203,9,2766,2728,0.020932927156789773,38,7605.40144502624,178.99999701257477,352.99999502437674,10421.561800743923,1.3702842481193924,346.00000735159745,332.00000468528225
Random matched local,Group_C5_lucy_50k.ply,204,7,2766,2747,0.021078721004289407,19,7605.40144502624,199.00000667604436,205.0000000128204,13313.8353174383,1.750576273149295,173.99999801180195,120.00000333930423
Random matched local,Group_C5_lucy_50k.ply,205,7,2766,2718,0.020856193552842597,48,7605.40144502624,332.9999990212855,24.000000667860846,11353.20308779882,1.492781567135231,164.99999434625954,200.0000010120476
Random matched local,Group_C5_lucy_50k.ply,206,7,2766,2758,0.021163127968631304,8,7605.40144502624,178.00000267657154,358.99998836115276,7605.40144502624,1.0,318.000002018967,62.99999833804013
Random matched local,Group_C5_lucy_50k.ply,207,7,2766,2753,0.021124761166657714,13,7605.40144502624,178.00000267657154,358.99998836115276,7605.40144502624,1.0,284.00000334956053,207.0000023452052
Random matched local,Group_C5_lucy_50k.ply,208,8,2766,2736,0.020994314039947514,30,7605.40144502624,0.9999999922536332,176.00000034418676,7967.601137712967,1.0476240071355598,352.99999502437674,313.0000030181942
Random matched local,Group_C5_lucy_50k.ply,209,8,2766,2760,0.02117847468942074,6,7605.40144502624,322.0000066837366,15.000000417413029,17881.878151381312,2.3512076621643234,83.00000117132056,47.000000169529294
Random matched local,Group_C5_lucy_50k.ply,210,8,2766,2755,0.02114010788744715,11,7605.40144502624,19.99999941818584,176.00000034418676,11309.481849355147,1.4870328583051051,239.00001234260523,224.00000167990842
Random matched local,Group_C5_lucy_50k.ply,211,8,2766,2740,0.021025007481526387,26,7605.40144502624,199.00000667604436,205.0000000128204,13313.8353174383,1.750576273149295,75.99999983816295,327.0000056845094
Random matched local,Group_C5_lucy_50k.ply,212,8,2766,2743,0.02104802756271054,23,7605.40144502624,180.99999934495955,221.99999934752364,12304.122782935781,1.617813717247286,348.9999903596071,288.00000801433015
Random matched local,Group_C5_lucy_50k.ply,213,7,2766,2706,0.020764113228105983,60,7605.40144502624,192.00000534288677,219.00000267913563,20480.638693186862,2.6929069873860154,202.00000334443237,228.000006344678
Random matched local,Group_C5_lucy_50k.ply,214,7,2766,2730,0.020948273877579207,36,7605.40144502624,178.00000267657154,358.99998836115276,7605.40144502624,1.0,151.9999996763259,222.99999368352687
Random matched local,Group_C5_lucy_50k.ply,215,10,2766,2724,0.020902233715210904,42,7605.40144502624,356.9999996891463,178.99999701257477,7918.521885044319,1.041170797134299,3.0000000834826057,156.99999867709872
Random matched local,Group_C5_lucy_50k.ply,216,8,2766,2756,0.021147781247841866,10,7605.40144502624,15.000000417413029,180.99999934495955,10927.641687314372,1.4368264142665081,15.999999876058132,34.99999983559887
Random matched local,Group_C5_lucy_50k.ply,217,7,2766,2719,0.020863866913237314,47,7605.40144502624,180.99999934495955,4.99999985454646,9819.281002706733,1.2910930571756103,217.99999468275405,113.00000200614662
Random matched local,Group_C5_lucy_50k.ply,218,8,2766,2747,0.021078721004289407,19,7605.40144502624,7.999999938029066,180.00000500895632,9778.962647619326,1.28579177815979,161.99999767787153,241.00000101461168
Random matched local,Group_C5_lucy_50k.ply,219,7,2766,2742,0.02104035420231582,24,7605.40144502624,178.99999701257477,226.99999834829646,15089.795609151037,1.9840892973531885,321.0000123477334,355.00001101713985
Random matched local,Group_C5_lucy_50k.ply,220,8,2766,2733,0.020971293958763362,33,7605.40144502624,6.000000166965211,328.99999435651586,11614.957131630134,1.5271984280627358,303.0000050166486,356.9999996891463
Random matched local,Group_C5_lucy_50k.ply,221,7,2766,2748,0.021086394364684125,18,7605.40144502624,0.9999999922536332,180.99999934495955,8092.281246973464,1.0640176334499254,261.99999135370615,173.00000367579872
Random matched local,Group_C5_lucy_50k.ply,222,7,2766,2739,0.021017334121131666,27,7605.40144502624,355.00001101713985,323.00000101973984,10626.001791520552,1.3971651422121465,173.99999801180195,18.999999959540737
Random matched local,Group_C5_lucy_50k.ply,223,8,2766,2766,0.021224514851789045,0,7605.40144502624,332.9999990212855,24.000000667860846,11353.20308779882,1.492781567135231,78.00000217054775,302.00001068064535
Random matched local,Group_C5_lucy_50k.ply,224,7,2766,2739,0.021017334121131666,27,7605.40144502624,0.0,180.00000500895632,7954.8413103277035,1.0459462748715243,202.00000334443237,358.99998836115276
Random matched local,Group_C5_lucy_50k.ply,225,9,2766,2760,0.02117847468942074,6,7605.40144502624,187.00000634211395,212.99999568198123,11087.042241057088,1.4577852755304275,15.999999876058132,34.99999983559887
Random matched local,Group_C5_lucy_50k.ply,226,8,2766,2741,0.021032680841921104,25,7605.40144502624,156.0000043410955,154.99999634471394,11370.802713819772,1.4950956627353338,78.00000217054775,302.00001068064535
Random matched local,Group_C5_lucy_50k.ply,227,8,2766,2729,0.02094060051718449,37,7605.40144502624,180.99999934495955,221.99999934752364,12304.122782935781,1.617813717247286,57.99999933726732,350.00001201636707
Random matched local,Group_C5_lucy_50k.ply,228,7,2766,2764,0.021209168130999607,2,7605.40144502624,270.00000068324533,190.99999734650518,35316.96776713221,4.643669111014344,30.000000834826057,28.99999966863366
Random matched local,Group_C5_lucy_50k.ply,229,7,2766,2731,0.020955947237973924,35,7605.40144502624,3.0000000834826057,168.0000046750259,12520.562518726696,1.6462724037946557,41.00000000256408,350.00001201636707
Random matched local,Group_C5_lucy_50k.ply,230,8,2766,2705,0.020756439867711265,61,7605.40144502624,180.99999934495955,216.0000060107476,9703.721881897982,1.2758987085742852,276.9999883560246,123.00000000769225
Random matched local,Group_C5_lucy_50k.ply,231,7,2766,2756,0.021147781247841866,10,7605.40144502624,187.00000634211395,212.99999568198123,11087.042241057088,1.4577852755304275,147.9999950115563,232.9999916850725
Random matched local,Group_C5_lucy_50k.ply,232,8,2766,2755,0.02114010788744715,11,7605.40144502624,319.99999069097345,1.9999999845072665,23284.90816857204,3.0616277571777415,229.00000068068124,185.00000400972914
Random matched local,Group_C5_lucy_50k.ply,233,8,2766,2700,0.02071807306573768,66,7605.40144502624,192.99999967889,1.9999999845072665,11158.28112137219,1.4671521552185063,204.00000567681718,355.00001101713985
Random matched local,Group_C5_lucy_50k.ply,234,7,2766,2764,0.021209168130999607,2,7605.40144502624,178.00000267657154,358.99998836115276,7605.40144502624,1.0,339.9999866940647,72.00000200358254
Random matched local,Group_C5_lucy_50k.ply,235,8,2766,2702,0.020733419786527114,64,7605.40144502624,176.00000034418676,4.99999985454646,9044.761500082725,1.1892549743048466,334.9999876932919,336.0000093500518
Random matched local,Group_C5_lucy_50k.ply,236,9,2766,2766,0.021224514851789045,0,7605.40144502624,190.99999734650518,0.9999999922536332,10806.401899038268,1.4208851402716434,149.0000030079379,151.00000534032267
Random matched local,Group_C5_lucy_50k.ply,237,7,2766,2668,0.020472525533106713,98,7605.40144502624,28.99999966863366,348.9999903596071,20572.295858840313,2.7049585754995387,214.00000367836282,244.00001134337802
Random matched local,Group_C5_lucy_50k.ply,238,8,2766,2744,0.021055700923105256,22,7605.40144502624,139.99999934239548,222.99999368352687,22883.328524502842,3.0088258575052627,50.0000002530119,56.000000419977106
Random matched local,Group_C5_lucy_50k.ply,239,9,2766,2752,0.021117087806262997,14,7605.40144502624,180.99999934495955,216.0000060107476,9703.721881897982,1.2758987085742852,178.00000267657154,207.0000023452052
Random matched local,Group_C5_lucy_50k.ply,240,7,2766,2666,0.02045717881231728,100,7605.40144502624,7.999999938029066,180.00000500895632,9778.962647619326,1.28579177815979,161.99999767787153,231.00000301306605
Random matched local,Group_C5_lucy_50k.ply,241,7,2766,2747,0.021078721004289407,19,7605.40144502624,192.99999967889,1.9999999845072665,11158.28112137219,1.4671521552185063,115.99999867453464,144.00000400716507
Random matched local,Group_C5_lucy_50k.ply,242,7,2766,2766,0.021224514851789045,0,7605.40144502624,180.00000500895632,3.0000000834826057,7796.200838955966,1.025087353417025,304.999993688655,31.999999752116263
Random matched local,Group_C5_lucy_50k.ply,243,7,2766,2764,0.021209168130999607,2,7605.40144502624,180.99999934495955,216.0000060107476,9703.721881897982,1.2758987085742852,140.9999936783987,106.000000672989
Random matched local,Group_C5_lucy_50k.ply,244,7,2766,2739,0.021017334121131666,27,7605.40144502624,154.99999634471394,202.9999976804356,15548.521822149103,2.0444051421266503,308.0000040174214,341.00000835082466
Random matched local,Group_C5_lucy_50k.ply,245,7,2766,2691,0.02064901282218522,75,7605.40144502624,355.00001101713985,323.00000101973984,10626.001791520552,1.3971651422121465,269.0000063472421,178.00000267657154
Random matched local,Group_C5_lucy_50k.ply,246,7,2766,2762,0.021193821410210173,4,7605.40144502624,142.9999960107835,147.9999950115563,18239.11193973762,2.398178724893685,300.99998902388546,60.000001669652114
Random matched local,Group_C5_lucy_50k.ply,247,7,2766,2757,0.021155454608236587,9,7605.40144502624,202.00000334443237,3.999999969014533,11849.12259913673,1.5579877912803388,276.9999883560246,195.999996347278
Random matched local,Group_C5_lucy_50k.ply,248,7,2766,2766,0.021224514851789045,0,7605.40144502624,7.999999938029066,180.99999934495955,10335.561657740065,1.3589764764487597,261.99999135370615,113.00000200614662
Random matched local,Group_C5_lucy_50k.ply,249,9,2766,2758,0.021163127968631304,8,7605.40144502624,156.99999867709872,224.00000167990842,13662.161905903462,1.7963761682610726,125.00000234007703,139.00000500639226
Random matched local,Group_C5_lucy_50k.ply,250,7,2766,2725,0.02090990707560562,41,7605.40144502624,137.00000267400745,219.00000267913563,24089.488116177647,3.1674183526408886,232.9999916850725,264.0000073464693
Random matched local,Group_C5_lucy_50k.ply,251,8,2766,2730,0.020948273877579207,36,7605.40144502624,356.9999996891463,178.99999701257477,7918.521885044319,1.041170797134299,96.99999700744661,209.99999901359323
Random matched local,Group_C5_lucy_50k.ply,252,7,2766,2732,0.020963620598368645,34,7605.40144502624,151.00000534032267,159.99999534548672,11882.643069117523,1.5623952469844313,95.00000150525098,299.000000351879
Random matched local,Group_C5_lucy_50k.ply,253,7,2766,2700,0.02071807306573768,66,7605.40144502624,178.00000267657154,358.99998836115276,7605.40144502624,1.0,350.00001201636707,18.000000500895634
Random matched local,Group_C5_lucy_50k.ply,254,7,2766,2748,0.021086394364684125,18,7605.40144502624,345.0000130155942,318.9999963549702,11224.362475812928,1.4758408950461657,178.99999701257477,135.9999946776259
Random matched local,Group_C5_lucy_50k.ply,255,7,2766,2765,0.021216841491394325,1,7605.40144502624,0.9999999922536332,328.00000002051263,10425.642502209372,1.3708208011856502,108.0000030053738,137.99999701001067
Random matched local,Group_C5_lucy_50k.ply,256,7,2766,2758,0.021163127968631304,8,7605.40144502624,178.00000267657154,358.99998836115276,7605.40144502624,1.0,142.00000167478026,197.9999986796628
Random matched local,Group_C5_lucy_50k.ply,257,8,2766,2759,0.02117080132902602,7,7605.40144502624,345.0000130155942,318.9999963549702,11224.362475812928,1.4758408950461657,39.00000108527387,321.0000123477334
Random matched local,Group_C5_lucy_50k.ply,258,7,2766,2729,0.02094060051718449,37,7605.40144502624,334.9999876932919,326.0000113485062,13004.602479540612,1.7099166393176164,327.0000056845094,328.99999435651586
Random matched local,Group_C5_lucy_50k.ply,259,8,2766,2740,0.021025007481526387,26,7605.40144502624,166.99999667864435,147.9999950115563,13626.3222733805,1.7916637763141097,176.99999468018999,154.99999634471394
Random matched local,Group_C5_lucy_50k.ply,260,7,2766,2694,0.020672032903369372,72,7605.40144502624,178.00000267657154,358.99998836115276,7605.40144502624,1.0,219.99999701513886,219.00000267913563
Random matched local,Group_C5_lucy_50k.ply,261,8,2766,2763,0.02120149477060489,3,7605.40144502624,178.99999701257477,352.99999502437674,10421.561800743923,1.3702842481193924,161.99999767787153,159.0000010094835
Random matched local,Group_C5_lucy_50k.ply,262,8,2766,2705,0.020756439867711265,61,7605.40144502624,357.99999402514953,183.99999601334758,8494.161377268389,1.1168590427035745,159.0000010094835,137.00000267400745
Random matched local,Group_C5_lucy_50k.ply,263,7,2766,2765,0.021216841491394325,1,7605.40144502624,154.99999634471394,214.00000367836282,13490.64239785691,1.7738238402496798,84.99999667351618,327.0000056845094
Random matched local,Group_C5_lucy_50k.ply,264,9,2766,2732,0.020963620598368645,34,7605.40144502624,166.99999667864435,217.99999468275405,10978.001208344767,1.443447960991478,122.00000567168901,139.99999934239548
Random matched local,Group_C5_lucy_50k.ply,265,7,2766,2752,0.021117087806262997,14,7605.40144502624,356.9999996891463,178.99999701257477,7918.521885044319,1.041170797134299,156.99999867709872,117.0000066709162
Random matched local,Group_C5_lucy_50k.ply,266,7,2766,2753,0.021124761166657714,13,7605.40144502624,356.9999996891463,328.00000002051263,10903.962387526331,1.4337129297306554,134.00000600561944,214.00000367836282
Random matched local,Group_C5_lucy_50k.ply,267,7,2766,2752,0.021117087806262997,14,7605.40144502624,327.0000056845094,345.0000130155942,18887.998643985466,2.483497916646831,62.99999833804013,15.999999876058132
Random matched local,Group_C5_lucy_50k.ply,268,7,2766,2757,0.021155454608236587,9,7605.40144502624,332.9999990212855,24.000000667860846,11353.20308779882,1.492781567135231,95.00000150525098,299.000000351879
Random matched local,Group_C5_lucy_50k.ply,269,9,2766,2731,0.020955947237973924,35,7605.40144502624,327.0000056845094,25.00000012650595,15335.76279632316,2.016430415563718,317.00000768296377,31.999999752116263
Random matched local,Group_C5_lucy_50k.ply,270,7,2766,2742,0.02104035420231582,24,7605.40144502624,169.99999334703236,221.00000501152041,11856.921448195277,1.559013226836229,352.0000006883735,24.000000667860846
Random matched local,Group_C5_lucy_50k.ply,271,7,2766,2705,0.020756439867711265,61,7605.40144502624,178.00000267657154,358.99998836115276,7605.40144502624,1.0,261.99999135370615,113.00000200614662
Random matched local,Group_C5_lucy_50k.ply,272,8,2766,2709,0.020787133309290138,57,7605.40144502624,169.99999334703236,221.00000501152041,11856.921448195277,1.559013226836229,261.99999135370615,173.00000367579872
Random matched local,Group_C5_lucy_50k.ply,273,8,2766,2749,0.021094067725078845,17,7605.40144502624,0.0,178.00000267657154,7849.361285690434,1.0320771812543488,345.0000130155942,173.00000367579872
Random matched local,Group_C5_lucy_50k.ply,274,7,2766,2751,0.02110941444586828,15,7605.40144502624,355.00001101713985,323.00000101973984,10626.001791520552,1.3971651422121465,61.99999717184774,347.0000016876007
Random matched local,Group_C5_lucy_50k.ply,275,8,2766,2724,0.020902233715210904,42,7605.40144502624,347.0000016876007,324.9999896917463,10666.681715279572,1.402513962264982,185.99999834573237,125.99999667608026
Random matched local,Group_C5_lucy_50k.ply,276,9,2766,2707,0.020771786588500703,59,7605.40144502624,151.00000534032267,159.99999534548672,11882.643069117523,1.5623952469844313,3.0000000834826057,156.99999867709872
Random matched local,Group_C5_lucy_50k.ply,277,8,2766,2697,0.020695052984553524,69,7605.40144502624,7.999999938029066,178.99999701257477,9388.761086897417,1.2344859314477679,289.0000023503334,67.00000300280972
Random matched local,Group_C5_lucy_50k.ply,278,7,2766,2725,0.02090990707560562,41,7605.40144502624,178.00000267657154,358.99998836115276,7605.40144502624,1.0,130.99999567685308,240.00000667860846
Random matched local,Group_C5_lucy_50k.ply,279,8,2766,2764,0.021209168130999607,2,7605.40144502624,7.999999938029066,180.00000500895632,9778.962647619326,1.28579177815979,19.99999941818584,197.9999986796628
Random matched local,Group_C5_lucy_50k.ply,280,7,2766,2757,0.021155454608236587,9,7605.40144502624,180.99999934495955,216.0000060107476,9703.721881897982,1.2758987085742852,118.99999534292266,205.0000000128204
Random matched local,Group_C5_lucy_50k.ply,281,7,2766,2764,0.021209168130999607,2,7605.40144502624,178.00000267657154,358.99998836115276,7605.40144502624,1.0,188.00000067811717,235.00000767783564
Random matched local,Group_C5_lucy_50k.ply,282,7,2766,2706,0.020764113228105983,60,7605.40144502624,151.00000534032267,159.99999534548672,11882.643069117523,1.5623952469844313,142.00000167478026,164.00000001025631
Random matched local,Group_C5_lucy_50k.ply,283,8,2766,2761,0.021186148049815456,5,7605.40144502624,331.000010349279,12.999999792575526,13192.042831547004,1.7345623274329982,45.999999003336896,336.0000093500518
Random matched local,Group_C5_lucy_50k.ply,284,7,2766,2752,0.021117087806262997,14,7605.40144502624,0.9999999922536332,328.00000002051263,10425.642502209372,1.3708208011856502,275.99999402002135,106.000000672989
Random matched local,Group_C5_lucy_50k.ply,285,7,2766,2717,0.02084852019244788,49,7605.40144502624,151.00000534032267,166.00000234264112,12242.682709181605,1.6097352385241992,106.000000672989,200.99999534805082
Random matched local,Group_C5_lucy_50k.ply,286,7,2766,2741,0.021032680841921104,25,7605.40144502624,190.99999734650518,0.9999999922536332,10806.401899038268,1.4208851402716434,33.99999866940647,338.9999923580615
Random matched local,Group_C5_lucy_50k.ply,287,7,2766,2746,0.02107104764389469,20,7605.40144502624,341.00000835082466,41.00000000256408,15676.08167317288,2.0611774127222016,350.00001201636707,50.0000002530119
Random matched local,Group_C5_lucy_50k.ply,288,9,2766,2747,0.021078721004289407,19,7605.40144502624,180.99999934495955,216.0000060107476,9703.721881897982,1.2758987085742852,190.99999734650518,224.00000167990842
Random matched local,Group_C5_lucy_50k.ply,289,7,2766,2763,0.02120149477060489,3,7605.40144502624,15.000000417413029,180.99999934495955,10927.641687314372,1.4368264142665081,88.00000017209338,31.999999752116263
Random matched local,Group_C5_lucy_50k.ply,290,7,2766,2753,0.021124761166657714,13,7605.40144502624,190.99999734650518,0.9999999922536332,10806.401899038268,1.4208851402716434,276.9999883560246,183.00000167734436
Random matched local,Group_C5_lucy_50k.ply,291,7,2766,2724,0.020902233715210904,42,7605.40144502624,0.0,178.00000267657154,7849.361285690434,1.0320771812543488,0.9999999922536332,166.00000234264112
Random matched local,Group_C5_lucy_50k.ply,292,10,2766,2731,0.020955947237973924,35,7605.40144502624,342.0000026868279,28.000000209988553,12330.76261094779,1.6213164683123766,19.99999941818584,27.00000075134345
Random matched local,Group_C5_lucy_50k.ply,293,7,2766,2766,0.021224514851789045,0,7605.40144502624,178.00000267657154,358.99998836115276,7605.40144502624,1.0,289.0000023503334,67.00000300280972
Random matched local,Group_C5_lucy_50k.ply,294,7,2766,2710,0.020794806669684855,56,7605.40144502624,144.00000400716507,217.99999468275405,19113.826357628688,2.513190986141658,268.0000120112389,252.99998768816374
Random matched local,Group_C5_lucy_50k.ply,295,7,2766,2729,0.02094060051718449,37,7605.40144502624,31.999999752116263,346.00000735159745,20650.950345126064,2.7153004998350636,309.99999268942787,279.99999868479097
Random matched local,Group_C5_lucy_50k.ply,296,7,2766,2739,0.021017334121131666,27,7605.40144502624,166.99999667864435,217.99999468275405,10978.001208344767,1.443447960991478,65.00000067042492,295.9999900231126
Random matched local,Group_C5_lucy_50k.ply,297,8,2766,2738,0.02100966076073695,28,7605.40144502624,176.00000034418676,4.99999985454646,9044.761500082725,1.1892549743048466,187.00000634211395,231.00000301306605
Random matched local,Group_C5_lucy_50k.ply,298,7,2766,2738,0.02100966076073695,28,7605.40144502624,185.99999834573237,1.9999999845072665,8807.08083633549,1.1580034137573527,204.00000567681718,231.00000301306605
Random matched local,Group_C5_lucy_50k.ply,299,8,2766,2761,0.021186148049815456,5,7605.40144502624,192.99999967889,209.00000467759,12817.237987991208,1.685280925752235,276.9999883560246,183.00000167734436
Random matched local,Group_C5_lucy_50k.ply,300,8,2766,2760,0.02117847468942074,6,7605.40144502624,187.00000634211395,212.99999568198123,11087.042241057088,1.4577852755304275,279.99999868479097,214.99999801436604
Random matched local,Group_C5_lucy_50k.ply,301,7,2766,2733,0.020971293958763362,33,7605.40144502624,337.00000368605504,25.999999585151052,11693.362362128644,1.5375075788768306,207.99999668120842,134.00000600561944
Random matched local,Group_C5_lucy_50k.ply,302,8,2766,2707,0.020771786588500703,59,7605.40144502624,331.000010349279,15.999999876058132,12951.202629026302,1.7028953333549663,115.99999867453464,144.00000400716507
Random matched local,Group_C5_lucy_50k.ply,303,8,2766,2743,0.02104802756271054,23,7605.40144502624,154.99999634471394,214.00000367836282,13490.64239785691,1.7738238402496798,308.0000040174214,24.000000667860846
Random matched local,Group_C5_lucy_50k.ply,304,8,2766,2742,0.02104035420231582,24,7605.40144502624,356.9999996891463,178.99999701257477,7918.521885044319,1.041170797134299,329.9999886925191,337.00000368605504
Random matched local,Group_C5_lucy_50k.ply,305,7,2766,2754,0.02113243452705243,12,7605.40144502624,355.00001101713985,323.00000101973984,10626.001791520552,1.3971651422121465,132.99999800923788,164.00000001025631
Random matched local,Group_C5_lucy_50k.ply,306,7,2766,2733,0.020971293958763362,33,7605.40144502624,357.99999402514953,183.99999601334758,8494.161377268389,1.1168590427035745,284.00000334956053,207.0000023452052
Random matched local,Group_C5_lucy_50k.ply,307,7,2766,2731,0.020955947237973924,35,7605.40144502624,338.9999923580615,28.000000209988553,11797.242913364378,1.551166364936529,139.00000500639226,250.9999990161573
Random matched local,Group_C5_lucy_50k.ply,308,7,2766,2667,0.020464852172711996,99,7605.40144502624,178.00000267657154,358.99998836115276,7605.40144502624,1.0,185.99999834573237,357.99999402514953
Random matched local,Group_C5_lucy_50k.ply,309,7,2766,2726,0.020917580436000338,40,7605.40144502624,180.99999934495955,4.99999985454646,9819.281002706733,1.2910930571756103,48.00000133572169,15.999999876058132
Random matched local,Group_C5_lucy_50k.ply,310,7,2766,2753,0.021124761166657714,13,7605.40144502624,154.99999634471394,214.00000367836282,13490.64239785691,1.7738238402496798,113.00000200614662,114.000003172339
Random matched local,Group_C5_lucy_50k.ply,311,8,2766,2755,0.02114010788744715,11,7605.40144502624,31.999999752116263,346.00000735159745,20650.950345126064,2.7153004998350636,88.00000017209338,308.99999835342464
Random matched local,Group_C5_lucy_50k.ply,312,7,2766,2684,0.020595299299422196,82,7605.40144502624,178.00000267657154,358.99998836115276,7605.40144502624,1.0,251.99999335216052,236.00000201383887
Random matched local,Group_C5_lucy_50k.ply,313,9,2766,2734,0.02097896731915808,32,7605.40144502624,30.99999858592387,352.0000006883735,22373.219166905426,2.94175387435163,260.0000026816997,250.00000468015406
Random matched local,Group_C5_lucy_50k.ply,314,8,2766,2755,0.02114010788744715,11,7605.40144502624,356.9999996891463,178.99999701257477,7918.521885044319,1.041170797134299,357.99999402514953,188.9999950141204
Random matched local,Group_C5_lucy_50k.ply,315,8,2766,2751,0.02110941444586828,15,7605.40144502624,178.00000267657154,358.99998836115276,7605.40144502624,1.0,284.99999768556376,187.00000634211395
Random matched local,Group_C5_lucy_50k.ply,316,7,2766,2722,0.020886886994421466,44,7605.40144502624,130.99999567685308,221.00000501152041,27852.787459192197,3.6622376426174434,207.99999668120842,134.00000600561944
Random matched local,Group_C5_lucy_50k.ply,317,7,2766,2766,0.021224514851789045,0,7605.40144502624,185.99999834573237,1.9999999845072665,8807.08083633549,1.1580034137573527,178.00000267657154,207.0000023452052
Random matched local,Group_C5_lucy_50k.ply,318,7,2766,2736,0.020994314039947514,30,7605.40144502624,0.0,178.00000267657154,7849.361285690434,1.0320771812543488,229.00000068068124,185.00000400972914
Random matched local,Group_C5_lucy_50k.ply,319,7,2766,2745,0.021063374283499973,21,7605.40144502624,178.00000267657154,358.99998836115276,7605.40144502624,1.0,266.999990354479,180.00000500895632
Random matched local,Group_C5_lucy_50k.ply,320,8,2766,2761,0.021186148049815456,5,7605.40144502624,156.0000043410955,154.99999634471394,11370.802713819772,1.4950956627353338,61.000002835844505,328.99999435651586
Random matched local,Group_C5_lucy_50k.ply,321,7,2766,2670,0.020487872253896148,96,7605.40144502624,178.99999701257477,226.99999834829646,15089.795609151037,1.9840892973531885,347.9999960236039,54.999999253784715
Random matched local,Group_C5_lucy_50k.ply,322,9,2766,2765,0.021216841491394325,1,7605.40144502624,156.0000043410955,154.99999634471394,11370.802713819772,1.4950956627353338,185.99999834573237,125.99999667608026
Random matched local,Group_C5_lucy_50k.ply,323,8,2766,2724,0.020902233715210904,42,7605.40144502624,135.00000034162267,146.00000633954986,25795.926732465254,3.3917902846976213,239.00001234260523,200.99999534805082
Random matched local,Group_C5_lucy_50k.ply,324,8,2766,2749,0.021094067725078845,17,7605.40144502624,0.0,178.00000267657154,7849.361285690434,1.0320771812543488,31.999999752116263,6.000000166965211
Random matched local,Group_C5_lucy_50k.ply,325,7,2766,2706,0.020764113228105983,60,7605.40144502624,176.00000034418676,9.000000250447817,10780.962045527687,1.417540168452014,92.99999917286618,204.00000567681718
Random matched local,Group_C5_lucy_50k.ply,326,7,2766,2726,0.020917580436000338,40,7605.40144502624,180.99999934495955,216.0000060107476,9703.721881897982,1.2758987085742852,341.00000835082466,308.99999835342464
Random matched local,Group_C5_lucy_50k.ply,327,7,2766,2746,0.02107104764389469,20,7605.40144502624,178.00000267657154,358.99998836115276,7605.40144502624,1.0,255.9999980169301,197.00000434365958
Random matched local,Group_C5_lucy_50k.ply,328,7,2766,2754,0.02113243452705243,12,7605.40144502624,137.00000267400745,219.00000267913563,24089.488116177647,3.1674183526408886,66.00000183661733,357.99999402514953
Random matched local,Group_C5_lucy_50k.ply,329,7,2766,2764,0.021209168130999607,2,7605.40144502624,322.0000066837366,313.99999735419743,21202.88935574618,2.787872475766863,185.99999834573237,127.99999900846505
Random matched local,Group_C5_lucy_50k.ply,330,8,2766,2761,0.021186148049815456,5,7605.40144502624,192.00000534288677,6.000000166965211,11195.08132461674,1.4719908482856048,6.000000166965211,294.00000135110616
Random matched local,Group_C5_lucy_50k.ply,331,7,2766,2733,0.020971293958763362,33,7605.40144502624,332.9999990212855,24.000000667860846,11353.20308779882,1.492781567135231,274.0000053480149,350.00001201636707
Random matched local,Group_C5_lucy_50k.ply,332,7,2766,2746,0.02107104764389469,20,7605.40144502624,356.9999996891463,178.99999701257477,7918.521885044319,1.041170797134299,178.99999701257477,135.9999946776259
Random matched local,Group_C5_lucy_50k.ply,333,7,2766,2731,0.020955947237973924,35,7605.40144502624,178.99999701257477,352.99999502437674,10421.561800743923,1.3702842481193924,112.00000083995421,235.00000767783564
Random matched local,Group_C5_lucy_50k.ply,334,8,2766,2710,0.020794806669684855,56,7605.40144502624,0.9999999922536332,328.00000002051263,10425.642502209372,1.3708208011856502,231.00000301306605,195.00000201127477
Random matched local,Group_C5_lucy_50k.ply,335,10,2766,2766,0.021224514851789045,0,7605.40144502624,356.9999996891463,178.99999701257477,7918.521885044319,1.041170797134299,86.99999900590097,342.0000026868279
Random matched local,Group_C5_lucy_50k.ply,336,7,2766,2673,0.020510892335080303,93,7605.40144502624,190.99999734650518,0.9999999922536332,10806.401899038268,1.4208851402716434,293.00000701510294,341.00000835082466
Random matched local,Group_C5_lucy_50k.ply,337,8,2766,2743,0.02104802756271054,23,7605.40144502624,168.0000046750259,209.99999901359323,11600.322959836849,1.5252742466899227,188.00000067811717,235.00000767783564
Random matched local,Group_C5_lucy_50k.ply,338,7,2766,2759,0.02117080132902602,7,7605.40144502624,192.99999967889,1.9999999845072665,11158.28112137219,1.4671521552185063,54.999999253784715,11.000000021511672
Random matched local,Group_C5_lucy_50k.ply,339,9,2766,2761,0.021186148049815456,5,7605.40144502624,168.99999901102913,3.999999969014533,17968.522615669186,2.3626001527401543,271.9999893552518,190.00000301050196
Random matched local,Group_C5_lucy_50k.ply,340,7,2766,2715,0.020833173471658445,51,7605.40144502624,7.999999938029066,178.99999701257477,9388.761086897417,1.2344859314477679,67.99999733881295,321.0000123477334
Random matched local,Group_C5_lucy_50k.ply,341,7,2766,2713,0.020817826750869007,53,7605.40144502624,151.00000534032267,159.99999534548672,11882.643069117523,1.5623952469844313,22.000000043023345,292.0000126790997
Random matched local,Group_C5_lucy_50k.ply,342,8,2766,2726,0.020917580436000338,40,7605.40144502624,156.0000043410955,154.99999634471394,11370.802713819772,1.4950956627353338,159.0000010094835,149.0000030079379
Random matched local,Group_C5_lucy_50k.ply,343,7,2766,2752,0.021117087806262997,14,7605.40144502624,156.0000043410955,154.99999634471394,11370.802713819772,1.4950956627353338,161.0000033418683,156.99999867709872
Random matched local,Group_C5_lucy_50k.ply,344,8,2766,2757,0.021155454608236587,9,7605.40144502624,0.0,178.00000267657154,7849.361285690434,1.0320771812543488,313.99999735419743,12.000000333930423
Random matched local,Group_C5_lucy_50k.ply,345,8,2766,2745,0.021063374283499973,21,7605.40144502624,327.0000056845094,25.00000012650595,15335.76279632316,2.016430415563718,281.9999873567974,310.9999870254311
Random matched local,Group_C5_lucy_50k.ply,346,7,2766,2740,0.021025007481526387,26,7605.40144502624,356.9999996891463,178.99999701257477,7918.521885044319,1.041170797134299,316.00001334696054,44.00000008604669
Random matched local,Group_C5_lucy_50k.ply,347,7,2766,2720,0.02087154027363203,46,7605.40144502624,190.99999734650518,0.9999999922536332,10806.401899038268,1.4208851402716434,303.9999993526518,28.99999966863366
Random matched local,Group_C5_lucy_50k.ply,348,7,2766,2705,0.020756439867711265,61,7605.40144502624,0.9999999922536332,328.00000002051263,10425.642502209372,1.3708208011856502,352.0000006883735,324.9999896917463
Random matched local,Group_C5_lucy_50k.ply,349,8,2766,2761,0.021186148049815456,5,7605.40144502624,187.00000634211395,212.99999568198123,11087.042241057088,1.4577852755304275,358.99998836115276,61.99999717184774
Random matched local,Group_C5_lucy_50k.ply,350,8,2766,2704,0.020748766507316548,62,7605.40144502624,178.00000267657154,358.99998836115276,7605.40144502624,1.0,224.99999601591168,176.00000034418676
Random matched local,Group_C5_lucy_50k.ply,351,7,2766,2763,0.02120149477060489,3,7605.40144502624,0.0,178.00000267657154,7849.361285690434,1.0320771812543488,356.0000053531431,173.00000367579872
Random matched local,Group_C5_lucy_50k.ply,352,9,2766,2757,0.021155454608236587,9,7605.40144502624,322.0000066837366,313.99999735419743,21202.88935574618,2.787872475766863,168.99999901102913,98.9999993398314
Random matched local,Group_C5_lucy_50k.ply,353,9,2766,2761,0.021186148049815456,5,7605.40144502624,178.00000267657154,358.99998836115276,7605.40144502624,1.0,180.99999934495955,338.9999923580615
Random matched local,Group_C5_lucy_50k.ply,354,7,2766,2716,0.020840846832053162,50,7605.40144502624,318.9999963549702,314.99999169020066,22849.882929778298,3.004428246811561,127.00000467246183,173.00000367579872
Random matched local,Group_C5_lucy_50k.ply,355,8,2766,2688,0.020625992741001065,78,7605.40144502624,356.9999996891463,178.99999701257477,7918.521885044319,1.041170797134299,357.99999402514953,188.9999950141204
Random matched local,Group_C5_lucy_50k.ply,356,8,2766,2695,0.02067970626376409,71,7605.40144502624,0.0,178.00000267657154,7849.361285690434,1.0320771812543488,36.99999875288908,39.00000108527387
Random matched local,Group_C5_lucy_50k.ply,357,8,2766,2743,0.02104802756271054,23,7605.40144502624,347.0000016876007,324.9999896917463,10666.681715279572,1.402513962264982,342.9999970228311,318.9999963549702
Random matched local,Group_C5_lucy_50k.ply,358,8,2766,2745,0.021063374283499973,21,7605.40144502624,0.9999999922536332,180.99999934495955,8092.281246973464,1.0640176334499254,161.99999767787153,159.0000010094835
Random matched local,Group_C5_lucy_50k.ply,359,7,2766,2711,0.020802480030079572,55,7605.40144502624,0.9999999922536332,328.00000002051263,10425.642502209372,1.3708208011856502,154.0000020087107,171.00000134341394
Random matched local,Group_C5_lucy_50k.ply,360,9,2766,2743,0.02104802756271054,23,7605.40144502624,19.99999941818584,176.00000034418676,11309.481849355147,1.4870328583051051,85.99999783970858,307.0000096814182
Random matched local,Group_C5_lucy_50k.ply,361,10,2766,2762,0.021193821410210173,4,7605.40144502624,7.999999938029066,180.00000500895632,9778.962647619326,1.28579177815979,16.999999334703237,190.00000301050196
Random matched local,Group_C5_lucy_50k.ply,362,7,2766,2766,0.021224514851789045,0,7605.40144502624,187.00000634211395,347.9999960236039,13240.52258956531,1.740936712581334,125.00000234007703,139.00000500639226
Random matched local,Group_C5_lucy_50k.ply,363,7,2766,2725,0.02090990707560562,41,7605.40144502624,338.9999923580615,30.000000834826057,12605.52228974902,1.6574433816367111,161.99999767787153,176.00000034418676
Random matched local,Group_C5_lucy_50k.ply,364,7,2766,2680,0.020564605857843324,86,7605.40144502624,0.0,178.00000267657154,7849.361285690434,1.0320771812543488,100.0000005060238,345.0000130155942
Random matched local,Group_C5_lucy_50k.ply,365,7,2766,2738,0.02100966076073695,28,7605.40144502624,16.999999334703237,171.00000134341394,11589.681806643148,1.5238750893580426,317.00000768296377,31.999999752116263
Random matched local,Group_C5_lucy_50k.ply,366,7,2766,2731,0.020955947237973924,35,7605.40144502624,154.99999634471394,214.00000367836282,13490.64239785691,1.7738238402496798,37.999999919081475,303.9999993526518
Random matched local,Group_C5_lucy_50k.ply,367,9,2766,2741,0.021032680841921104,25,7605.40144502624,24.000000667860846,339.9999866940647,15631.06686615747,2.055258618383627,205.99999434882363,142.00000167478026
Random matched local,Group_C5_lucy_50k.ply,368,8,2766,2741,0.021032680841921104,25,7605.40144502624,187.00000634211395,212.99999568198123,11087.042241057088,1.4577852755304275,28.99999966863366,175.00000600818353
Random matched local,Group_C5_lucy_50k.ply,369,8,2766,2746,0.02107104764389469,20,7605.40144502624,146.00000633954986,217.00000034675082,18044.030370791097,2.372528327560077,31.999999752116263,6.000000166965211
Random matched local,Group_C5_lucy_50k.ply,370,7,2766,2748,0.021086394364684125,18,7605.40144502624,0.9999999922536332,328.00000002051263,10425.642502209372,1.3708208011856502,37.999999919081475,358.99998836115276
Random matched local,Group_C5_lucy_50k.ply,371,7,2766,2746,0.02107104764389469,20,7605.40144502624,180.99999934495955,216.0000060107476,9703.721881897982,1.2758987085742852,178.00000267657154,207.0000023452052
Random matched local,Group_C5_lucy_50k.ply,372,7,2766,2681,0.020572279218238045,85,7605.40144502624,355.00001101713985,323.00000101973984,10626.001791520552,1.3971651422121465,207.99999668120842,3.999999969014533
Random matched local,Group_C5_lucy_50k.ply,373,7,2766,2761,0.021186148049815456,5,7605.40144502624,161.0000033418683,154.99999634471394,14850.663744713649,1.952646924959582,323.00000101973984,54.0000015026869
Random matched local,Group_C5_lucy_50k.ply,374,7,2766,2671,0.020495545614290865,95,7605.40144502624,341.00000835082466,41.00000000256408,15676.08167317288,2.0611774127222016,102.00000283840859,188.9999950141204
Random matched local,Group_C5_lucy_50k.ply,375,8,2766,2744,0.021055700923105256,22,7605.40144502624,149.99999734394112,214.99999801436604,16593.35577783506,2.1817856555996444,236.00000201383887,128.9999933444683
Random matched local,Group_C5_lucy_50k.ply,376,9,2766,2690,0.020641339461790503,76,7605.40144502624,313.99999735419743,36.00000100179127,24793.44557139499,3.2599785495359144,303.9999993526518,28.99999966863366
Random matched local,Group_C5_lucy_50k.ply,377,9,2766,2746,0.02107104764389469,20,7605.40144502624,178.00000267657154,358.99998836115276,7605.40144502624,1.0,313.0000030181942,57.0000015861695
Random matched local,Group_C5_lucy_50k.ply,378,7,2766,2722,0.020886886994421466,44,7605.40144502624,15.999999876058132,332.9999990212855,13089.753379506514,1.7211127478440884,261.99999135370615,173.00000367579872
Random matched local,Group_C5_lucy_50k.ply,379,8,2766,2736,0.020994314039947514,30,7605.40144502624,327.0000056845094,345.0000130155942,18887.998643985466,2.483497916646831,84.00000233751295,51.999999170302104
Random matched local,Group_C5_lucy_50k.ply,380,7,2766,2747,0.021078721004289407,19,7605.40144502624,270.00000068324533,190.99999734650518,35316.96776713221,4.643669111014344,30.000000834826057,48.00000133572169
Random matched local,Group_C5_lucy_50k.ply,381,8,2766,2739,0.021017334121131666,27,7605.40144502624,16.999999334703237,171.00000134341394,11589.681806643148,1.5238750893580426,84.99999667351618,19.99999941818584
Random matched local,Group_C5_lucy_50k.ply,382,7,2766,2724,0.020902233715210904,42,7605.40144502624,190.99999734650518,0.9999999922536332,10806.401899038268,1.4208851402716434,60.000001669652114,7.000000052497138
Random matched local,Group_C5_lucy_50k.ply,383,7,2766,2766,0.021224514851789045,0,7605.40144502624,169.99999334703236,221.00000501152041,11856.921448195277,1.559013226836229,161.99999767787153,231.00000301306605
Random matched local,Group_C5_lucy_50k.ply,384,7,2766,2739,0.021017334121131666,27,7605.40144502624,0.0,180.00000500895632,7954.8413103277035,1.0459462748715243,151.9999996763259,222.99999368352687
Random matched local,Group_C5_lucy_50k.ply,385,7,2766,2754,0.02113243452705243,12,7605.40144502624,192.00000534288677,6.000000166965211,11195.08132461674,1.4719908482856048,259.0000083456965,185.00000400972914
Random matched local,Group_C5_lucy_50k.ply,386,7,2766,2751,0.02110941444586828,15,7605.40144502624,347.0000016876007,324.9999896917463,10666.681715279572,1.402513962264982,97.999998173639,197.00000434365958
Random matched local,Group_C5_lucy_50k.ply,387,8,2766,2766,0.021224514851789045,0,7605.40144502624,187.00000634211395,212.99999568198123,11087.042241057088,1.4577852755304275,159.0000010094835,7.999999938029066
Random matched local,Group_C5_lucy_50k.ply,388,7,2766,2758,0.021163127968631304,8,7605.40144502624,164.00000001025631,140.9999936783987,13962.603797597334,1.8358799201491933,83.00000117132056,47.000000169529294
Random matched local,Group_C5_lucy_50k.ply,389,7,2766,2747,0.021078721004289407,19,7605.40144502624,18.999999959540737,183.99999601334758,15164.842290326584,1.9939568476354455,41.00000000256408,41.00000000256408
Random matched local,Group_C5_lucy_50k.ply,390,8,2766,2761,0.021186148049815456,5,7605.40144502624,0.0,178.00000267657154,7849.361285690434,1.0320771812543488,100.0000005060238,324.9999896917463
Random matched local,Group_C5_lucy_50k.ply,391,7,2766,2765,0.021216841491394325,1,7605.40144502624,347.0000016876007,324.9999896917463,10666.681715279572,1.402513962264982,219.99999701513886,219.00000267913563
Random matched local,Group_C5_lucy_50k.ply,392,7,2766,2706,0.020764113228105983,60,7605.40144502624,166.99999667864435,217.99999468275405,10978.001208344767,1.443447960991478,108.0000030053738,137.99999701001067
Random matched local,Group_C5_lucy_50k.ply,393,7,2766,2760,0.02117847468942074,6,7605.40144502624,158.00000667348027,205.0000000128204,14366.962692954323,1.889047251062597,77.00000100435535,15.000000417413029
Random matched local,Group_C5_lucy_50k.ply,394,7,2766,2763,0.02120149477060489,3,7605.40144502624,357.99999402514953,183.99999601334758,8494.161377268389,1.1168590427035745,62.99999833804013,15.999999876058132
Random matched local,Group_C5_lucy_50k.ply,395,8,2766,2732,0.020963620598368645,34,7605.40144502624,156.0000043410955,154.99999634471394,11370.802713819772,1.4950956627353338,279.99999868479097,214.99999801436604
Random matched local,Group_C5_lucy_50k.ply,396,8,2766,2763,0.02120149477060489,3,7605.40144502624,164.00000001025631,144.9999983431683,12678.402514497111,1.6670260743157086,219.00000267913563,151.00000534032267
Random matched local,Group_C5_lucy_50k.ply,397,9,2766,2762,0.021193821410210173,4,7605.40144502624,355.00001101713985,323.00000101973984,10626.001791520552,1.3971651422121465,308.99999835342464,318.9999963549702
Random matched local,Group_C5_lucy_50k.ply,398,7,2766,2756,0.021147781247841866,10,7605.40144502624,356.9999996891463,178.99999701257477,7918.521885044319,1.041170797134299,224.99999601591168,246.99999435138773
Random matched local,Group_C5_lucy_50k.ply,399,7,2766,2752,0.021117087806262997,14,7605.40144502624,156.0000043410955,154.99999634471394,11370.802713819772,1.4950956627353338,173.99999801180195,120.00000333930423
Random matched local,Group_C5_lucy_50k.ply,400,7,2766,2759,0.02117080132902602,7,7605.40144502624,336.0000093500518,28.99999966863366,11787.721933412158,1.5499144941416683,6.000000166965211,294.00000135110616
Random matched local,Group_C5_lucy_50k.ply,401,8,2766,2724,0.020902233715210904,42,7605.40144502624,156.0000043410955,154.99999634471394,11370.802713819772,1.4950956627353338,317.00000768296377,347.0000016876007
Random matched local,Group_C5_lucy_50k.ply,402,7,2766,2712,0.02081015339047429,54,7605.40144502624,323.99999535574307,22.000000043023345,17262.515942912458,2.269770513455506,228.000006344678,154.0000020087107
Random matched local,Group_C5_lucy_50k.ply,403,8,2766,2740,0.021025007481526387,26,7605.40144502624,6.000000166965211,328.99999435651586,11614.957131630134,1.5271984280627358,318.000002018967,62.99999833804013
Random matched local,Group_C5_lucy_50k.ply,404,7,2766,2709,0.020787133309290138,57,7605.40144502624,337.99999802205826,313.0000030181942,15560.435854699,2.045971664635162,222.99999368352687,199.00000667604436
Random matched local,Group_C5_lucy_50k.ply,405,7,2766,2713,0.020817826750869007,53,7605.40144502624,178.00000267657154,358.99998836115276,7605.40144502624,1.0,259.0000083456965,192.99999967889
Random matched local,Group_C5_lucy_50k.ply,406,7,2766,2760,0.02117847468942074,6,7605.40144502624,169.99999334703236,221.00000501152041,11856.921448195277,1.559013226836229,139.99999934239548,222.99999368352687
Random matched local,Group_C5_lucy_50k.ply,407,7,2766,2714,0.020825500111263724,52,7605.40144502624,0.9999999922536332,176.00000034418676,7967.601137712967,1.0476240071355598,298.0000060158758,12.000000333930423
Random matched local,Group_C5_lucy_50k.ply,408,7,2766,2751,0.02110941444586828,15,7605.40144502624,192.99999967889,209.00000467759,12817.237987991208,1.685280925752235,239.00001234260523,154.99999634471394
Random matched local,Group_C5_lucy_50k.ply,409,7,2766,2710,0.020794806669684855,56,7605.40144502624,185.99999834573237,1.9999999845072665,8807.08083633549,1.1580034137573527,7.999999938029066,42.00000116875648
Random matched local,Group_C5_lucy_50k.ply,410,7,2766,2731,0.020955947237973924,35,7605.40144502624,166.99999667864435,217.99999468275405,10978.001208344767,1.443447960991478,158.00000667348027,222.99999368352687
Random matched local,Group_C5_lucy_50k.ply,411,8,2766,2754,0.02113243452705243,12,7605.40144502624,342.0000026868279,28.000000209988553,12330.76261094779,1.6213164683123766,338.9999923580615,39.99999883637168
Random matched local,Group_C5_lucy_50k.ply,412,8,2766,2764,0.021209168130999607,2,7605.40144502624,192.99999967889,1.9999999845072665,11158.28112137219,1.4671521552185063,202.00000334443237,358.99998836115276
Random matched local,Group_C5_lucy_50k.ply,413,8,2766,2764,0.021209168130999607,2,7605.40144502624,178.00000267657154,358.99998836115276,7605.40144502624,1.0,317.00000768296377,31.999999752116263
Random matched local,Group_C5_lucy_50k.ply,414,7,2766,2762,0.021193821410210173,4,7605.40144502624,0.0,180.00000500895632,7954.8413103277035,1.0459462748715243,357.99999402514953,310.9999870254311
Random matched local,Group_C5_lucy_50k.ply,415,8,2766,2737,0.02100198740034223,29,7605.40144502624,332.9999990212855,24.000000667860846,11353.20308779882,1.492781567135231,242.99998968661814,147.00000067555308
Random matched local,Group_C5_lucy_50k.ply,416,7,2766,2726,0.020917580436000338,40,7605.40144502624,0.9999999922536332,328.00000002051263,10425.642502209372,1.3708208011856502,338.9999923580615,39.99999883637168
Random matched local,Group_C5_lucy_50k.ply,417,8,2766,2723,0.020894560354816186,43,7605.40144502624,328.99999435651586,3.999999969014533,16173.348939123232,2.1265608470543307,117.0000066709162,231.00000301306605
Random matched local,Group_C5_lucy_50k.ply,418,7,2766,2753,0.021124761166657714,13,7605.40144502624,154.99999634471394,214.00000367836282,13490.64239785691,1.7738238402496798,16.999999334703237,61.99999717184774
Random matched local,Group_C5_lucy_50k.ply,419,7,2766,2714,0.020825500111263724,52,7605.40144502624,7.999999938029066,178.99999701257477,9388.761086897417,1.2344859314477679,19.99999941818584,163.0000056742531
Random matched local,Group_C5_lucy_50k.ply,420,7,2766,2747,0.021078721004289407,19,7605.40144502624,144.9999983431683,212.99999568198123,19002.82970144729,2.4985965354760737,83.00000117132056,27.00000075134345
Random matched local,Group_C5_lucy_50k.ply,421,8,2766,2752,0.021117087806262997,14,7605.40144502624,156.0000043410955,154.99999634471394,11370.802713819772,1.4950956627353338,152.99999401232913,159.99999534548672
Random matched local,Group_C5_lucy_50k.ply,422,8,2766,2720,0.02087154027363203,46,7605.40144502624,161.0000033418683,154.99999634471394,14850.663744713649,1.952646924959582,68.99999850500534,22.000000043023345
Random matched local,Group_C5_lucy_50k.ply,423,7,2766,2758,0.021163127968631304,8,7605.40144502624,15.000000417413029,180.99999934495955,10927.641687314372,1.4368264142665081,151.00000534032267,154.0000020087107
Random matched local,Group_C5_lucy_50k.ply,424,10,2766,2748,0.021086394364684125,18,7605.40144502624,3.999999969014533,178.00000267657154,8744.160991069699,1.1497303665394523,309.99999268942787,352.0000006883735
Random matched local,Group_C5_lucy_50k.ply,425,7,2766,2762,0.021193821410210173,4,7605.40144502624,156.0000043410955,154.99999634471394,11370.802713819772,1.4950956627353338,168.99999901102913,140.9999936783987
Random matched local,Group_C5_lucy_50k.ply,426,8,2766,2736,0.020994314039947514,30,7605.40144502624,154.0000020087107,161.0000033418683,12090.642590168094,1.5897441676895439,154.0000020087107,171.00000134341394
Random matched local,Group_C5_lucy_50k.ply,427,8,2766,2738,0.02100966076073695,28,7605.40144502624,0.0,178.00000267657154,7849.361285690434,1.0320771812543488,7.999999938029066,190.00000301050196
Random matched local,Group_C5_lucy_50k.ply,428,9,2766,2733,0.020971293958763362,33,7605.40144502624,139.99999934239548,230.00000867706282,24745.074185458096,3.2536184137447224,130.99999567685308,240.00000667860846
Random matched local,Group_C5_lucy_50k.ply,429,9,2766,2763,0.02120149477060489,3,7605.40144502624,0.0,178.00000267657154,7849.361285690434,1.0320771812543488,252.99998768816374,146.00000633954986
Random matched local,Group_C5_lucy_50k.ply,430,8,2766,2765,0.021216841491394325,1,7605.40144502624,178.99999701257477,352.99999502437674,10421.561800743923,1.3702842481193924,219.99999701513886,219.00000267913563
Random matched local,Group_C5_lucy_50k.ply,431,7,2766,2752,0.021117087806262997,14,7605.40144502624,328.00000002051263,18.000000500895634,14054.24322963746,1.8479291765497292,266.999990354479,180.00000500895632
Random matched local,Group_C5_lucy_50k.ply,432,8,2766,2739,0.021017334121131666,27,7605.40144502624,0.9999999922536332,328.00000002051263,10425.642502209372,1.3708208011856502,16.999999334703237,61.99999717184774
Random matched local,Group_C5_lucy_50k.ply,433,7,2766,2730,0.020948273877579207,36,7605.40144502624,178.00000267657154,358.99998836115276,7605.40144502624,1.0,250.00000468015406,130.00000134084985
Random matched local,Group_C5_lucy_50k.ply,434,8,2766,2758,0.021163127968631304,8,7605.40144502624,192.99999967889,209.00000467759,12817.237987991208,1.685280925752235,279.99999868479097,214.99999801436604
Random matched local,Group_C5_lucy_50k.ply,435,8,2766,2737,0.02100198740034223,29,7605.40144502624,204.00000567681718,200.99999534805082,15194.556929848412,1.9978638918245804,236.9999963498421,147.00000067555308
Random matched local,Group_C5_lucy_50k.ply,436,7,2766,2710,0.020794806669684855,56,7605.40144502624,180.99999934495955,216.0000060107476,9703.721881897982,1.2758987085742852,202.9999976804356,339.9999866940647
Random matched local,Group_C5_lucy_50k.ply,437,8,2766,2711,0.020802480030079572,55,7605.40144502624,356.9999996891463,328.00000002051263,10903.962387526331,1.4337129297306554,260.0000026816997,224.99999601591168
Random matched local,Group_C5_lucy_50k.ply,438,8,2766,2750,0.021101741085473563,16,7605.40144502624,356.9999996891463,178.99999701257477,7918.521885044319,1.041170797134299,346.00000735159745,332.00000468528225
Random matched local,Group_C5_lucy_50k.ply,439,7,2766,2724,0.020902233715210904,42,7605.40144502624,332.9999990212855,24.000000667860846,11353.20308779882,1.492781567135231,30.000000834826057,28.99999966863366
Random matched local,Group_C5_lucy_50k.ply,440,8,2766,2762,0.021193821410210173,4,7605.40144502624,7.999999938029066,180.99999934495955,10335.561657740065,1.3589764764487597,50.0000002530119,56.000000419977106
Random matched local,Group_C5_lucy_50k.ply,441,7,2766,2766,0.021224514851789045,0,7605.40144502624,332.9999990212855,24.000000667860846,11353.20308779882,1.492781567135231,95.00000150525098,299.000000351879
Random matched local,Group_C5_lucy_50k.ply,442,7,2766,2758,0.021163127968631304,8,7605.40144502624,192.99999967889,209.00000467759,12817.237987991208,1.685280925752235,199.00000667604436,217.00000034675082
Random matched local,Group_C5_lucy_50k.ply,443,8,2766,2754,0.02113243452705243,12,7605.40144502624,7.999999938029066,178.99999701257477,9388.761086897417,1.2344859314477679,342.0000026868279,15.000000417413029
Random matched local,Group_C5_lucy_50k.ply,444,7,2766,2678,0.02054925913705389,88,7605.40144502624,0.9999999922536332,328.00000002051263,10425.642502209372,1.3708208011856502,351.0000063523703,318.000002018967
Random matched local,Group_C5_lucy_50k.ply,445,9,2766,2724,0.020902233715210904,42,7605.40144502624,199.00000667604436,205.0000000128204,13313.8353174383,1.750576273149295,108.99999734137702,247.99998868739095
Random matched local,Group_C5_lucy_50k.ply,446,7,2766,2694,0.020672032903369372,72,7605.40144502624,0.0,178.00000267657154,7849.361285690434,1.0320771812543488,0.0,176.00000034418676
Random matched local,Group_C5_lucy_50k.ply,447,7,2766,2715,0.020833173471658445,51,7605.40144502624,192.99999967889,1.9999999845072665,11158.28112137219,1.4671521552185063,86.99999900590097,342.0000026868279
Random matched local,Group_C5_lucy_50k.ply,448,7,2766,2759,0.02117080132902602,7,7605.40144502624,351.0000063523703,33.000000918308665,15324.243829270039,2.014915838438975,85.99999783970858,14.000000104994276
Random matched local,Group_C5_lucy_50k.ply,449,8,2766,2754,0.02113243452705243,12,7605.40144502624,0.9999999922536332,176.00000034418676,7967.601137712967,1.0476240071355598,15.999999876058132,34.99999983559887
Random matched local,Group_C5_lucy_50k.ply,450,7,2766,2766,0.021224514851789045,0,7605.40144502624,212.99999568198123,192.00000534288677,21310.108752290078,2.801970271566191,65.00000067042492,39.99999883637168
Random matched local,Group_C5_lucy_50k.ply,451,7,2766,2760,0.02117847468942074,6,7605.40144502624,347.0000016876007,324.9999896917463,10666.681715279572,1.402513962264982,288.00000801433015,209.99999901359323
Random matched local,Group_C5_lucy_50k.ply,452,7,2766,2764,0.021209168130999607,2,7605.40144502624,176.00000034418676,9.000000250447817,10780.962045527687,1.417540168452014,19.99999941818584,163.0000056742531
Random matched local,Group_C5_lucy_50k.ply,453,7,2766,2750,0.021101741085473563,16,7605.40144502624,0.0,180.00000500895632,7954.8413103277035,1.0459462748715243,318.000002018967,62.99999833804013
Random matched local,Group_C5_lucy_50k.ply,454,8,2766,2704,0.020748766507316548,62,7605.40144502624,0.9999999922536332,328.00000002051263,10425.642502209372,1.3708208011856502,102.00000283840859,188.9999950141204
Random matched local,Group_C5_lucy_50k.ply,455,7,2766,2681,0.020572279218238045,85,7605.40144502624,3.0000000834826057,168.0000046750259,12520.562518726696,1.6462724037946557,234.0000133418324,137.00000267400745
Random matched local,Group_C5_lucy_50k.ply,456,10,2766,2766,0.021224514851789045,0,7605.40144502624,178.00000267657154,358.99998836115276,7605.40144502624,1.0,90.99999684048139,22.000000043023345
Random matched local,Group_C5_lucy_50k.ply,457,7,2766,2766,0.021224514851789045,0,7605.40144502624,178.00000267657154,358.99998836115276,7605.40144502624,1.0,54.999999253784715,45.00000125223908
Random matched local,Group_C5_lucy_50k.ply,458,7,2766,2736,0.020994314039947514,30,7605.40144502624,192.99999967889,1.9999999845072665,11158.28112137219,1.4671521552185063,241.00000101461168,175.00000600818353
Random matched local,Group_C5_lucy_50k.ply,459,7,2766,2663,0.020434158731133124,103,7605.40144502624,342.0000026868279,28.000000209988553,12330.76261094779,1.6213164683123766,156.99999867709872,117.0000066709162
Random matched local,Group_C5_lucy_50k.ply,460,7,2766,2730,0.020948273877579207,36,7605.40144502624,266.999990354479,176.99999468018999,36504.71395697475,4.799840510831681,285.999992021567,47.000000169529294
Random matched local,Group_C5_lucy_50k.ply,461,8,2766,2756,0.021147781247841866,10,7605.40144502624,178.99999701257477,352.99999502437674,10421.561800743923,1.3702842481193924,261.99999135370615,113.00000200614662
Random matched local,Group_C5_lucy_50k.ply,462,7,2766,2677,0.020541585776659172,89,7605.40144502624,357.99999402514953,0.0,14308.698906386195,1.8813864080434253,115.00000433853141,185.99999834573237
Random matched local,Group_C5_lucy_50k.ply,463,9,2766,2755,0.02114010788744715,11,7605.40144502624,0.9999999922536332,180.99999934495955,8092.281246973464,1.0640176334499254,61.000002835844505,328.99999435651586
Random matched local,Group_C5_lucy_50k.ply,464,7,2766,2745,0.021063374283499973,21,7605.40144502624,187.00000634211395,347.9999960236039,13240.52258956531,1.740936712581334,89.00000133828577,339.9999866940647
Random matched local,Group_C5_lucy_50k.ply,465,9,2766,2750,0.021101741085473563,16,7605.40144502624,146.00000633954986,217.00000034675082,18044.030370791097,2.372528327560077,112.00000083995421,212.000001345978
Random matched local,Group_C5_lucy_50k.ply,466,8,2766,2707,0.020771786588500703,59,7605.40144502624,164.00000001025631,144.9999983431683,12678.402514497111,1.6670260743157086,59.00000050345972,63.99999950423253
Random matched local,Group_C5_lucy_50k.ply,467,7,2766,2731,0.020955947237973924,35,7605.40144502624,334.9999876932919,326.0000113485062,13004.602479540612,1.7099166393176164,327.0000056845094,328.99999435651586
Random matched local,Group_C5_lucy_50k.ply,468,7,2766,2759,0.02117080132902602,7,7605.40144502624,19.99999941818584,176.00000034418676,11309.481849355147,1.4870328583051051,289.9999966863366,37.999999919081475
Random matched local,Group_C5_lucy_50k.ply,469,7,2766,2749,0.021094067725078845,17,7605.40144502624,178.00000267657154,358.99998836115276,7605.40144502624,1.0,232.9999916850725,264.0000073464693
Random matched local,Group_C5_lucy_50k.ply,470,7,2766,2715,0.020833173471658445,51,7605.40144502624,356.9999996891463,328.00000002051263,10903.962387526331,1.4337129297306554,347.9999960236039,336.0000093500518
Random matched local,Group_C5_lucy_50k.ply,471,7,2766,2755,0.02114010788744715,11,7605.40144502624,151.00000534032267,166.00000234264112,12242.682709181605,1.6097352385241992,149.0000030079379,180.00000500895632
Random matched local,Group_C5_lucy_50k.ply,472,7,2766,2752,0.021117087806262997,14,7605.40144502624,343.99999135883434,328.00000002051263,12048.081918196245,1.5841480565204638,202.9999976804356,209.00000467759
Random matched local,Group_C5_lucy_50k.ply,473,7,2766,2714,0.020825500111263724,52,7605.40144502624,156.99999867709872,135.9999946776259,17188.868246787835,2.2600869094200102,294.00000135110616,79.99999767274336
Random matched local,Group_C5_lucy_50k.ply,474,7,2766,2766,0.021224514851789045,0,7605.40144502624,176.00000034418676,4.99999985454646,9044.761500082725,1.1892549743048466,185.00000400972914,14.000000104994276
Random matched local,Group_C5_lucy_50k.ply,475,7,2766,2738,0.02100966076073695,28,7605.40144502624,332.9999990212855,25.00000012650595,12633.041902021929,1.6610618115738849,36.99999875288908,39.00000108527387
Random matched local,Group_C5_lucy_50k.ply,476,7,2766,2675,0.020526239055869738,91,7605.40144502624,347.0000016876007,324.9999896917463,10666.681715279572,1.402513962264982,342.9999970228311,318.9999963549702
Random matched local,Group_C5_lucy_50k.ply,477,8,2766,2725,0.02090990707560562,41,7605.40144502624,3.999999969014533,178.00000267657154,8744.160991069699,1.1497303665394523,214.00000367836282,244.00001134337802
Random matched local,Group_C5_lucy_50k.ply,478,8,2766,2736,0.020994314039947514,30,7605.40144502624,151.00000534032267,159.99999534548672,11882.643069117523,1.5623952469844313,159.0000010094835,168.0000046750259
Random matched local,Group_C5_lucy_50k.ply,479,7,2766,2745,0.021063374283499973,21,7605.40144502624,156.0000043410955,154.99999634471394,11370.802713819772,1.4950956627353338,221.99999934752364,197.00000434365958
Random matched local,Group_C5_lucy_50k.ply,480,7,2766,2761,0.021186148049815456,5,7605.40144502624,0.0,178.00000267657154,7849.361285690434,1.0320771812543488,45.999999003336896,336.0000093500518
Random matched local,Group_C5_lucy_50k.ply,481,7,2766,2724,0.020902233715210904,42,7605.40144502624,7.999999938029066,190.00000301050196,13205.722343823141,1.7363609849233381,281.9999873567974,310.9999870254311
Random matched local,Group_C5_lucy_50k.ply,482,7,2766,2763,0.02120149477060489,3,7605.40144502624,3.0000000834826057,323.99999535574307,11464.082505092148,1.5073606025871782,185.99999834573237,127.99999900846505
Random matched local,Group_C5_lucy_50k.ply,483,9,2766,2749,0.021094067725078845,17,7605.40144502624,142.00000167478026,123.99999434369548,27997.67305043118,3.681287996801408,135.00000034162267,114.000003172339
Random matched local,Group_C5_lucy_50k.ply,484,7,2766,2759,0.02117080132902602,7,7605.40144502624,347.0000016876007,324.9999896917463,10666.681715279572,1.402513962264982,209.99999901359323,159.99999534548672
Random matched local,Group_C5_lucy_50k.ply,485,7,2766,2679,0.020556932497448607,87,7605.40144502624,180.99999934495955,216.0000060107476,9703.721881897982,1.2758987085742852,178.00000267657154,207.0000023452052
Random matched local,Group_C5_lucy_50k.ply,486,8,2766,2738,0.02100966076073695,28,7605.40144502624,178.00000267657154,358.99998836115276,7605.40144502624,1.0,171.99999567941717,0.9999999922536332
Random matched local,Group_C5_lucy_50k.ply,487,8,2766,2713,0.020817826750869007,53,7605.40144502624,154.99999634471394,202.9999976804356,15548.521822149103,2.0444051421266503,74.99999867197056,57.99999933726732
Random matched local,Group_C5_lucy_50k.ply,488,9,2766,2713,0.020817826750869007,53,7605.40144502624,350.00001201636707,318.9999963549702,11737.642209391948,1.5433297366660506,236.00000201383887,255.00000368092688
Random matched local,Group_C5_lucy_50k.ply,489,7,2766,2745,0.021063374283499973,21,7605.40144502624,154.0000020087107,161.0000033418683,12090.642590168094,1.5897441676895439,217.99999468275405,169.99999334703236
Random matched local,Group_C5_lucy_50k.ply,490,7,2766,2743,0.02104802756271054,23,7605.40144502624,347.0000016876007,324.9999896917463,10666.681715279572,1.402513962264982,139.99999934239548,256.99999235293336
Random matched local,Group_C5_lucy_50k.ply,491,7,2766,2734,0.02097896731915808,32,7605.40144502624,151.9999996763259,166.00000234264112,14847.307165792166,1.952205583506965,276.9999883560246,183.00000167734436
Random matched local,Group_C5_lucy_50k.ply,492,8,2766,2748,0.021086394364684125,18,7605.40144502624,178.00000267657154,358.99998836115276,7605.40144502624,1.0,183.99999601334758,355.00001101713985
Random matched local,Group_C5_lucy_50k.ply,493,7,2766,2730,0.020948273877579207,36,7605.40144502624,178.00000267657154,358.99998836115276,7605.40144502624,1.0,44.00000008604669,75.99999983816295
Random matched local,Group_C5_lucy_50k.ply,494,7,2766,2729,0.02094060051718449,37,7605.40144502624,0.9999999922536332,328.00000002051263,10425.642502209372,1.3708208011856502,137.00000267400745,212.99999568198123
Random matched local,Group_C5_lucy_50k.ply,495,7,2766,2759,0.02117080132902602,7,7605.40144502624,156.0000043410955,154.99999634471394,11370.802713819772,1.4950956627353338,47.000000169529294,36.99999875288908
Random matched local,Group_C5_lucy_50k.ply,496,7,2766,2731,0.020955947237973924,35,7605.40144502624,192.99999967889,209.00000467759,12817.237987991208,1.685280925752235,75.99999983816295,327.0000056845094
Random matched local,Group_C5_lucy_50k.ply,497,7,2766,2725,0.02090990707560562,41,7605.40144502624,154.99999634471394,202.9999976804356,15548.521822149103,2.0444051421266503,51.999999170302104,33.99999866940647
Random matched local,Group_C5_lucy_50k.ply,498,9,2766,2766,0.021224514851789045,0,7605.40144502624,142.9999960107835,147.9999950115563,18239.11193973762,2.398178724893685,134.00000600561944,139.99999934239548
Random matched local,Group_C5_lucy_50k.ply,499,7,2766,2754,0.02113243452705243,12,7605.40144502624,142.9999960107835,147.9999950115563,18239.11193973762,2.398178724893685,94.00000033905859,332.00000468528225
